"time","js.latency","js.accuracy","js.throughput","jet.latency","jet.accuracy","jet.throughput","aws.latency","aws.throughput","aws.accuracy","tcp.latency","tcp.throughput","tcp.accuracy"
5,44.4157,0.805755396,16.51835733,37.4615,0.805755396,13.75496267,26.5333333333333,0.311936,0.7071,76.5,12.086936,0.9725
6,44.2889,0.923076923,13.954288,38.9432,0.923076923,14.95758133,21.0333333333333,0.49516,0.6809,45.2446666666667,12.2225573333333,0.975
7,46.0667,0.932038835,15.05978667,41.2333,0.932038835,13.797752,35.2343333333333,1.019184,0.9195,43.625,13.4002986666667,0.963
8,44.2088,0.934782609,14.18187467,40.8202,0.934782609,13.47004267,38.1846666666667,2.15693866666667,0.6458,44.6546666666667,13.7743573333333,0.8658
9,43.8444,0.911564626,13.35437067,40.0333,0.911564626,12.351128,37.3336666666667,4.45821333333333,0.4895,46.589,15.909344,0.8321
10,43.3111,0.908450704,12.24037067,39.0333,0.908450704,10.73664267,35.8776666666667,5.311544,0.8945,46.7653333333333,14.85464,0.9262
11,43.4333,0.85106383,10.76213333,39.5281,0.85106383,12.02168267,37.789,12.48924,0.9288,45.5343333333333,15.1080506666667,0.9308
12,43.0333,0.910638298,12.18180267,39.0778,0.910638298,11.12535467,38.1183333333333,13.7162746666667,0.9293,45.5666666666667,14.1753306666667,0.9293
13,42.9667,0.960960961,11.19865333,38.6629,0.960960961,11.506744,38.1,13.267032,0.9167,43.883,13.6440586666667,0.9153
14,43.2,0.979228487,11.44888267,38.5111,0.979228487,10.64799467,37.9553333333333,12.4472613333333,0.9084,43.9043333333333,12.7864213333333,0.9044
15,42.4333,0.974729242,10.888872,39.3523,0.974729242,10.82685333,37.6266666666667,11.0811466666667,0.8609,42.8553333333333,11.1958106666667,0.869
16,42.9889,0.901234568,10.95139733,38.1778,0.901234568,13.057856,36.911,11.7127013333333,0.9061,42.1,11.3731493333333,0.9061
17,43.9222,0.90212766,13.33198667,40.0667,0.90212766,15.65169333,37.5823333333333,11.755824,0.9628,42.7933333333333,11.929288,0.9628
18,45.7444,0.948571429,16.02162133,42.5281,0.948571429,13.05600267,37.006,11.1514906666667,0.9846,42.3173333333333,11.3387466666667,0.9846
19,43.7978,0.917431193,12.50531733,40.0111,0.917431193,13.24745867,36.9556666666667,10.678088,0.9619,42.402,10.914384,0.9619
20,43,0.926108374,13.512896,39.8778,0.926108374,13.27989867,37.686,11.9668933333333,0.9223,41.8776666666667,11.705248,0.9223
21,45.2778,0.928104575,13.186984,41.4831,0.928104575,11.87004,38.4426666666667,14.445992,0.9065,44.178,13.5024453333333,0.9065
22,43.3407,0.913207547,11.83680267,38.7556,0.913207547,10.78546933,38.6556666666667,15.7554453333333,0.943,45.8,15.116392,0.943
23,42.7,0.828947368,10.800992,37.7528,0.828947368,11.201768,37.466,12.6149066666667,0.9146,45.0063333333333,13.6116933333333,0.9146
24,43.4111,0.819047619,11.52198667,39.2222,0.819047619,14.03600267,38.5776666666667,13.851976,0.9292,45.008,13.525728,0.9302
25,44.5169,0.961832061,14.33171467,40.9551,0.961832061,15.51580267,37.9153333333333,12.709832,0.9268,45.167,13.109184,0.9262
26,46.1556,0.873015873,15.61763733,41.8778,0.873015873,15.939848,37.1,11.201872,0.8992,43.6646666666667,11.7920453333333,0.8981
27,46.0889,0.931506849,16.40567467,42.2584,0.931506849,13.978672,36.789,10.636376,0.8438,42.288,10.8437333333333,0.843
28,43.8889,0.743801653,13.127744,40.4556,0.743801653,13.31866133,37.769,13.2118853333333,0.8305,42.8,12.2855386666667,0.8305
29,43.9333,0.896551724,13.547616,40.3778,0.896551724,11.87258667,39.4313333333333,15.3103466666667,0.9343,45.122,14.3926773333333,0.9343
30,43.0333,0.922155689,11.84238133,39.0674,0.922155689,10.42987733,39.4593333333333,15.778592,0.871,46.5573333333333,15.6377573333333,0.8667
31,43.5217,0.921212121,10.17893067,38.3708,0.921212121,9.048546667,38.922,15.998104,0.922,47.1126666666667,16.1924853333333,0.9241
32,42.3034,0.978947368,9.031938667,37.3556,0.978947368,10.68212533,37.681,12.8358453333333,0.7826,45.3333333333333,13.7798906666667,0.7826
33,43.6923,0.933333333,11.53529867,39.1348,0.933333333,12.33869067,37.384,12.7694906666667,0.9449,43.5663333333333,12.6845386666667,0.9412
34,43.2247,0.923076923,12.39430933,38.9667,0.923076923,14.92286133,37.665,11.84988,0.8816,43.4943333333333,12.4140506666667,0.8875
35,45.4667,0.93989071,15.31664,41.6222,0.93989071,13.58328533,36.4946666666667,9.193848,0.9362,41.9,9.82692266666667,0.9341
36,43.6111,0.981818182,13.23622133,39.8764,0.981818182,13.49571467,36.716,9.643864,0.9773,40.5556666666667,9.41645333333333,0.978
37,43.9326,0.933333333,13.52502667,40.5333,0.933333333,13.363008,37.2113333333333,12.00716,0.9343,41.8633333333333,11.3803946666667,0.9343
38,44.5333,0.944444444,13.523968,40.3933,0.944444444,14.86244,38.3213333333333,14.6570533333333,0.9348,44.2646666666667,13.8333653333333,0.9348
39,45.6667,0.867256637,15.34859467,41.6222,0.867256637,15.61707467,38.122,14.4023866666667,0.9479,45.6776666666667,14.3924106666667,0.9479
40,45.4333,0.845238095,15.68505067,41.9438,0.845238095,14.93499467,37.8666666666667,13.5120826666667,0.9851,45.0686666666667,13.9791253333333,0.9854
41,46.2967,0.875502008,14.95860267,43.2955,0.875502008,14.25066667,37.741,13.4325493333333,0.9197,44.5863333333333,13.57332,0.9173
42,44.4556,0.951008646,14.09062667,41.3187,0.951008646,12.62211467,38.1743333333333,14.4804453333333,0.907,44.8113333333333,13.75616,0.907
43,43.6333,0.96875,12.4026,40.7528,0.96875,12.446512,38.889,16.329784,0.8485,46.4333333333333,15.5926053333333,0.8485
44,43.6629,0.971608833,12.725456,40.809,0.971608833,13.035344,39.7173333333333,15.8864746666667,0.8306,48.233,16.1371306666667,0.8306
45,43.7889,0.958448754,12.97836533,40.6111,0.958448754,12.719032,41.0056666666667,14.3508693333333,0.9177,46.743,15.028088,0.9177
46,43.9111,0.926267281,12.967736,40.9438,0.926267281,14.01831467,39.3,12.8819226666667,0.9658,44.281,13.4647413333333,0.9658
47,44.6444,0.919282511,14.39754133,41.7778,0.919282511,14.024312,38.2196666666667,12.441552,0.9675,43.2903333333333,12.629984,0.9697
48,43.8333,0.96373057,13.845848,41.4444,0.96373057,14.11570133,38.0356666666667,13.9777226666667,0.9811,43.974,13.2879413333333,0.9787
49,44.8222,0.902723735,14.41353867,41.8202,0.902723735,13.47304267,37.3043333333333,12.4554133333333,0.9442,43.6836666666667,12.8599306666667,0.9442
50,43.7143,0.930875576,13.33164,41.1461,0.930875576,14.33174133,38.3,14.439736,0.9133,44.2886666666667,13.6948533333333,0.9133
51,46.2222,0.916408669,14.727208,42.4505,0.916408669,15.10249333,38.411,14.09,0.9459,45.2033333333333,14.542208,0.9459
52,45.2308,0.901840491,15.351048,41.6333,0.901840491,14.41720267,38.0943333333333,14.0983493333333,0.9235,44.7333333333333,13.8634773333333,0.9245
53,45.1348,0.909090909,14.534448,40.8182,0.909090909,13.523048,37.946,13.5068453333333,0.9259,44.676,13.864008,0.9244
54,43.6889,0.892561984,12.853832,40.1,0.892561984,11.81442933,39.284,14.1781813333333,0.9247,45.829,14.1144026666667,0.9247
55,42.9663,0.915384615,11.427392,38.0787,0.915384615,10.67229333,39.2183333333333,16.0892693333333,0.9053,46.2113333333333,15.1547386666667,0.9053
56,42.3667,0.818181818,10.25816267,38.7222,0.818181818,11.27989333,38.1556666666667,14.1993706666667,0.9213,45.8556666666667,14.71112,0.9213
57,43.6556,0.881118881,11.964312,39.1011,0.881118881,14.39459733,38.0996666666667,14.189624,0.8746,44.9556666666667,14.162352,0.878
58,45.8556,0.919786096,15.54564533,41.3556,0.919786096,14.41898667,37.4296666666667,12.089672,0.9167,44.043,13.0741786666667,0.9117
59,44.3,0.941176471,14.14796533,40.6292,0.941176471,12.76537333,36.6333333333333,10.444976,0.8795,42.3846666666667,11.0683866666667,0.8795
60,42.6333,0.933333333,12.00230667,39.1,0.933333333,12.13018133,36.9856666666667,11.31708,0.8516,42.0526666666667,11.0599306666667,0.8514
61,44.764,0.970238095,12.32327467,41.3483,0.970238095,12.208488,38.507,15.55728,0.9222,44.1316666666667,13.9412026666667,0.9195
62,44.1429,0.975,12.44389333,41.8652,0.975,13.05398667,38.2616666666667,14.196248,0.9282,45.5666666666667,14.435976,0.931
63,43.7444,0.962121212,13.39480533,41.1556,0.962121212,13.24512,37.6113333333333,12.928176,0.9392,44.2333333333333,13.2606373333333,0.9343
64,44.3708,0.88209607,13.24969867,41.0899,0.88209607,15.60677333,37.7223333333333,12.245896,0.9479,44.864,12.8334506666667,0.9499
65,46.7253,0.805755396,16.83526933,42.5667,0.805755396,14.79504267,37.247,12.5508,0.9728,43.9033333333333,12.3638373333333,0.972
66,44.4607,0.923076923,13.83506933,41.8556,0.923076923,14.65812533,37.675,12.9351253333333,0.973,43.7076666666667,12.961832,0.9745
67,45.0667,0.932038835,15.00564533,42.6292,0.932038835,14.17052,38.0886666666667,13.7986746666667,0.9322,43.866,13.4969066666667,0.9298
68,44.8222,0.934782609,13.96689067,41.4222,0.934782609,13.590296,38.699,16.678672,0.7933,46.1886666666667,15.441232,0.7955
69,44.3187,0.911564626,13.55281867,40.9778,0.911564626,12.723808,38.5113333333333,14.4540853333333,0.9162,46.778,15.1476346666667,0.9121
70,42.7,0.908450704,12.28204,40.1667,0.908450704,11.38962667,38.511,14.6852826666667,0.9247,45.6606666666667,14.8328693333333,0.9241
71,43.6556,0.85106383,10.762632,39.3778,0.85106383,11.66074133,37.8996666666667,14.34876,0.9296,45.3346666666667,14.365408,0.9302
72,43.4556,0.910638298,12.13998133,38.5444,0.910638298,11.485816,38.233,13.602368,0.9222,44.8656666666667,13.9465786666667,0.9222
73,42.9667,0.960960961,11.22851733,38,0.960960961,11.23586667,39.3556666666667,12.4981013333333,0.9104,43.8053333333333,13.0144933333333,0.9104
74,42.967,0.979228487,11.57102133,38.3258,0.979228487,11.11167733,38.0966666666667,11.1400106666667,0.8889,43.5543333333333,11.497176,0.8889
75,43.1778,0.974729242,10.84093067,38.2556,0.974729242,10.87386133,37.34,12.217952,0.9023,42.3463333333333,11.7628986666667,0.9023
76,43.4556,0.901234568,11.06756267,38.1461,0.901234568,12.40005333,37.1666666666667,11.2625733333333,0.9453,42.6656666666667,11.647056,0.9444
77,44.3333,0.90212766,13.252448,39.3778,0.90212766,14.927048,37.2783333333333,11.6313546666667,0.9697,42.2346666666667,11.693976,0.9714
78,46.0899,0.948571429,15.904904,41.4667,0.948571429,13.717608,36.909,11.0377573333333,0.9774,42.2223333333333,11.1068,0.9774
79,44.0989,0.917431193,12.81597333,40.0667,0.917431193,13.17786933,37.69,10.94356,0.9412,41.7336666666667,10.7899306666667,0.9383
80,43.6222,0.926108374,13.33731733,39.7079,0.926108374,13.26490933,37.7,13.2120426666667,0.8873,42.5886666666667,12.3893013333333,0.8926
81,45.4045,0.928104575,13.02237867,41.5444,0.928104575,12.13924,38.7823333333333,16.6129013333333,0.9567,45.8473333333333,15.3740986666667,0.9524
82,44.3297,0.913207547,11.903912,39.7528,0.913207547,11.23973867,37.8446666666667,12.6143893333333,0.9142,45.6203333333333,14.033424,0.9142
83,42.7667,0.828947368,10.76905067,37.8889,0.828947368,11.330112,37.8763333333333,13.5467413333333,0.9237,43.707,13.476176,0.9237
84,43.5169,0.819047619,11.389632,38.4889,0.819047619,13.22771733,37.4776666666667,13.069904,0.9369,44.8593333333333,13.2277626666667,0.9369
85,44.4333,0.961832061,14.47618933,40.3333,0.961832061,15.09755733,37.229,11.9455626666667,0.9242,44.6106666666667,12.472,0.9231
86,45.6111,0.873015873,15.53519733,41.2778,0.873015873,16.017808,37.1033333333333,10.9610213333333,0.8432,42.443,11.2782133333333,0.8409
87,46.8222,0.931506849,16.47113867,42.1333,0.931506849,13.90880533,38.409,11.815552,0.7925,42.613,11.536208,0.7925
88,44.022,0.743801653,13.258456,39.9775,0.743801653,13.906432,40.8526666666667,14.738072,0.9457,44.111,13.5108186666667,0.944
89,43.5667,0.896551724,13.521928,40.0333,0.896551724,12.39655733,39.3483333333333,15.922544,0.8788,46.2163333333333,15.4436453333333,0.8824
90,42.5444,0.922155689,11.883752,38.6,0.922155689,10.636432,39.164,16.2663013333333,0.9275,47.1553333333333,16.186136,0.9296
91,43.7889,0.921212121,9.965528,38.4333,0.921212121,9.664816,38.015,13.169416,0.7717,45.6443333333333,14.0976373333333,0.7642
92,41.8,0.978947368,9.074088,37.1573,0.978947368,10.56316,40.0966666666667,13.669168,0.8966,44.3653333333333,13.7830426666667,0.8966
93,43.6154,0.933333333,11.55581067,38.8556,0.933333333,11.67397867,39.128,11.8801386666667,0.9167,43.3503333333333,12.3429973333333,0.9146
94,43.3483,0.923076923,12.426456,39.1011,0.923076923,14.147232,37.441,9.818448,0.9212,42.559,10.5963306666667,0.9231
95,45.7253,0.93989071,15.43173333,40.9778,0.93989071,13.721624,36.4666666666667,9.30538133333333,0.9741,40.9423333333333,9.6118,0.9746
96,43.8444,0.981818182,13.183056,39.5667,0.981818182,13.87106933,37.0086666666667,11.7357653333333,0.9359,41.4256666666667,10.9416586666667,0.9342
97,44.1685,0.933333333,13.57751467,40.5667,0.933333333,13.44198133,38.0076666666667,12.8656293333333,0.9211,43.122,12.5135706666667,0.9211
98,44.2198,0.944444444,13.72450667,39.8652,0.944444444,14.43177067,38.43,16.000128,0.9418,44.9443333333333,14.589472,0.9392
99,45.8901,0.867256637,15.53324267,41.3483,0.867256637,14.98238133,37.8916666666667,12.9139386666667,0.9813,45.6443333333333,13.9356693333333,0.982
100,45.2889,0.845238095,15.68652,41.1124,0.845238095,15.34457333,38.0276666666667,13.7857973333333,0.9357,44.668,13.703968,0.9357
101,46.3409,0.875502008,14.47200533,42.6444,0.875502008,14.63505333,37.8353333333333,13.9071386666667,0.9474,45.2206666666667,13.7760186666667,0.9444
102,44.5275,0.951008646,14.14342933,42.1778,0.951008646,12.99983733,38.764,15.59392,0.8624,45.7223333333333,15.0150053333333,0.8673
103,43.3444,0.96875,12.46221067,40.4,0.96875,12.766232,38.511,15.5505653333333,0.8452,46.551,15.7897013333333,0.8506
104,43.8,0.971608833,12.877976,40.7753,0.971608833,12.705976,39.7313333333333,15.3104986666667,0.8812,47.3903333333333,15.3948906666667,0.8784
105,43.4944,0.958448754,12.83362667,40.0667,0.958448754,13.173488,37.5183333333333,14.0211813333333,0.9516,46.0326666666667,14.2563866666667,0.9516
106,43.8111,0.926267281,12.91538133,40.8352,0.926267281,13.87403467,37.4223333333333,12.070384,0.968,43.6666666666667,12.7361786666667,0.9695
107,44.9011,0.919282511,14.60201067,41.0889,0.919282511,13.51842933,38.1226666666667,13.266592,0.9721,43.5216666666667,12.9273493333333,0.9711
108,44.4667,0.96373057,13.88064533,41.3182,0.96373057,14.41453867,37.4463333333333,12.9686346666667,0.9568,44.1986666666667,13.0656693333333,0.9568
109,44.4157,0.902723735,14.18448267,41.9556,0.902723735,13.31790667,37.1,13.2743066666667,0.9144,43.9446666666667,13.1252213333333,0.9144
110,43.6556,0.930875576,13.181624,41.2778,0.930875576,14.44052267,37.6313333333333,14.8084986666667,0.9339,44.903,14.5714826666667,0.9339
111,46.1778,0.916408669,14.74956267,42.5843,0.916408669,14.454528,37.114,14.1958213333333,0.9468,45.0443333333333,14.07236,0.9468
112,44.8889,0.901840491,15.19873867,41.1573,0.901840491,14.867352,37.511,14.194872,0.915,44.8536666666667,14.256928,0.9127
113,44.9889,0.909090909,14.646672,40.9,0.909090909,13.17713333,38.422,13.7448266666667,0.9395,45.423,13.9651813333333,0.9429
114,43.3333,0.892561984,12.88100267,39.5618,0.892561984,12.638464,38.7526666666667,15.5044826666667,0.9111,46.0763333333333,14.61736,0.9111
115,43.1556,0.915384615,11.546352,38.0444,0.915384615,10.81544267,37.4,14.2888533333333,0.899,45.4753333333333,14.901568,0.901
116,43.0337,0.818181818,10.144376,37.9888,0.818181818,11.65164533,37.4886666666667,14.94324,0.9187,45.6223333333333,14.767792,0.9161
117,44.1099,0.881118881,12.15098133,38.8202,0.881118881,13.76571467,36.6733333333333,12.516104,0.8827,44.1463333333333,13.4261306666667,0.8825
118,45.7865,0.919786096,15.39738133,40.9222,0.919786096,13.61118933,36.589,10.942928,0.9153,42.572,11.5010906666667,0.9136
119,44.9,0.941176471,14.06053867,40.2584,0.941176471,13.21027733,38.322,10.389752,0.8369,41.8666666666667,10.4589013333333,0.8358
120,43.2667,0.933333333,12.10942667,39.3222,0.933333333,12.79034667,37.9716666666667,14.14984,0.8774,42.984,12.9338026666667,0.8774
121,45.2333,0.970238095,12.405056,40.8539,0.970238095,12.050896,38.1546666666667,15.3336293333333,0.9222,45.3333333333333,14.65228,0.9222
122,43.6778,0.975,12.33504,38.5889,0.975,12.77771467,37.0556666666667,13.790272,0.9585,45.356,14.384872,0.9585
123,43.9333,0.962121212,13.3446,40.7159,0.962121212,13.10036,38.3146666666667,12.0616426666667,0.9299,44.9366666666667,12.870344,0.9305
124,44.5778,0.88209607,13.48192533,39.7,0.88209607,15.45826667,36.2063333333333,12.4229973333333,0.9762,43.6173333333333,12.1647226666667,0.9741
125,46.9889,0.805755396,16.61438667,42.1011,0.805755396,13.675248,36.822,12.6568,0.9701,43.1366666666667,12.6356933333333,0.9679
126,44.0667,0.923076923,14.03996267,40.0787,0.923076923,15.59419467,36.9,13.4086346666667,0.9664,43.7726666666667,13.1726826666667,0.9694
127,45.5444,0.932038835,14.97117867,41.7,0.932038835,13.68421067,37.822,15.269752,0.821,45.3333333333333,14.5658106666667,0.821
128,44.2556,0.934782609,13.93085867,40.8652,0.934782609,13.98867733,37.5086666666667,15.8501573333333,0.8871,46.818,15.7718986666667,0.8871
129,43.8111,0.911564626,13.44744267,39.8222,0.911564626,12.83903467,37.036,13.9845226666667,0.9164,45.8813333333333,14.593464,0.9164
130,43.1111,0.908450704,12.24737867,39,0.908450704,11.72376267,37.5426666666667,15.2174266666667,0.9506,45.67,14.868504,0.9506
131,43.9556,0.85106383,10.83941067,39.2,0.85106383,12.03092533,36.8096666666667,13.4214693333333,0.9227,45.1333333333333,13.8303706666667,0.9227
132,43.4889,0.910638298,12.00306133,38.4111,0.910638298,11.160424,37.5586666666667,13.549216,0.8945,44.1,13.5158613333333,0.8945
133,42.7444,0.960960961,11.31023467,38.4,0.960960961,11.66187733,38.3556666666667,11.319296,0.9205,43.8323333333333,12.2848,0.9205
134,42.9556,0.979228487,11.44480533,38.0889,0.979228487,10.803296,37.0636666666667,11.6275733333333,0.8795,42.3333333333333,11.3494453333333,0.8795
135,42.8889,0.974729242,10.833648,37.6629,0.974729242,11.059552,36.2666666666667,11.5141066666667,0.9173,42.498,11.59832,0.9176
136,43.0562,0.901234568,10.846712,38.1348,0.901234568,12.44837333,38.3006666666667,11.66996,0.9677,42.6113333333333,11.74768,0.9694
137,44.1667,0.90212766,13.32410933,39.2921,0.90212766,14.21603733,37.216,11.349584,0.9821,42.1886666666667,11.310808,0.9821
138,46.1,0.948571429,15.93164533,41.4222,0.948571429,12.87061067,38.0536666666667,10.7072293333333,0.9606,42.174,10.9864506666667,0.9606
139,44.0111,0.917431193,12.747152,39.3111,0.917431193,14.168048,38.3896666666667,12.084504,0.9091,42.089,11.572528,0.9091
140,43.4667,0.926108374,13.38358933,40.0556,0.926108374,13.06731733,37.9516666666667,15.6549653333333,0.919,44.789,14.5327226666667,0.919
141,45.5667,0.928104575,13.17285333,41.0111,0.928104575,12.483664,38.0473333333333,14.07996,0.925,45.761,14.649744,0.9259
142,43.4022,0.913207547,12.061672,38.5165,0.913207547,11.591328,37.7293333333333,13.067872,0.9333,44.5,13.338552,0.9324
143,43.4944,0.828947368,10.704296,38.2111,0.828947368,11.61672267,38.1973333333333,13.7886933333333,0.9318,45.155,13.7697706666667,0.9309
144,43.3407,0.819047619,11.54485333,38.5,0.819047619,13.34379467,37.5233333333333,12.5961013333333,0.932,44.8886666666667,12.8214213333333,0.9329
145,45,0.961832061,14.360992,40.3556,0.961832061,13.91117333,38.0443333333333,11.076192,0.8559,42.7886666666667,11.5087573333333,0.8559
146,45.4778,0.873015873,15.52716,41.0787,0.873015873,15.77940533,38.44,10.683568,0.8333,42.1666666666667,10.7425573333333,0.8333
147,45.9222,0.931506849,16.41043467,41.7778,0.931506849,13.87354133,37.6013333333333,14.299336,0.8906,43.444,12.9485706666667,0.8943
148,43.8444,0.743801653,13.23505333,39.9333,0.743801653,14.354472,37.7266666666667,15.1110053333333,0.9323,45.8003333333333,14.7747146666667,0.9275
149,44.3111,0.896551724,13.44192,40.3556,0.896551724,12.15492533,37.8223333333333,15.9154533333333,0.8667,46.6723333333333,15.861376,0.8667
150,42.618,0.922155689,11.812544,39.046,0.922155689,11.32467467,37.9546666666667,15.15104,0.8552,46.72,15.5240853333333,0.8552
151,43.0549,0.921212121,10.12058133,38.8913,0.921212121,10.084448,38.3323333333333,13.4966826666667,0.8372,44.887,14.0336853333333,0.8372
152,42.967,0.978947368,9.162517333,36.9333,0.978947368,10.968272,36.678,12.0735946666667,0.9371,43.522,12.4936346666667,0.9371
153,43.3667,0.933333333,11.41192267,38.6629,0.933333333,11.57192267,37.9246666666667,11.2502213333333,0.8889,43.301,11.6917973333333,0.8889
154,43.1333,0.923076923,12.59758133,39.1319,0.923076923,13.80863467,37.611,8.919504,0.963,41.4333333333333,9.56796533333333,0.963
155,45.4222,0.93989071,15.17576533,41.4889,0.93989071,12.87427733,38.3373333333333,10.8341866666667,0.9545,40.8333333333333,10.0633093333333,0.9545
156,43.4333,0.981818182,13.22852,39.4,0.981818182,13.94177067,37.0646666666667,12.3087706666667,0.9365,42.5123333333333,11.782704,0.9344
157,44.2584,0.933333333,13.55800533,40.3146,0.933333333,13.51215467,37.2353333333333,14.983344,0.9418,44.5556666666667,14.2448506666667,0.943
158,44.5714,0.944444444,13.74299467,40.0112,0.944444444,15.15600267,36.9776666666667,13.7408266666667,0.9561,45.2193333333333,14.2549066666667,0.9528
159,45.3667,0.867256637,15.37760533,41.7065,0.867256637,14.61289867,38.9046666666667,13.8860773333333,0.9588,44.6443333333333,13.6443653333333,0.9626
160,45.3371,0.845238095,15.47339733,41.1818,0.845238095,14.810344,37.0653333333333,13.7964,0.9423,44.389,13.753448,0.9423
161,46.0667,0.875502008,14.85624,42.3111,0.875502008,14.934896,37.432,14.8657413333333,0.8913,45.111,14.293608,0.8966
162,44.044,0.951008646,14.19445333,40.6087,0.951008646,13.26327467,37.678,15.8923626666667,0.8696,46.2396666666667,15.6927093333333,0.8662
163,43.4615,0.96875,12.62419733,39.3222,0.96875,13.356472,37.781,15.073304,0.8241,47.4993333333333,15.6216346666667,0.8269
164,43.8111,0.971608833,12.855872,39.8333,0.971608833,12.93017867,36.9356666666667,14.760608,0.9429,46.2666666666667,14.4785093333333,0.9408
165,43.9111,0.958448754,13.044064,39.8556,0.958448754,12.65735733,36.846,12.562144,0.9663,44.5533333333333,13.4305866666667,0.9677
166,44.3034,0.926267281,12.72285333,39.2022,0.926267281,14.23970667,36.9493333333333,12.77856,0.9587,43.503,12.9237573333333,0.9587
167,44.9111,0.919282511,14.47736,40.4505,0.919282511,13.13349867,36.7333333333333,13.422536,0.9645,43.6576666666667,13.2299706666667,0.9645
168,44.1319,0.96373057,14.00233333,39.4091,0.96373057,14.47264,36.8556666666667,12.6042533333333,0.9409,43.7223333333333,12.7976346666667,0.9409
169,44.9438,0.902723735,14.13705067,40.6813,0.902723735,13.39892,37.4286666666667,14.6672293333333,0.9158,44.4923333333333,14.0259066666667,0.9158
170,44.5556,0.930875576,13.51553333,40,0.930875576,14.38591733,37.8136666666667,14.3221546666667,0.9561,45.094,14.2226933333333,0.9561
171,46.1099,0.916408669,14.69825067,41.6889,0.916408669,14.474936,37.159,14.4361146666667,0.9156,44.967,14.1795866666667,0.92
172,45.0889,0.901840491,15.13296533,41.3222,0.901840491,14.45071733,36.8513333333333,13.157872,0.9353,44.6413333333333,13.7635653333333,0.9282
173,45.2778,0.909090909,14.609552,41.2222,0.909090909,14.03035733,38.803,14.8659706666667,0.9148,45.735,14.4128026666667,0.9148
174,43.5889,0.892561984,12.85014933,39.8571,0.892561984,12.29795467,37.534,15.7281813333333,0.908,46.367,15.238544,0.9085
175,43.2333,0.915384615,11.49438133,38.2667,0.915384615,11.45302133,37.654,14.4124266666667,0.9084,45.9953333333333,14.96496,0.9077
176,42.8111,0.818181818,10.32357867,38.4778,0.818181818,12.102976,36.9756666666667,13.0725173333333,0.8967,44.8713333333333,13.5951306666667,0.8967
177,44.1667,0.881118881,12.19709067,39.0449,0.881118881,13.71791467,36.9763333333333,11.8532453333333,0.901,43.227,12.431512,0.901
178,45.5556,0.919786096,15.44837333,41.0222,0.919786096,13.05991467,37.6666666666667,10.3040853333333,0.8611,42.1426666666667,10.907616,0.8649
179,44.2778,0.941176471,14.02623733,41.1778,0.941176471,13.462592,37.6813333333333,12.1198773333333,0.8533,42.0723333333333,11.1527226666667,0.8429
180,43.8876,0.933333333,12.27704533,41.4222,0.933333333,12.18894133,37.338,15.821224,0.9282,44.793,14.6192933333333,0.9305
181,44.5556,0.970238095,12.08434933,40.3077,0.970238095,11.64855467,37.3996666666667,14.3010026666667,0.9305,45.7556666666667,14.61968,0.9305
182,44.0769,0.975,12.47722667,38.2697,0.975,12.96373333,38.0186666666667,11.8137866666667,0.9398,44.53,12.8709546666667,0.9369
183,44.3333,0.962121212,13.33,40.6111,0.962121212,13.15082933,38.828,12.6787146666667,0.9628,43.8283333333333,12.5876533333333,0.9644
184,44.4494,0.88209607,13.50645867,40.3146,0.88209607,15.28468267,36.916,12.58368,0.9759,43.7776666666667,12.400232,0.9752
185,46.5667,0.805755396,16.500152,42.1667,0.805755396,13.75710133,36.9873333333333,13.3532693333333,0.9621,43.9266666666667,13.3627093333333,0.9645
186,44.3889,0.923076923,14.04681867,40.0889,0.923076923,15.13015733,37.3453333333333,13.6744506666667,0.9099,44.271,13.55296,0.9067
187,45.5667,0.932038835,14.962768,42.4607,0.932038835,14.23496533,38.103,17.2941626666667,0.7755,46.489,15.7331386666667,0.7755
188,44.0225,0.934782609,13.69937867,40.9111,0.934782609,13.89233333,37.2776666666667,13.631032,0.9286,46.315,15.097568,0.927
189,43.9444,0.911564626,13.46116267,40.4945,0.911564626,13.035464,37.815,15.4595333333333,0.927,45.4333333333333,14.7664133333333,0.9281
190,43.5055,0.908450704,12.516992,40.2222,0.908450704,11.56820533,37.328,13.9575946666667,0.9351,45.4146666666667,14.466976,0.9351
191,43.0667,0.85106383,10.80108533,39.3483,0.85106383,12.16717067,37.3,13.2706026666667,0.9116,44.2996666666667,13.4731706666667,0.9116
192,43.4286,0.910638298,12.029704,39.1333,0.910638298,11.332312,36.862,12.215576,0.9116,43.554,12.7527333333333,0.9116
193,42.9121,0.960960961,11.49394133,39.5556,0.960960961,11.42078933,37.7676666666667,11.191232,0.8511,42.7396666666667,11.4252826666667,0.8511
194,42.5618,0.979228487,11.24246667,40.0333,0.979228487,10.97648533,36.5223333333333,11.9784933333333,0.9106,42.3333333333333,11.6883386666667,0.9106
195,42.2667,0.974729242,10.83724267,39.4889,0.974729242,11.369712,37.5936666666667,11.6651013333333,0.9593,42.4976666666667,11.8441973333333,0.9593
196,43.7222,0.901234568,11.11385333,39.6889,0.901234568,12.45591733,36.4553333333333,11.253792,0.9821,42.1843333333333,11.416528,0.9821
197,44.2444,0.90212766,13.37958667,40.9438,0.90212766,14.06113067,38.2183333333333,10.9956053333333,0.9689,41.8723333333333,11.00656,0.971
198,46.1222,0.948571429,15.81085067,42.3556,0.948571429,12.551496,37.6633333333333,11.3879573333333,0.902,41.9776666666667,11.2171146666667,0.9036
199,43.4778,0.917431193,12.81256267,40.8652,0.917431193,14.22521333,37.6613333333333,14.2749093333333,0.9054,43.541,13.2785813333333,0.9054
200,44.573,0.926108374,13.40269067,42.6444,0.926108374,13.26179467,37.7133333333333,16.2582693333333,0.9455,45.9826666666667,15.510136,0.9455
201,44.6778,0.928104575,13.02248267,41.1333,0.928104575,12.274928,36.6113333333333,12.4865253333333,0.9159,45.0113333333333,13.6155093333333,0.9159
202,43.4778,0.913207547,11.74492533,39.6154,0.913207547,11.74641333,37.0556666666667,13.9213066666667,0.9353,43.8886666666667,13.227616,0.9353
203,43.4615,0.828947368,10.890872,38.9556,0.828947368,11.59829867,38.772,12.7723466666667,0.9231,44.5943333333333,13.0608266666667,0.9231
204,43.6404,0.819047619,11.39613333,40.7865,0.819047619,13.3664,37.711,11.2439493333333,0.9125,43.9326666666667,12.368008,0.9104
205,142.787,0.962406015,9.514712,41.8427,0.961832061,10.35528,75.1816666666667,9.23220266666667,0.8244,46.3006666666667,9.929368,0.8254
206,541.644,0.895522388,7.083056,92.8696,0.881889764,7.143154667,253.198666666667,7.135064,0.8056,290.818333333333,7.044968,0.8235
207,891.532,0.905405405,7.151946667,420.492,0.904109589,7.093717333,447.289,7.14981066666667,0.9535,679.891666666667,7.375792,0.8667
208,1091.64,0.715447155,6.963397333,750.138,0.743801653,7.369074667,482.485666666667,6.82555466666667,0.9,1160.604,7.180872,0.9538
209,1186.66,0.912280702,7.503378667,934.686,0.872727273,7.101229333,386.699666666667,5.75486133333333,0.9256,1653.16066666667,7.02182133333333,0.9492
210,1296.17,0.710843374,7.060498667,704.66,0.886227545,7.129688,365.584,5.36212,0.8242,2205.267,7.366736,0.8696
211,1404.04,0.812121212,7.101538667,625.511,0.895705522,6.915546667,171.551333333333,5.37560533333333,0.6562,2747.41033333333,6.926368,0.8696
212,1300.89,0.939226519,7.436741333,678.289,0.911111111,7.197578667,48.3873333333333,4.158256,0.7532,3289.17933333333,7.27069866666667,0.8929
213,1077.5,0.94520548,7.046208,648.737,0.939597315,7.216938667,44.5736666666667,3.02186933333333,0.8364,3859.534,7.29426933333333,0.96
214,1219.78,0.842105263,7.044437333,844.233,0.953642384,7.123008,42.6223333333333,3.44173333333333,0.8743,4432.207,7.244968,0.7812
215,1359.85,0.941176471,7.223957333,740.234,0.912087912,7.202178667,47,4.79550133333333,0.9007,4887.82733333333,7.10648266666667,0.7692
216,1380.96,0.963963964,7.216930667,771.56,0.96803653,7.239728,67.7273333333333,5.57283466666667,0.908,5370.09633333333,7.212568,0.8814
217,1533.59,0.8625,7.087213333,717.832,0.875816994,7.120026667,118.966333333333,6.61653866666667,0.913,5805.793,7.11787466666667,0.9412
218,1503.08,0.918918919,7.369192,383.719,0.956521739,7.203282667,55.7123333333333,5.54912266666667,0.951,6245.15033333333,7.11289333333333,0.9126
219,1525.41,0.821428571,7.039024,205.696,0.742857143,6.512648,46.9753333333333,5.11652266666667,0.8714,6653.616,7.134304,0.9032
220,1512.18,0.792682927,7.151616,82.0312,0.748466258,6.759938667,47,5.30301066666667,0.875,6955.03333333333,7.27079466666667,0.9252
221,1527.21,0.839506173,6.868701333,100.253,0.820083682,7.00108,69.722,6.34897333333333,0.8081,7224.087,7.15266666666667,0.9934
222,1717.91,0.885057471,7.358469333,181.961,0.953757225,7.167112,118.427333333333,6.678416,0.8333,7478.84633333333,7.24646933333333,0.9286
223,1834.91,0.953488372,7.185226667,404.211,0.97254902,7.263178667,127.961333333333,6.77112266666667,0.841,7837.32266666667,7.08746666666667,0.9429
224,1837.32,0.91875,7.14416,477.592,0.956790124,7.203042667,99.7686666666667,6.76225066666667,0.9391,8241.252,7.225968,0.9383
225,1869.8,0.920454546,7.201072,299.673,0.960227273,6.971573333,54.0116666666667,6.38546933333333,0.9667,8693.18266666667,7.15393333333333,0.9167
226,1792.97,0.900692841,7.183578667,236.457,0.925925926,7.269416,51.627,6.67558133333333,0.9521,9220.174,7.18901333333333,0.9351
227,1844.05,0.862385321,7.248893333,438.328,0.930337079,7.150056,50.9113333333333,6.30624,0.9405,9762.28533333333,7.19981066666667,0.9608
228,1790.25,0.829145729,7.249264,650.614,0.9375,7.151165333,81.9876666666667,7.07354133333333,0.901,10227.8026666667,7.00056,0.9756
229,1920.34,0.67953668,7.100197333,609.785,0.888888889,7.236304,221.032,7.23897866666667,0.9255,10703.2403333333,7.12125333333333,0.9895
230,1951.55,0.882629108,7.162330667,753.955,0.935185185,7.132314667,276.183333333333,7.094288,0.9277,11177.4276666667,7.321592,0.8864
231,1853.49,0.72327044,7.13644,1002.01,0.897832817,7.288824,211.993333333333,6.73461066666667,0.8822,11655.8206666667,7.16759733333333,0.9836
232,1853.04,0.763636364,7.190408,1069.82,0.890282132,7.062565333,87.7046666666667,5.815576,0.9,12122.5416666667,6.96116,0.9444
233,1949.22,0.840148699,7.092650667,1087.18,0.905109489,7.204936,56.6503333333333,5.661696,0.8478,12604.7983333333,7.35421866666667,0.88
234,1983.16,0.745098039,7.088293333,1284.04,0.736842105,7.091128,70.5256666666667,5.41079733333333,0.855,13123.8393333333,6.97627733333333,0.8649
235,1946.21,0.818532819,7.181309333,1185.82,0.674418605,4.607498667,68.3966666666667,5.62059733333333,0.8182,13673.4656666667,7.37410133333333,0.8286
236,1918,0.736842105,7.271237333,508.278,0.234042553,3.852058667,53.0206666666667,5.00027733333333,0.8563,14248.2553333333,7.31798666666667,0.9111
237,1773.1,0.843537415,7.238565333,428.388,0.604651163,3.445442667,46.7666666666667,4.68225066666667,0.7753,14783.158,7.04040266666667,0.8116
238,1596.02,0.824175824,7.214018667,96.1098,0.858695652,4.35476,47.178,5.019808,0.8429,15330.8826666667,7.063152,0.8235
239,1518.94,0.921465969,7.018005333,154.078,0.958762887,4.90952,67.3813333333333,6.66421066666667,0.8571,15848.2143333333,7.35104,0.929
240,1597.38,0.833333333,7.100125333,153.373,0.908602151,6.442805333,124.132333333333,7.13291733333333,0.9121,16353.4803333333,7.26869866666667,0.9538
241,1629.15,0.936555891,7.293314667,230.024,0.961424332,6.703141333,80.2316666666667,6.17721333333333,0.9496,16845.9523333333,7.10141066666667,0.9664
242,1518.43,0.955696203,7.291885333,307.188,0.971246006,6.661264,52.071,5.10502933333333,0.9227,17279.1923333333,7.11668533333333,0.9518
243,1606.55,0.87544484,6.99908,256.695,0.962121212,7.14276,48.8863333333333,5.59215466666667,0.9646,17712.853,7.21382133333333,0.9765
244,1575.17,0.850877193,7.36248,412.361,0.857142857,7.182229333,76.142,6.153472,0.963,18144.7563333333,7.05618666666667,0.9701
245,1483.32,0.75177305,7.199914667,589.618,0.832214765,7.060562667,158.724333333333,6.26805866666667,0.9528,18603.0783333333,7.29049066666667,0.9886
246,1533.32,0.89539749,7.130816,701.807,0.935622318,7.277136,207.362333333333,6.751616,0.834,19061.6743333333,7.02850933333333,0.9406
247,1690.94,0.802547771,6.773448,809.872,0.917721519,7.122624,332.172333333333,6.647072,0.8322,19506.8616666667,7.21379466666667,0.9273
248,1730.02,0.75,7.641037333,764.31,0.811267606,7.112936,242.193666666667,6.27438133333333,0.8746,19953.586,7.252176,0.9071
249,1917.46,0.803797468,7.016794667,812.146,0.540983607,5.343405333,169.751,6.28389866666667,0.8509,20458.3693333333,7.10026933333333,0.9453
250,1918.48,0.760273973,7.095618667,541.372,0.503496504,5.029306667,58.0286666666667,5.562792,0.8408,20936.7696666667,7.09850666666667,0.9231
251,1892.99,0.647482014,7.182629333,396.289,0.532258065,5.633906667,47.8996666666667,4.588456,0.8137,21468.061,7.27124533333333,0.9767
252,1931.38,0.842553192,7.113405333,525.521,0.767123288,6.323834667,46.5966666666667,3.82668266666667,0.8325,21929.689,7.072968,0.9006
253,1747.34,0.881458967,7.337197333,793.931,0.93902439,4.483234667,46.9776666666667,4.34765066666667,0.8159,22430.274,7.170056,0.9197
254,1638.56,0.892857143,7.081946667,398.03,0.960960961,5.262368,48.311,5.01781333333333,0.9184,22940.5316666667,7.350264,0.9107
255,1502.68,0.967741936,7.200165333,304.629,0.967741936,5.509813333,62.9723333333333,6.180128,0.9286,23419.5383333333,7.08575733333333,0.9474
256,1345.68,0.864516129,7.283026667,314.165,0.901234568,5.427157333,54.7706666666667,5.05655466666667,0.9462,23904.2293333333,7.28318133333333,0.9209
257,1352.67,0.785407725,7.180498667,393.432,0.901052632,5.770181333,45.834,4.38399733333333,0.9305,24366.9286666667,6.810608,0.9157
258,1603.53,0.852941177,7.004930667,538.895,0.908745247,6.423730667,48.7986666666667,5.777224,0.8667,24902.536,7.3068,0.9167
259,1737.13,0.782997763,7.319178667,705.216,0.840646651,6.86472,70.631,6.92361333333333,0.8929,25454.3726666667,7.362472,0.8982
260,1728.13,0.854271357,7.189973333,539.618,0.793814433,6.730069333,88.1993333333333,6.718752,0.9216,25978.173,7.13176,0.9041
261,1686.49,0.830564784,7.081704,183.179,0.926666667,7.293301333,62.9356666666667,6.60415733333333,0.8785,26485.6846666667,7.16239466666667,0.9558
262,1749.09,0.918518519,7.121074667,321.651,0.925925926,6.943637333,130.032666666667,6.855648,0.9217,27000.016,7.095544,0.8816
263,1766.85,0.7,7.220269333,255.619,0.838709677,6.306832,136.235,6.586184,0.8901,27493.442,7.28959466666667,0.8909
264,1687.07,0.796116505,7.283432,231.727,0.8,7.189373333,128.246333333333,5.883592,0.8687,27942.545,6.992112,0.8995
265,1395.25,0.955223881,7.116370667,489.09,0.955223881,7.256138667,102.725,6.21584266666667,0.7523,28342.2436666667,7.29722133333333,0.9157
266,1434.43,0.873015873,7.168653333,675,0.892307692,7.134258667,84.0236666666667,6.67438666666667,0.9302,28704.6533333333,7.21362933333333,0.8333
267,1591.22,0.905405405,7.06112,592.141,0.932432432,7.204554667,137.008666666667,7.16928,0.918,29020.8703333333,7.07438933333333,0.8352
268,1559.97,0.637931035,7.194,656.744,0.721311475,7.144717333,209.595,7.14473866666667,0.932,29395.0856666667,7.357712,0.8675
269,1716.97,0.818181818,7.176874667,447.444,0.718446602,6.102573333,197.345333333333,6.45286133333333,0.8493,29850.2096666667,6.99395466666667,0.9231
270,1763.25,0.715151515,7.084842667,323.831,0.809815951,6.765957333,117.338,6.20963733333333,0.8235,30359.5016666667,7.03161866666667,0.9302
271,1609.59,0.839506173,7.361341333,332.077,0.858895706,6.996304,91.7766666666667,5.72237333333333,0.8118,30900.8713333333,7.36037866666667,0.9176
272,1450.2,0.956521739,7.050002667,331.931,0.989473684,6.960624,110.78,4.95838933333333,0.8675,31402.2753333333,7.30464,0.9358
273,1220.18,0.933333333,7.248904,247.041,0.940397351,7.118413333,135.962333333333,4.80738133333333,0.9091,31926.6456666667,7.04038666666667,0.965
274,1216.78,0.842105263,7.156981333,459.407,0.953642384,7.069554667,75.479,5.58438666666667,0.9434,32320.3986666667,7.112728,0.9249
275,1536.25,0.908108108,6.98432,548.156,0.917127072,7.139357333,51.806,6.13731733333333,0.9457,32786.124,7.367632,0.9641
276,1558.54,0.955357143,7.325088,800.343,0.96803653,7.366176,128.69,6.99781333333333,0.8939,33170.5683333333,7.02061066666667,0.973
277,1717.93,0.858974359,7.243821333,987.12,0.875816994,7.064978667,209.215666666667,6.75793066666667,0.9464,33594.6853333333,7.22198666666667,0.9741
278,1675.6,0.894736842,7.042413333,912.596,0.941176471,7.219605333,79.9103333333333,5.92556533333333,0.9182,34016.9496666667,7.03821866666667,0.967
279,1603.96,0.803571429,7.241274667,883.891,0.781818182,7.073336,63.8086666666667,5.12953333333333,0.9189,34469.2456666667,7.32910666666667,0.9692
280,1662.73,0.754716981,6.98192,879.048,0.824242424,6.195989333,125.628666666667,5.79597066666667,0.7579,34937.9776666667,6.946984,0.9661
281,1706.62,0.860655738,7.073752,640.519,0.775862069,5.039722667,223.185666666667,6.47996266666667,0.75,35409.229,7.28090666666667,0.8571
282,1759.91,0.885057471,7.019605333,395.791,0.944927536,5.405128,262.408666666667,6.065912,0.7545,35902.266,7.140488,0.76
283,1960.46,0.912698413,7.185989333,527.731,0.968503937,6.155104,243.353333333333,6.65552,0.9023,36464.113,7.29012533333333,0.8636
284,1870.07,0.915360502,7.447712,629.153,0.952681388,6.872688,104.803333333333,6.19363466666667,0.9555,37058.3883333333,7.31742666666667,0.8889
285,1800.35,0.929971989,7.277850667,693.926,0.963172805,6.802357333,49.43,5.80450133333333,0.9538,37581.75,7.14136,0.9231
286,1782.04,0.874418605,7.003242667,322.5,0.925925926,7.244490667,51.9443333333333,5.902336,0.9628,38055.489,6.99716266666667,0.9291
287,1787.39,0.831050228,7.378088,398.143,0.934537246,7.209237333,50.4886666666667,5.883736,0.9035,38568.015,7.209152,0.925
288,1838.05,0.882653061,7.100352,679.065,0.9375,7.22552,68.6353333333333,6.72183733333333,0.914,39093.4253333333,7.1192,0.9589
289,1736.6,0.674418605,6.799154667,599.495,0.88976378,7.038378667,80.8166666666667,6.645552,0.9373,39592.2826666667,7.14999733333333,0.9091
290,1784.74,0.907407407,7.272685333,514.488,0.930232558,6.879544,72.539,6.918888,0.898,40101.9,7.324008,0.939
291,1802.3,0.79375,7.378285333,631.862,0.901234568,7.469688,75.214,6.65232533333333,0.9184,40555.689,6.96303466666667,0.8889
292,1825.43,0.740524781,6.936178667,638.822,0.878504673,7.070186667,134.385666666667,7.030272,0.8921,41018.3373333333,7.19436266666667,0.9041
293,1919.39,0.840148699,7.270434667,727.28,0.730923695,6.708802667,200.017333333333,7.24857066666667,0.8766,41476.587,7.445648,0.9305
294,1938.17,0.766197183,7.240224,781.685,0.517799353,4.986184,175.116333333333,7.16713333333333,0.8895,41879.68,6.94491466666667,0.8864
295,1939.56,0.849420849,7.053426667,396.598,0.666666667,4.265037333,84.2626666666667,6.22407466666667,0.8,42223.7016666667,7.28505866666667,0.8649
296,1872.34,0.736842105,7.257114667,253.149,0.530973451,5.303272,46.015,4.65249333333333,0.8458,42610.6276666667,7.14594933333333,0.9128
297,1852.68,0.832214765,7.190226667,235.827,0.621621622,6.122805333,45.9,4.521496,0.7656,43000.882,7.082656,0.9255
298,1642.78,0.824175824,7.274042667,390.164,0.908108108,6.627957333,65.5366666666667,5.54925333333333,0.7853,43381.0293333333,7.179312,0.9709
299,1670.96,0.893401015,7.025933333,500.208,0.927083333,6.216050667,176.088,6.56320266666667,0.9043,43769.4213333333,7.188464,0.9741
300,1698.59,0.897297297,7.162914667,297.08,0.913513514,7.103029333,240.737333333333,6.59045333333333,0.9261,44142.911,7.294088,0.9878
301,1747.76,0.878787879,7.120757333,298.041,0.961424332,7.019562667,163.225666666667,6.091864,0.8739,44498.4196666667,7.05180533333333,0.9706
302,1772.97,0.927899687,7.096589333,481.893,0.971246006,7.246752,54.6326666666667,5.68542666666667,0.9467,44832.4226666667,7.16239733333333,0.9118
303,1681,0.923076923,7.253957333,550.653,0.958174905,7.124237333,50.3,5.65662133333333,0.9625,45208.6973333333,7.13431733333333,0.94
304,1635.41,0.791111111,7.179672,564.622,0.857142857,7.193136,51.7633333333333,5.91329333333333,0.9587,45613.4003333333,7.30033866666667,0.8443
305,1641.25,0.789115646,7.171536,728.588,0.832214765,7.134802667,68.6126666666667,6.03890933333333,0.852,46116.9006666667,7.00800533333333,0.9576
306,1635.46,0.850202429,6.982493333,962.87,0.935622318,7.154408,169.033333333333,6.647512,0.85,46653.6426666667,7.27845866666667,0.954
307,1800.29,0.820189274,7.484389333,972.432,0.903846154,7.23092,167.917666666667,6.532056,0.9306,47224.3333333333,7.08565066666667,0.9339
308,1891.68,0.75,7.042346667,1000.08,0.832402235,7.107765333,133.856,6.16018666666667,0.8934,47669.5196666667,7.23322666666667,0.9071
309,1885.55,0.789644013,7.131754667,1275.34,0.540983607,3.946528,160.396666666667,6.155976,0.8889,48163.338,7.21468533333333,0.9394
310,1903.37,0.573476703,7.263562667,713.955,0.470175439,2.983277333,141.535333333333,6.032464,0.8629,48588.0416666667,7.12484266666667,0.9091
311,1922.64,0.685314685,7.025301333,505.509,0.519685039,3.615741333,55.1306666666667,4.34664266666667,0.8094,49088.1816666667,7.163408,0.9605
312,1811.94,0.843881857,7.223421333,191.876,0.723004695,4.396808,44.2443333333333,3.784072,0.8121,49520.2673333333,7.17642666666667,0.9059
313,1693.74,0.852852853,7.088117333,144.545,0.867088608,4.850058667,45.8776666666667,4.33165066666667,0.8968,49997.345,7.22127733333333,0.9317
314,1529,0.909090909,7.286901333,121.616,0.958083832,5.78128,47.3276666666667,5.13150666666667,0.9199,50377.1936666667,7.24052,0.878
315,1397.38,0.875,7.14352,60.2759,0.964028777,6.2456,47.1696666666667,5.20130933333333,0.9401,50749.9563333333,7.06534133333333,0.8454
316,1385.98,0.886075949,7.216133333,106.2,0.893081761,6.522037333,53.8903333333333,5.19633333333333,0.9248,51095.6773333333,7.22009066666667,0.7761
317,1552.61,0.874734607,7.119978667,206.347,0.90212766,7.019130667,89.6193333333333,5.72982133333333,0.8978,51462.7876666667,7.17281066666667,0.8525
318,1580.71,0.808743169,7.152810667,294.027,0.516129032,4.421274667,162.648333333333,6.86133333333333,0.8612,51929.5083333333,7.270072,0.9538
319,1637.73,0.776523702,7.096466667,324.238,0.38869258,4.800544,258.214333333333,7.13710666666667,0.93,52409.6903333333,6.90768,0.9524
320,1724.8,0.820754717,7.295770667,143.779,0.5,5.214829333,218.854,6.48854933333333,0.9096,52957.2396666667,7.264336,0.9062
321,1609.14,0.841750842,7.080437333,255.986,0.754716981,5.965992,127.429333333333,6.67348533333333,0.9127,53475.6083333333,7.09768266666667,0.8235
322,1629.14,0.794223827,7.311496,482.859,0.854961832,6.372736,55.9676666666667,5.342472,0.8975,54032.573,7.20416,0.8929
323,1576.91,0.846153846,6.945048,437.485,0.831168831,7.056370667,48.33,4.85584,0.8833,54597.923,7.25309066666667,0.9444
324,1464.61,0.691588785,7.512186667,449.803,0.828282828,7.185024,49.921,4.83084266666667,0.7857,55183.262,7.21622133333333,0.8772
325,1361.91,0.923076923,6.783013333,614.364,0.948148148,5.792170667,78.6083333333333,5.68353333333333,0.8043,55655.7983333333,7.09908266666667,0.7179
326,1313.24,0.880597015,7.579384,643.986,0.899224806,4.983562667,179.499,6.71546133333333,0.9391,56123.7506666667,7.28206133333333,0.8857
327,1478.03,0.905405405,7.048064,199.343,0.915492958,4.482064,249.447666666667,6.95189866666667,0.8943,56584.044,7.170184,0.8929
328,1680.73,0.769230769,6.933389333,69.5895,0.743801653,5.485493333,260.315666666667,7.19662933333333,0.9211,57030.2686666667,7.250784,0.9423
329,1691.87,0.818181818,7.287109333,62.4023,0.872727273,6.3474,92.2723333333333,5.67785866666667,0.6303,57437.905,7.08235466666667,0.875
330,1717.37,0.759036145,7.355474667,138.747,0.891566265,6.113698667,45.8716666666667,4.420624,0.7317,57780.0333333333,7.09834133333333,0.9324
331,1638.43,0.829268293,7.128594667,121.031,0.891566265,6.357341333,46.344,4.096912,0.7347,58049.398,7.18176533333333,0.9753
332,1445.55,0.956521739,7.253349333,114.833,0.978947368,7.203464,42.7453333333333,3.12240533333333,0.8391,58278.0083333333,7.11728266666667,0.9533
333,1116.16,0.940397351,7.162010667,303.701,0.929032258,6.83604,45.7666666666667,4.25681066666667,0.8941,58622.8196666667,7.08822666666667,0.9333
334,1172.51,0.842105263,7.066229333,267.667,0.940397351,6.765589333,47.8466666666667,5.72190933333333,0.9231,59008.9813333333,7.43619466666667,0.925
335,1330.76,0.931216931,7.131106667,251,0.917127072,7.228416,87.873,6.80948,0.9176,59449.631,6.91432266666667,0.9362
336,1308.42,0.96,7.218285333,455.288,0.986425339,6.592810667,234.976666666667,6.92916266666667,0.8914,59965.242,7.36193333333333,0.9524
337,1544.14,0.858974359,7.266106667,616.724,0.904458599,7.145709333,247.418,6.329552,0.9849,60488.3846666667,7.08532533333333,0.913
338,1599.07,0.891891892,6.752208,675.202,0.921052632,7.148088,182.107333333333,6.075968,0.8824,60998.0476666667,7.163544,0.976
339,1528.39,0.846846847,7.438856,738.104,0.876190476,7.155981333,59.9133333333333,5.65158933333333,0.8642,61460.8043333333,7.15129866666667,1
340,1593.05,0.795321637,7.025098667,968.279,0.826347305,7.206946667,82.674,6.392144,0.7903,61949.233,7.34482133333333,0.9032
341,1715.43,0.803278689,7.210066667,1134.23,0.045112782,5.377682667,122.502,6.31138933333333,0.8199,62425.586,7.219488,0.9538
342,1841.28,0.885057471,6.980850667,792.953,0.475409836,3.669493333,126.804,6.28396,0.8818,62885.843,6.901328,0.973
343,1926.21,0.94488189,7.407141333,564.254,0.868421053,3.548872,97.0666666666667,6.3242,0.9309,63360.446,7.234784,0.8696
344,1841.11,0.915360502,7.092298667,391.129,0.936305733,4.381818667,53.039,5.99162666666667,0.967,63871.9656666667,7.209536,0.9
345,1775.09,0.935933148,7.340472,482.023,0.911680912,5.587437333,52.9776666666667,6.666672,0.9612,64421.1373333333,7.10354666666667,0.8254
346,1822.44,0.838407494,6.941088,513.333,0.894613583,7.057061333,50.9003333333333,6.4436,0.9185,64977.1373333333,7.185144,0.9136
347,1808.42,0.831050228,7.237354667,446.306,0.921348315,7.195016,83.831,7.18544266666667,0.9165,65518.3276666667,7.08530133333333,0.8
348,1721.76,0.884910486,7.381405333,252.458,0.943005181,7.015797333,174.72,7.16893066666667,0.927,66114.7653333333,7.33163466666667,0.8113
349,1746.49,0.67953668,6.853810667,377.183,0.896825397,7.256128,168.874,7.04074133333333,0.9178,66579.483,7.02699466666667,0.9262
350,1734.09,0.930232558,7.403746667,558.31,0.915887851,7.238896,94.0093333333333,6.334112,0.9164,67109.8116666667,7.23896,0.9357
351,1756.83,0.738170347,7.143242667,590.893,0.897832817,7.186573333,61.6236666666667,6.097408,0.8828,67585.67,7.21435733333333,0.9667
352,1929.58,0.740524781,6.979168,769.577,0.888888889,7.073221333,125.821333333333,6.45279466666667,0.8476,68059.6263333333,7.22946666666667,0.9733
353,1969.06,0.840148699,7.22844,966,0.877697842,7.228418667,207.357,6.28807733333333,0.8638,68483.3576666667,7.02820533333333,0.9759
354,1951.89,0.757660167,7.27648,975.702,0.794202899,7.175426667,212.859333333333,6.3452,0.8193,68910.2473333333,7.28988,0.9497
355,1951.84,0.778210117,7.216773333,790.723,0.886363636,7.025504,126.523666666667,5.47885066666667,0.8302,69375.297,7.169392,0.9882
356,1926.65,0.75,6.971178667,708.574,0.854961832,7.121874667,46.2333333333333,3.93553866666667,0.7891,69842.5146666667,7.140336,0.9429
357,1758.36,0.743243243,7.389770667,465.233,0.813333333,5.478416,48.2043333333333,4.90353066666667,0.7922,70273.9696666667,7.19548266666667,0.9537
358,1541.68,0.85106383,7.047936,454.898,0.907103825,5.067786667,83.3826666666667,6.16964533333333,0.907,70723.9423333333,7.20558133333333,0.9119
359,1454.71,0.911917098,7.045674667,282.602,0.940540541,5.378106667,103.960666666667,6.28596266666667,0.9223,71206.1873333333,7.12967733333333,0.9151
360,1571.05,0.813559322,7.313474667,329.152,0.92722372,5.734885333,48.3543333333333,4.65574933333333,0.9167,71706.961,7.1706,0.9231
361,1614.27,0.961424332,7.116122667,291.287,0.954954955,6.376629333,50.2673333333333,5.11940533333333,0.9534,72227.835,7.23012533333333,0.9738
362,1523.83,0.946708464,7.356666667,378.586,0.974683544,6.523781333,47.9556666666667,5.631808,0.9677,72697.363,7.22755466666667,0.9412
363,1491.82,0.87544484,7.120002667,400.034,0.951672863,6.988472,69.2246666666667,6.12475733333333,0.9538,73203.9826666667,7.059992,0.8971
364,1442.56,0.835555556,6.982336,453.229,0.871111111,7.055685333,121.404,6.275432,0.95,73704.265,7.26376266666667,0.9244
365,1446.16,0.75177305,7.320178667,608.836,0.884057971,7.324288,171.869333333333,6.90713866666667,0.7919,74191.257,7.096376,0.9231
366,1501.01,0.89539749,7.200938667,733.638,0.891774892,7.138237333,229.042333333333,6.88242933333333,0.9028,74637.747,6.61922933333333,0.9505
367,1540.38,0.761290323,7.177666667,847.468,0.852459016,7.110248,114.044666666667,6.80264533333333,0.8601,75132.3836666667,7.637448,0.9082
368,1677.46,0.75,7.007605333,556.614,0.877094972,7.266032,100.500333333333,6.3256,0.8655,75656.6176666667,7.15961866666667,0.916
369,1725.54,0.817275748,7.151018667,530.094,0.857142857,7.137312,148.694,6.12981066666667,0.8371,76208.1616666667,7.26458133333333,0.8994
370,1746.87,0.661818182,7.279658667,649.354,0.874551971,7.163176,139.482666666667,5.52429066666667,0.8143,76742.6186666667,7.200208,0.8961
371,1715.36,0.776978417,7.239482667,683.815,0.827586207,7.092992,63.924,4.58482666666667,0.7724,77233.4283333333,6.95593866666667,0.9558
372,1690.5,0.828451883,6.994261333,679.262,0.897435897,7.191968,48.511,5.363048,0.8584,77747.411,7.326304,0.9091
373,1595.05,0.884848485,7.222176,964.707,0.915360502,4.897909333,52.7183333333333,5.57441066666667,0.943,78260.408,7.19858133333333,0.85
374,1382.23,0.952095808,7.175592,565.264,0.553030303,2.767669333,67.8423333333333,5.82945066666667,0.936,78721.222,7.36112533333333,0.9179
375,1342.27,0.871080139,7.096378667,57.2421,0.472906404,3.436490667,46.5886666666667,4.959816,0.931,79142.0423333333,7.073272,0.905
376,1344.11,0.817610063,7.185498667,47.1379,0.52173913,4.398656,48.153,5.21915466666667,0.8831,79507.111,7.10236266666667,0.8868
377,1246.26,0.887445887,7.164517333,118.234,0.788732394,4.544978667,88.2843333333333,6.50234666666667,0.8761,79828.542,7.164424,0.8298
378,1257.1,0.824626866,7.104744,195.297,0.852713178,5.65124,215.395666666667,7.09322133333333,0.9073,80188.4763333333,7.23813066666667,0.8605
379,1596.22,0.786516854,7.176896,361.873,0.870535714,7.0632,211.520666666667,6.72888533333333,0.9102,80599.554,7.09205066666667,0.9254
380,1609.38,0.898989899,7.320445333,625.923,0.880829016,7.162757333,64.3303333333333,6.002768,0.8757,81120.1913333333,7.02228533333333,0.9485
381,1546.13,0.830564784,7.135152,407.552,0.931596091,7.157442667,101.084666666667,5.78518933333333,0.9278,81645.966,7.30502133333333,0.878
382,1640.06,0.879120879,6.842872,351.63,0.904942966,7.138597333,135.348333333333,5.42587733333333,0.8881,82166.293,7.16001066666667,0.9216
383,1541.51,0.75,7.428058667,258.931,0.805194805,7.085669333,63.0266666666667,5.005344,0.8454,82680.2443333333,7.27287733333333,0.9825
384,1450.29,0.776699029,7.285738667,308.89,0.828282828,7.236245333,59.3313333333333,5.51325333333333,0.7778,83110.539,7.27097333333333,0.9249
385,1365.91,0.948148148,5.124069333,357.314,0.948148148,5.467693333,126.639666666667,5.63083733333333,0.9412,83559.1816666667,6.62636,0.9486
386,1564.16,0.873015873,4.837114667,344.564,0.913385827,4.352632,403.080333333333,4.84354933333333,0.9348,84078.921,4.724416,0.9863
387,2120.65,0.905405405,4.890077333,493.419,0.901408451,4.35248,612.7,4.79701333333333,0.9217,84704.4453333333,4.68806666666667,0.9655
388,2504.3,0.61682243,4.747165333,941.838,0.452173913,4.690154667,648.079666666667,4.81044533333333,0.7105,85297.361,4.81758933333333,0.9618
389,2797.38,0.818181818,4.556597333,933.812,0.818181818,4.856264,241.112333333333,4.10788266666667,0.6087,85914.111,4.894192,0.9922
390,3127.52,0.694117647,4.988522667,831.849,0.79245283,4.618970667,45.7183333333333,2.700496,0.6323,86557.256,4.81083733333333,0.9516
391,3446.25,0.812121212,4.509624,375.139,0.832298137,4.660962667,47.875,2.329784,0.7758,87170.7183333333,4.55481866666667,0.9882
392,3658.41,0.901098901,4.918221333,417.542,0.911111111,4.816709333,44.3696666666667,1.72908533333333,0.8804,87820.9696666667,4.95830933333333,0.96
393,3869.16,0.924137931,4.826912,767.016,0.939597315,4.826933333,44.787,2.45123733333333,0.898,88468.909,4.84890666666667,0.9663
394,3985.51,0.842105263,4.698504,1142.27,0.940397351,4.809885333,46.4443333333333,3.345472,0.8125,89127.6243333333,4.65608266666667,0.8608
395,4002.01,0.908108108,4.934461333,1151.1,0.922222222,4.754485333,46.4336666666667,3.337944,0.8287,89768.3303333333,4.86385866666667,0.7536
396,3942.08,0.96,4.646301333,1062.7,0.935185185,4.794378667,49.0203333333333,3.525808,0.8679,90489.744,4.72946666666667,0.7869
397,3961.05,0.8625,4.634197333,1044.42,0.82278481,4.739032,53.1216666666667,4.40484266666667,0.8714,91169.822,4.797328,0.8571
398,4135.47,0.906666667,4.845090667,937.752,0.845070423,4.716,50.3556666666667,4.279448,0.88,91899.375,4.85171466666667,0.8696
399,4409.72,0.8,4.625568,807.489,0.778947368,4.796029333,111.044666666667,4.810136,0.7556,92624.4446666667,4.782272,0.898
400,4715.56,0.748466258,4.884962667,857.085,0.756097561,4.817842667,193.785,4.52047466666667,0.7534,93268.0833333333,4.52964,0.925
401,4973.77,0.803278689,4.644672,1019.53,0.774468085,4.742256,248.095,4.343288,0.7418,93946.3943333333,5.10194933333333,0.9293
402,5228.88,0.885057471,5.170634667,1029.5,0.863095238,4.841336,253.242666666667,4.174976,0.9017,94599.148,4.50693333333333,0.9231
403,5463,0.912698413,4.625064,762.224,0.947791165,4.639250667,94.0726666666667,3.16220266666667,0.9477,95266.7443333333,4.87156533333333,0.9057
404,5702.29,0.915360502,4.658234667,591.14,0.952681388,4.836432,45.9666666666667,2.93976533333333,0.9221,95953.8443333333,4.791296,0.9608
405,5996.97,0.920454546,4.945373333,773.435,0.960227273,4.399002667,47.0856666666667,3.30073333333333,0.9171,96647.8853333333,4.81737866666667,0.9623
406,6331.78,0.82983683,4.719176,928.791,0.893617021,3.353261333,48.7223333333333,3.59424533333333,0.8356,97325.0666666667,4.859968,0.9014
407,6677.7,0.831050228,4.450136,488.965,0.887356322,3.755288,57.3763333333333,3.91753066666667,0.8612,97987.952,4.757448,0.9344
408,6976.7,0.829145729,4.966384,510.849,0.942708333,3.830376,55.1716666666667,3.90918933333333,0.8915,98635.515,4.70470133333333,0.9353
409,7179.97,0.67953668,4.739856,496.379,0.901185771,4.234690667,50.056,4.25302933333333,0.8387,99245.0666666667,4.67817866666667,0.8817
410,7391.11,0.857142857,4.792618667,408.652,0.920930233,4.446213333,54.915,4.38548,0.873,99922.0003333333,4.82615733333333,0.9231
411,7569.86,0.72327044,5.019736,535.848,0.87012987,4.754845333,57.115,4.62243733333333,0.8537,100547.091,4.842424,0.8866
412,7799.02,0.740524781,4.586050667,716.538,0.848101266,4.900984,111.889,4.780248,0.852,101204.806333333,4.89658933333333,0.9265
413,8084.95,0.840148699,4.869101333,954.773,0.881481482,4.731714667,62.316,4.665128,0.8442,101803.830666667,4.797296,0.9114
414,8317.18,0.722222222,4.798208,826.188,0.86908078,4.554637333,48.2333333333333,3.978544,0.8266,102385.575333333,4.75265866666667,0.9062
415,8532.43,0.735632184,4.777437333,695.055,0.749034749,4.506672,47.022,3.753456,0.82,102922.951,4.41684533333333,0.8116
416,8809.08,0.691729323,4.712621333,731.794,0.639344262,4.425336,53.2796666666667,4.087096,0.8321,103546.061333333,5.048216,0.9512
417,9078.08,0.743243243,4.740365333,260.413,0.732026144,4.905664,145.962,4.59584,0.7288,104130.587333333,4.847016,0.8952
418,9324.86,0.824175824,4.964333333,446.304,0.891304348,4.735149333,369.764666666667,4.771952,0.908,104740.117666667,4.77237333333333,0.906
419,9607.67,0.893401015,4.546077333,828.831,0.936170213,4.811146667,342.922,4.24650133333333,0.9268,105310.664333333,4.77015466666667,0.9733
420,9866.62,0.813559322,4.827514667,808.009,0.878873239,4.680288,177.687333333333,3.82039733333333,0.8672,105899.823,4.59301066666667,0.9606
421,10186.7,0.861538462,4.796874667,537.224,0.929663609,4.777952,44.9553333333333,2.634312,0.9536,106484.846,4.91710933333333,0.9756
422,10490.3,0.927899687,4.877234667,597.057,0.971246006,4.840421333,45.789,2.712424,0.9477,107071.243666667,4.780856,0.9846
423,10801.7,0.87544484,4.619872,879.838,0.946153846,4.808413333,44.204,3.351856,0.918,107663.795,4.90532266666667,0.9804
424,11066,0.794759825,4.803541333,934.146,0.855855856,4.708221333,55.885,4.06052,0.4545,108232.446666667,4.641616,0.9726
425,11327.4,0.75177305,5.001896,865.747,0.821192053,4.80228,77.4946666666667,4.671256,0.7338,108773.22,4.77216,0.9444
426,11511.5,0.801652893,4.567648,1061.37,0.935622318,4.723261333,53.911,4.36266933333333,0.8193,109340.598666667,4.798488,0.8889
427,11640.2,0.761290323,4.949618667,1334.67,0.871287129,4.862037333,103.912333333333,4.782264,0.8208,109914.522,4.61312533333333,0.9138
428,11715.6,0.75,4.698077333,1541.04,0.856321839,4.761029333,79.2056666666667,4.63712,0.8409,110524.083333333,4.96338933333333,0.9091
429,11855.2,0.761290323,4.795328,1599.51,0.838487973,4.779938667,58.4663333333333,4.10382666666667,0.8015,111153.766666667,4.739344,0.8466
430,12183.5,0.573476703,4.615936,1458.41,0.834532374,4.749178667,47.5,3.17885333333333,0.8295,111821.602,4.79242133333333,0.9586
431,12472.3,0.571428571,4.831557333,1238.17,0.676691729,4.831805333,45.911,3.16285333333333,0.8316,112510.144333333,4.775512,0.9441
432,12719.4,0.828451883,4.934488,1327.27,0.764444444,4.750122667,46.9866666666667,3.65261066666667,0.903,113200.518333333,4.71852266666667,0.9655
433,12905.1,0.852852853,4.65912,832.41,0.881987578,4.8014,61.931,4.54621066666667,0.929,113923.370333333,4.89072533333333,0.9317
434,13062.9,0.892857143,4.935512,409.733,0.936555891,4.503690667,79.8116666666667,4.736256,0.9442,114599.833333333,4.72759733333333,0.8977
435,13229,0.859106529,4.707906667,170.67,0.939929329,4.650488,125.939,4.71686133333333,0.9083,115205.703666667,4.84466133333333,0.9297
436,13421.4,0.792207792,4.652272,233.127,0.8875,4.594050667,178.219,4.76948533333333,0.874,115892.994333333,4.84760266666667,0.9245
437,13664.4,0.785407725,4.870328,416.104,0.887445887,4.565744,283.480666666667,4.81656,0.8692,116487.184,4.720144,0.96
438,13929,0.808743169,4.688061333,611.5,0.88973384,4.123645333,359.564333333333,4.63438933333333,0.8819,117133.039333333,4.62767466666667,0.907
439,14245.7,0.768539326,4.921232,946.09,0.866071429,4.601178667,192.524666666667,4.313008,0.85,117780.352,4.825208,0.9451
440,14574,0.775700935,4.646352,1217.25,0.848167539,4.751272,53.7533333333333,3.25369066666667,0.8182,118432.947,4.87846933333333,0.944
441,14821.5,0.830564784,4.799328,971.525,0.924092409,4.753816,46.9546666666667,2.76388266666667,0.8421,119048.370333333,4.726448,0.9057
442,15098.4,0.794223827,4.800749333,907.75,0.893939394,4.70676,46.1006666666667,2.499944,0.7179,119725.222333333,4.92397066666667,0.9231
443,15399.7,0.708074534,4.659208,905.289,0.816326531,4.779370667,46.9443333333333,2.58934933333333,0.2963,120309.172666667,4.59435466666667,0.9298
444,15656,0.698113208,5.015701333,1104.96,NA,4.077045333,68.7773333333333,3.49848,0.7833,120901.960333333,4.986944,0.8598
445,14526,0.916030534,20.90525333,952.422,0.06741573,4.945314667,62.1843333333333,4.36059733333333,0.8105,121512.326,7.66877333333333,0.8257
446,11486.3,0.873015873,23.69797867,329.548,0.4,5.286618667,42.8623333333333,4.415392,0.9197,121004.946666667,23.7364213333333,0.8792
447,8452.48,0.905405405,23.87413333,40.6556,0.573426573,6.958674667,43.0086666666667,4.375768,0.7031,120314.476,24.1102426666667,0.8923
448,5451.96,0.61682243,23.88742933,40.1444,0.386554622,10.240904,41.6883333333333,4.50301333333333,0.6972,119783.011,23.7930906666667,0.8435
449,2566.75,0.818181818,23.92152267,41.7222,0.666666667,12.31017867,43.5776666666667,3.75814666666667,0.7042,119049.828,24.0018293333333,0.9119
450,541.936,0.886227545,18.26566667,41.7444,0.824242424,11.58284533,43.7096666666667,3.78697333333333,0.7702,117944.041333333,23.871952,0.9471
451,43.1538,0.921212121,9.776664,42.4667,0.921212121,11.10583467,44.727,4.00264,0.8649,116747.824333333,23.996,0.9333
452,42.0333,0.978947368,9.705112,41.5385,0.978947368,12.162392,44.4966666666667,5.25094133333333,0.9007,115978.440333333,23.892624,0.9586
453,43.0333,0.933333333,11.64625333,42.9326,0.933333333,13.12601067,43.1443333333333,5.83309866666667,0.9531,115268.521,23.6188773333333,0.9451
454,45.4222,0.923076923,13.34309333,43.9101,0.923076923,12.7498,43.7743333333333,7.85962133333333,0.904,114579.924666667,24.1743493333333,0.8772
455,44.6264,0.93989071,14.93170133,42.1758,0.93989071,11.86492267,45.0556666666667,6.68817866666667,0.9537,114039.099666667,23.8077733333333,0.8452
456,44.0889,0.981818182,13.311528,43.3596,0.981818182,13.22441333,43.538,6.859704,0.9318,113428.006333333,23.7605173333333,0.9527
457,43.7556,0.933333333,13.75156267,42.6484,0.933333333,13.98137867,43.2223333333333,6.61725066666667,0.9247,112633.780333333,23.7963893333333,0.974
458,44.8989,0.944444444,13.70033067,43.6404,0.944444444,15.47754133,44.557,8.61949333333333,0.8247,111805.489,23.82392,0.9275
459,45.7363,0.867256637,15.730528,43.8556,0.867256637,14.454504,44.6173333333333,9.98617333333333,0.8161,111070.907666667,23.8828373333333,0.9451
460,45.6889,0.845238095,15.43823467,42.9333,0.845238095,14.15037867,44.6463333333333,9.53061333333333,0.787,110390.489666667,23.7644293333333,0.9147
461,45.2247,0.875502008,14.42904267,43.6889,0.875502008,13.349904,41.5053333333333,9.650704,0.9489,109707.079333333,24.042104,0.9084
462,44.2967,0.951008646,13.80246667,43.0449,0.951008646,13.58472267,40.1773333333333,9.348808,0.9493,109106.501,23.7378773333333,0.919
463,42.7978,0.96875,12.287352,42.7222,0.96875,14.14482933,39.7906666666667,9.321808,0.945,108405.986333333,23.8214613333333,0.8959
464,44.3297,0.971608833,13.21420533,43.9111,0.971608833,13.20302133,40.4373333333333,9.548888,0.9625,107396.890333333,23.7842133333333,0.8618
465,43.2667,0.958448754,12.790976,42.6889,0.958448754,13.71474933,41.6886666666667,9.94257866666667,0.9253,106541.798333333,23.7925173333333,0.9306
466,44.5333,0.926267281,13.518368,43.6444,0.926267281,13.47572,44.643,11.802304,0.9432,105829.453,23.9702213333333,0.9423
467,44.7303,0.919282511,14.04432267,43.0667,0.919282511,13.540864,41.7203333333333,12.731504,0.9455,104946.481333333,23.7804453333333,0.9707
468,44.5556,0.96373057,14.04604533,43.3596,0.96373057,13.74536533,40.6,13.7034693333333,0.9023,104127.065333333,23.786872,0.9059
469,44.3407,0.902723735,14.10300267,42.9121,0.902723735,13.44012267,40.633,13.1194053333333,0.9429,103518.039,23.8242373333333,0.8784
470,44.8444,0.930875576,13.563032,42.5056,0.930875576,14.96245333,41.7356666666667,15.2348933333333,0.9154,102925.449,23.9577253333333,0.9395
471,46.2667,0.916408669,15.073888,44.5222,0.916408669,14.429904,41.8173333333333,15.0436266666667,0.9053,102252.391,24.0088853333333,0.9147
472,44.9222,0.901840491,14.88336,42.8333,0.901840491,14.17248533,42.097,14.7998746666667,0.9248,101402.542666667,23.851824,0.8935
473,44.4222,0.909090909,14.31084533,42.0989,0.909090909,12.223048,41.5253333333333,12.9530453333333,0.8817,100375.252666667,23.9443386666667,0.9379
474,43.236,0.892561984,12.320432,40.7045,0.892561984,12.42538933,40.9486666666667,11.423272,0.9167,99284.3426666667,23.960424,0.9755
475,42.3222,0.915384615,11.17559733,41.0989,0.915384615,12.08761067,40.5783333333333,10.3231813333333,0.8201,98241.1893333333,23.6003573333333,0.9094
476,42.6703,0.818181818,10.727808,40.8556,0.818181818,14.24048267,41.3986666666667,12.7576,0.8811,97515.5326666667,24.12088,0.9285
477,44.8556,0.881118881,13.18119733,42.3596,0.881118881,14.04315467,41.5623333333333,15.7605226666667,0.9198,96784.852,23.832152,0.9356
478,44.9778,0.919786096,14.97744,42.8111,0.919786096,12.59802133,41.5113333333333,14.1852,0.9412,95915.9713333333,23.8448853333333,0.8941
479,44.1573,0.941176471,13.631672,41.5667,0.941176471,11.31712267,41.8193333333333,12.415976,0.9347,94899.0053333333,23.9512106666667,0.8624
480,43.7778,0.933333333,11.97263733,41.7222,0.933333333,12.444496,40.0696666666667,12.206376,0.9735,94157.8176666667,23.8322026666667,0.8958
481,44.3187,0.970238095,12.58198667,42.6292,0.970238095,13.73690933,40.6313333333333,12.4413973333333,0.9701,93623.0793333333,24.0098666666667,0.8458
482,43.8315,0.975,12.45104,43.5889,0.975,13.66992533,40.8743333333333,13.3508586666667,0.9669,92917.5213333333,23.94292,0.9112
483,44.0889,0.962121212,13.44663733,43.2,0.962121212,13.83925333,40.538,14.660264,0.8651,91866.9786666667,23.8413973333333,0.9406
484,46.2527,0.88209607,14.44225867,44.1778,0.88209607,14.52736533,42.0486666666667,16.62056,0.8361,90654.891,23.7517546666667,0.9365
485,45.3146,0.805755396,15.82522667,44.2778,0.805755396,13.60999467,41.0366666666667,13.60972,0.9231,89835.805,23.8799786666667,0.9544
486,44.9111,0.923076923,14.20137867,43.4,0.923076923,14.310792,41.789,15.3085146666667,0.9358,89126.4073333333,24.065872,0.9502
487,44.8989,0.932038835,14.51923467,43.4667,0.932038835,13.59450133,41.527,13.8885013333333,0.9275,88430.082,23.5995866666667,0.8758
488,44.4396,0.934782609,14.10747467,43.2556,0.934782609,14.21370133,41.1816666666667,13.1864746666667,0.9035,87878.9546666667,24.105464,0.8446
489,43.1778,0.911564626,13.08326667,43.6111,0.911564626,12.15096267,41.0033333333333,12.3179706666667,0.913,87276.2713333333,23.946976,0.9481
490,43.0225,0.908450704,11.671832,42.4444,0.908450704,12.70939467,40.5116666666667,11.181112,0.8734,86490.0246666667,23.92272,0.9723
491,43.6923,0.85106383,11.23903467,41.9,0.85106383,12.29440267,39.507,11.46904,0.9038,85651.1893333333,23.92968,0.9279
492,43.1124,0.910638298,11.739544,41.1573,0.910638298,11.96572,40.7553333333333,11.6266746666667,0.9623,84905.1986666667,23.9271813333333,0.9456
493,42.4444,0.960960961,11.358048,40.7,0.960960961,11.47038933,40.2256666666667,11.4460186666667,0.9877,84218.126,23.8348026666667,0.92
494,43.1222,0.979228487,11.25085333,40.8333,0.979228487,10.79413333,40.604,10.7998906666667,0.9586,83528.4503333333,23.9245733333333,0.918
495,42.1667,0.974729242,10.83793867,39.9778,0.974729242,12.17401867,40.9063333333333,11.749744,0.9271,82920.5396666667,23.7958906666667,0.9075
496,42.9667,0.901234568,11.58548267,41.6222,0.901234568,13.40629333,41.6856666666667,14.7030106666667,0.9055,82232.5123333333,23.8957546666667,0.8981
497,45.0889,0.90212766,14.08578933,42.8315,0.90212766,13.44957067,41.5623333333333,15.422168,0.9407,81236.99,24.0211466666667,0.858
498,44.9444,0.948571429,15.16416,42.7889,0.948571429,12.28558133,40.8583333333333,12.75436,0.9186,80343.163,23.851016,0.9286
499,44.3111,0.917431193,12.79583733,41.8889,0.917431193,12.50395733,40.8503333333333,13.9031706666667,0.9322,79639.1723333333,23.9597413333333,0.9391
500,44.3444,0.926108374,13.37844267,42.3222,0.926108374,12.93806667,41.048,12.750968,0.9204,78766.4916666667,23.796816,0.9737
501,44.2778,0.928104575,12.842416,42.8111,0.928104575,12.62753333,40.111,11.086488,0.9012,77914.8806666667,23.9464453333333,0.9193
502,43.2444,0.913207547,11.42750133,42.6742,0.913207547,11.502704,40.4886666666667,10.5347066666667,0.8264,77282.3986666667,23.768856,0.8548
503,42.8222,0.828947368,10.85730933,42.4444,0.828947368,13.14018667,41.398,13.6645066666667,0.8475,76697.6493333333,24.1424453333333,0.9358
504,43.9556,0.819047619,12.41627733,43.7889,0.819047619,14.478568,42.0223333333333,15.113984,0.9343,76031.41,23.907912,0.9174
505,45.2,0.961832061,14.686504,44.2778,0.961832061,14.49466133,41.8783333333333,15.7720666666667,0.871,75197.6363333333,23.8363173333333,0.8944
506,46.1667,0.873015873,15.87346133,44.2889,0.873015873,13.76311467,42.174,15.9911786666667,0.9155,74175.2256666667,23.9997653333333,0.9396
507,45.4333,0.931506849,15.59577067,42.7253,0.931506849,12.67102667,41.09,13.020576,0.7826,73093.987,23.9105706666667,0.9727
508,43.8556,0.743801653,13.28275467,43.4556,0.743801653,13.254136,40.53,12.5046346666667,0.9394,72031.1556666667,23.7839253333333,0.9041
509,43.9889,0.896551724,13.09693067,42.1556,0.896551724,12.556912,41.0666666666667,11.633384,0.8933,71283.793,23.8751306666667,0.9341
510,43.0889,0.922155689,11.34005067,43.4333,0.922155689,11.599336,40.0476666666667,9.11367466666667,0.9348,70567.1343333333,24.0426826666667,0.9322
511,42.3556,0.921212121,9.698498667,41.9222,0.921212121,11.258936,39.771,9.97975466666667,0.9735,69713.2246666667,23.960248,0.8959
512,42.011,0.978947368,9.838544,40.1778,0.978947368,12.37334133,40.7566666666667,11.901576,0.928,68693.2643333333,23.8554746666667,0.8624
513,42.9438,0.933333333,11.51122933,41.0899,0.933333333,13.223104,41.097,14.978024,0.9412,67918.9863333333,23.8004186666667,0.9036
514,44.1538,0.923076923,13.42513867,42.1556,0.923076923,12.93528,40.8666666666667,14.3169733333333,0.9479,67388.1763333333,23.8793333333333,0.8532
515,45.0225,0.93989071,14.59450667,42.0444,0.93989071,11.98415733,41.378,13.6082293333333,0.9798,66703.524,24.0160213333333,0.902
516,43.6923,0.981818182,13.50737067,41.6444,0.981818182,12.82189867,41.514,13.279272,0.9242,65682.782,23.8765333333333,0.9406
517,44.5,0.933333333,13.73302667,41.7778,0.933333333,13.83336533,41.916,14.5456213333333,0.8966,64460.2266666667,23.9592933333333,0.9298
518,44.7528,0.944444444,13.74264,42.6556,0.944444444,15.49994933,41.7966666666667,16.501512,0.8652,63606.2466666667,23.9217706666667,0.9541
519,45.9,0.867256637,15.509528,43.9,0.867256637,14.41151467,41.622,15.4044666666667,0.8087,62899.334,23.7933386666667,0.9534
520,46.0556,0.845238095,15.43044533,43.4494,0.845238095,14.21495733,41.0096666666667,14.5469973333333,0.9288,62193.2663333333,23.9736586666667,0.8903
521,45.7253,0.875502008,14.806848,43.8111,0.875502008,13.31848267,41.4886666666667,12.8269626666667,0.9658,61638.278,23.8217626666667,0.8266
522,44.1932,0.951008646,13.30985333,42.6222,0.951008646,13.44819733,40.8333333333333,12.4521973333333,0.9632,61051.0773333333,23.99432,0.9485
523,43.1319,0.96875,12.641664,41.1667,0.96875,13.93981333,41.3196666666667,14.0616373333333,0.9856,60276.536,23.7382293333333,0.9691
524,44.5556,0.971608833,13.02388533,42.5778,0.971608833,13.29862933,40.7113333333333,12.4259066666667,0.9319,59437.4426666667,24.034832,0.9392
525,43.8222,0.958448754,12.849208,42.1573,0.958448754,13.90335733,41.2333333333333,14.3428453333333,0.9214,58682.1193333333,23.918104,0.94
526,44.427,0.926267281,13.314712,42.3111,0.926267281,13.727392,41.1483333333333,14.3489333333333,0.9459,57994.139,23.9957306666667,0.9138
527,44.5667,0.919282511,14.21705867,41.8462,0.919282511,13.506544,40.3666666666667,14.0050426666667,0.9198,57294.2036666667,23.8197573333333,0.9241
528,45.3778,0.96373057,14.028216,42.573,0.96373057,13.46528267,41.3,13.556768,0.9244,56682.197,23.7931973333333,0.9132
529,44.0889,0.902723735,13.939232,41.0562,0.902723735,13.52598667,39.5313333333333,14.1304666666667,0.9263,56013.328,24.0961466666667,0.8962
530,45.1556,0.930875576,13.58474667,43.1333,0.930875576,14.87129067,38.338,16.1199413333333,0.908,55035.1153333333,23.9558453333333,0.8563
531,46.8444,0.916408669,15.01786133,43.9,0.916408669,14.51715467,37.6913333333333,14.3094666666667,0.9213,54123.0286666667,23.6244693333333,0.9219
532,45.2,0.901840491,14.98303467,43.2667,0.901840491,14.01184,37.4666666666667,13.7658133333333,0.8779,53428.8356666667,24.092696,0.9382
533,44.7444,0.909090909,14.205016,42.1,0.909090909,12.55321067,36.727,12.2717626666667,0.9119,52559.4946666667,23.869632,0.9738
534,43.7444,0.892561984,12.51495467,40.9444,0.892561984,12.069208,37.6103333333333,10.2815413333333,0.8718,51691.927,24.0224933333333,0.9355
535,43.0778,0.915384615,11.237504,41.7889,0.915384615,12.53092267,38.373,11.433088,0.8514,51045.8883333333,23.756848,0.8319
536,43.9,0.818181818,10.648112,41.5778,0.818181818,14.06055467,37.937,15.6310133333333,0.9266,50467.0483333333,23.993536,0.932
537,45.5056,0.881118881,12.85584533,43.4222,0.881118881,14.22846933,37.3666666666667,13.9225066666667,0.9153,49811.737,23.839576,0.9199
538,44.9778,0.919786096,14.991728,43.1444,0.919786096,12.55233867,37.324,13.0843493333333,0.9329,48994.0046666667,24.0192586666667,0.8962
539,44.6,0.941176471,13.73073333,41.809,0.941176471,11.474264,38.5213333333333,12.4354346666667,0.9613,47977.6896666667,23.8153546666667,0.9364
540,44.573,0.933333333,12.025176,41.8889,0.933333333,12.42649067,37,12.357352,0.9718,46905.6376666667,24.0671173333333,0.9746
541,44.9121,0.970238095,12.49405333,42.8043,0.970238095,13.461944,37.089,13.2153413333333,0.9735,45828.6816666667,23.7622666666667,0.898
542,44.0444,0.975,12.59092533,43.1023,0.975,13.636896,37.1753333333333,13.5521866666667,0.927,45058.4066666667,24.0039973333333,0.937
543,44.427,0.962121212,13.28371467,42.8,0.962121212,14.142848,38.4823333333333,16.8168853333333,0.7857,44352.7986666667,23.7955946666667,0.9371
544,45.4444,0.88209607,14.29147467,44,0.88209607,14.379528,37.5,14.391576,0.9119,43522.67,23.835864,0.8993
545,45.7,0.805755396,15.96678133,44.0778,0.805755396,13.73961067,38.805,15.0170453333333,0.9281,42504.135,24.10352,0.8496
546,45.1778,0.923076923,14.21200267,43.8111,0.923076923,14.190416,38.46,14.2668186666667,0.931,41692.9766666667,23.868008,0.9064
547,44.809,0.932038835,14.48390667,43.5444,0.932038835,13.37242667,37.1556666666667,13.4498053333333,0.9169,41160.774,23.7821866666667,0.8679
548,45.4945,0.934782609,14.075776,43.3483,0.934782609,13.94565867,37.311,12.3011386666667,0.9149,40495.224,23.9295733333333,0.8933
549,43.8681,0.911564626,13.339704,43.4111,0.911564626,12.499216,38.1823333333333,11.114576,0.8642,39501.7973333333,24.02108,0.9333
550,43.5227,0.908450704,11.61114133,42.8556,0.908450704,12.562216,37.1556666666667,12.2116986666667,0.917,38274.8446666667,23.7950693333333,0.9416
551,43.3043,0.85106383,11.34281867,42.5889,0.85106383,12.453592,37.4776666666667,11.2088986666667,0.9457,37393.5333333333,23.85488,0.9427
552,43.0449,0.910638298,11.72372533,40.6778,0.910638298,11.92301333,38.271,11.718552,0.9749,36689.1406666667,23.9906773333333,0.9548
553,43.022,0.960960961,11.50824533,40.8989,0.960960961,11.79967467,38.255,11.0673386666667,0.9779,35970.227,23.8853386666667,0.9065
554,43.3222,0.979228487,11.260584,41.1758,0.979228487,10.764128,35.9886666666667,10.998184,0.9351,35411.433,23.812816,0.8321
555,42.7191,0.974729242,10.6906,40.8989,0.974729242,12.076792,37.5333333333333,13.2842106666667,0.8863,34835.664,24.0004613333333,0.936
556,43.1648,0.901234568,11.63013333,42.0111,0.901234568,13.59634933,38.602,16.7288666666667,0.9567,34067.8006666667,23.817336,0.9689
557,45.236,0.90212766,13.91206667,42.9889,0.90212766,13.34502933,36.495,12.5965866666667,0.9115,33230.8363333333,23.8175093333333,0.9472
558,44.9663,0.948571429,14.92958133,42.5056,0.948571429,12.25184533,37.0333333333333,13.2972746666667,0.9266,32474.8293333333,23.936656,0.9312
559,44.0556,0.917431193,12.91931733,42.3111,0.917431193,12.309272,39.0936666666667,13.4339946666667,0.9333,31787.0166666667,23.9939333333333,0.9212
560,44.6703,0.926108374,13.592952,42.2222,0.926108374,12.731256,38.4363333333333,11.7692693333333,0.9272,31083.0746666667,23.8008186666667,0.9251
561,44.6333,0.928104575,12.846512,43.011,0.928104575,12.69389067,36.3473333333333,10.9316186666667,0.8249,30456.4933333333,24.07788,0.9121
562,43.5056,0.913207547,11.34387733,42.5667,0.913207547,11.71499467,38.83,11.7179066666667,0.7961,29802.8526666667,23.9000026666667,0.895
563,43.1538,0.828947368,10.94879467,43.1798,0.828947368,13.21350933,37.7433333333333,15.011488,0.9606,28858.2006666667,23.706736,0.8726
564,44.0674,0.819047619,12.16748,43.7889,0.819047619,14.70516533,38.1243333333333,15.9364613333333,0.8806,27915.5996666667,23.995608,0.9084
565,45.1,0.961832061,14.66644533,44.6374,0.961832061,14.399208,38.446,16.3923013333333,0.9296,27208.0663333333,23.792864,0.9388
566,46.1333,0.873015873,15.75756,44.8636,0.873015873,13.68767467,37.1206666666667,12.9235813333333,0.7597,26350.7343333333,24.0578666666667,0.9733
567,45.2889,0.931506849,15.656544,42.5824,0.931506849,12.38227467,37.384,13.3782693333333,0.9009,25487.7593333333,23.8168933333333,0.9464
568,44.3444,0.743801653,13.44695733,43.4778,0.743801653,13.11370667,38.0473333333333,12.020632,0.9186,24827.075,23.9388373333333,0.8151
569,43.4889,0.896551724,13.08231733,42.4444,0.896551724,12.34145333,38.2293333333333,9.655672,0.9212,24253.5953333333,23.9780453333333,0.9313
570,43.7333,0.922155689,11.46342667,43.2222,0.922155689,11.59203467,37.4113333333333,9.29113333333333,0.9789,23599.9453333333,23.90912,0.9221
571,42.7033,0.921212121,9.84292,42.2667,0.921212121,11.78330133,36.833,11.7291093333333,0.9333,22806.1416666667,23.8635946666667,0.9091
572,42.236,0.978947368,9.562552,40.9222,0.978947368,12.46758667,37.701,13.0460586666667,0.9268,21802.085,23.8790506666667,0.9231
573,43.4222,0.933333333,11.54750667,41.1444,0.933333333,13.38859467,37.6673333333333,16.1184266666667,0.9368,20734.7683333333,23.9621386666667,0.9745
574,44.5556,0.923076923,13.22379467,42.2111,0.923076923,13.01193067,36.773,12.791808,0.9858,19649.1136666667,23.8087786666667,0.897
575,44.8556,0.93989071,14.68369867,42.8539,0.93989071,11.93633067,37.8776666666667,13.844552,0.9268,18852.3063333333,24.0287093333333,0.9378
576,44.0333,0.981818182,13.40197067,42.2556,0.981818182,12.606832,37.628,13.9015653333333,0.96,18154.225,23.9459893333333,0.932
577,44.809,0.933333333,13.53558667,42.4111,0.933333333,13.69262133,38.289,15.911664,0.8468,17334.4886666667,23.7424906666667,0.9114
578,44.3778,0.944444444,13.838024,42.7778,0.944444444,15.312664,38.5356666666667,16.5245466666667,0.8634,16325.3003333333,23.7067866666667,0.8368
579,45.7253,0.867256637,15.66059467,43.5111,0.867256637,14.73169333,39.3786666666667,14.379688,0.8797,15487.69,24.084144,0.91
580,45.5714,0.845238095,15.67340267,43.4444,0.845238095,14.13067733,37.4023333333333,13.6577733333333,0.9558,14943.3773333333,23.9043653333333,0.91
581,45.4444,0.875502008,14.56550667,42.9333,0.875502008,13.153152,36.611,12.1871306666667,0.9704,14298.8176666667,23.9803653333333,0.8512
582,44.3556,0.951008646,13.69556533,41.5506,0.951008646,13.21171467,37.5223333333333,13.101512,0.9709,13333.539,23.8481466666667,0.9261
583,43.7614,0.96875,12.26568,41.8556,0.96875,14.00300267,37.3563333333333,13.1734106666667,0.9542,12106.268,23.783544,0.9481
584,43.7363,0.971608833,13.19144267,42.2889,0.971608833,13.74095733,37.8556666666667,13.3720453333333,0.9143,11189.6383333333,24.048336,0.9397
585,43.1222,0.958448754,12.825432,41.8778,0.958448754,13.747936,37.9623333333333,14.670368,0.9383,10487.277,23.8782106666667,0.9576
586,44.236,0.926267281,13.251512,42.7191,0.926267281,13.680272,38.345,14.0194746666667,0.9399,9764.10866666667,23.7351786666667,0.9185
587,44.2667,0.919282511,14.23964,42.6111,0.919282511,13.560744,37.258,14.4604533333333,0.9143,9189.85166666667,24.0814426666667,0.8538
588,44.3258,0.96373057,13.80415733,43.8444,0.96373057,13.70749867,38.336,13.4750693333333,0.927,8628.37966666667,23.6929493333333,0.9178
589,44.2667,0.902723735,13.98609333,42.6556,0.902723735,13.416152,39.2066666666667,15.6039653333333,0.9054,7873.51966666667,24.0939093333333,0.9675
590,44.7111,0.930875576,13.541352,44.6111,0.930875576,14.657264,37.2886666666667,14.392416,0.9184,7030.96133333333,23.9182,0.9478
591,46.4667,0.916408669,14.97030933,44.1011,0.916408669,14.76829867,38.0776666666667,14.7321546666667,0.9034,6264.09666666667,23.7807626666667,0.9333
592,45.1099,0.901840491,15.21937333,43.3297,0.901840491,13.650008,37.47,12.4895653333333,0.895,5578.01233333333,23.9788133333333,0.927
593,44.3258,0.909090909,14.03301333,42.7978,0.909090909,12.65870667,37.1443333333333,10.8825013333333,0.8978,4873.57166666667,23.8950053333333,0.9208
594,43.5714,0.892561984,12.80189067,42.6111,0.892561984,11.86147467,38.9923333333333,10.7688933333333,0.8451,4241.06933333333,23.8928106666667,0.9106
595,42.7303,0.915384615,11.15598133,42.7444,0.915384615,12.61974667,37.889,14.0819573333333,0.8889,3601.26733333333,23.9741706666667,0.8934
596,42.6593,0.818181818,10.72324,42.4111,0.818181818,13.776,37.662,15.293656,0.9274,2676.22166666667,23.9980293333333,0.8818
597,44.5385,0.881118881,13.061792,43.8539,0.881118881,14.77341333,37,13.5671306666667,0.9604,1713.53166666667,23.6269866666667,0.9124
598,45.3146,0.919786096,14.855584,43.7667,0.919786096,12.64844267,38.5723333333333,11.9756106666667,0.9271,1005.066,24.0079786666667,0.935
599,44.3636,0.941176471,13.36664,41.9111,0.941176471,11.60861867,36.8726666666667,12.5888826666667,0.9762,270.416666666667,19.797944,0.9659
600,44.2527,0.933333333,12.48676267,42.7,0.933333333,11.75789867,37.3443333333333,12.647864,0.9695,42.3063333333333,12.6909866666667,0.9701
601,44.0556,0.970238095,12.32634933,42.5506,0.970238095,13.50267733,37.7666666666667,13.4722106666667,0.97,41.6986666666667,13.24052,0.9692
602,43.8556,0.975,12.56521867,42.8556,0.975,13.75508267,37.9343333333333,15.6064986666667,0.8139,43.188,14.8374933333333,0.8139
603,44,0.962121212,13.30775467,43.3778,0.962121212,14.42804533,38.1116666666667,15.601792,0.8921,44.807,15.6589493333333,0.8921
604,45.0112,0.88209607,14.13215733,44.4111,0.88209607,14.20737867,37.6556666666667,14.1168026666667,0.9213,43.8513333333333,14.6905546666667,0.9213
605,45.2333,0.805755396,15.96254133,43.9444,0.805755396,13.639312,37.711,14.7317866666667,0.9496,42.9003333333333,14.6749706666667,0.9496
606,44.956,0.923076923,14.40471733,43.7978,0.923076923,13.92194933,37.4443333333333,13.7631386666667,0.9171,42.6146666666667,13.8190453333333,0.9171
607,44.573,0.932038835,14.48865867,43.1333,0.932038835,13.63906933,37.5666666666667,13.3035413333333,0.9008,41.771,13.5790586666667,0.9008
608,44.7333,0.934782609,13.934672,43.2111,0.934782609,13.61023467,37.718,11.2471466666667,0.9167,41.541,11.9125893333333,0.9167
609,43.2747,0.911564626,13.40971467,42.9111,0.911564626,12.81932533,37.2403333333333,11.8213093333333,0.8902,40.3223333333333,11.3116933333333,0.8902
610,43.5111,0.908450704,11.933368,42.7,0.908450704,12.187808,36.8443333333333,11.4626906666667,0.9143,39.997,11.679704,0.9143
611,43.0225,0.85106383,10.89447467,41.8427,0.85106383,12.70053867,38.7293333333333,11.5366026666667,0.9719,40.3263333333333,11.669152,0.973
612,43.4783,0.910638298,12.11934933,42.2778,0.910638298,11.94773333,38.056,11.5627893333333,0.9795,40.1783333333333,11.4388773333333,0.9778
613,42.9091,0.960960961,11.107624,41.6,0.960960961,11.90728,38.216,10.4728346666667,0.9607,39.3663333333333,10.9408453333333,0.962
614,43.1099,0.979228487,11.47387467,42.2333,0.979228487,11.218728,37.0553333333333,12.2056746666667,0.9072,39.772,11.8360533333333,0.9049
615,42.7222,0.974729242,10.802272,40.6593,0.974729242,11.784776,38.0453333333333,15.646528,0.9236,42.511,14.57608,0.9254
616,43.1348,0.901234568,11.266296,42.6629,0.901234568,13.558496,38.2796666666667,14.2390293333333,0.9212,43.6443333333333,14.4374053333333,0.9212
617,45.2333,0.90212766,13.932024,44.6517,0.90212766,13.436792,38.4506666666667,12.9872133333333,0.9373,41.8033333333333,13.316936,0.9366
618,45.1304,0.948571429,15.55702667,42.9444,0.948571429,12.55404,38.8106666666667,13.94768,0.931,42.9323333333333,13.8420266666667,0.931
619,43.8202,0.917431193,12.68413067,43.2935,0.917431193,12.26598133,39.4603333333333,12.345024,0.9247,42.7486666666667,12.759896,0.9247
620,44.8791,0.926108374,13.630248,43.809,0.926108374,11.36591467,37,11.0096693333333,0.8559,40.9536666666667,11.5079333333333,0.8584
621,44.2022,0.928104575,12.707528,43.2889,0.928104575,11.84471733,38.8836666666667,10.9536186666667,0.8364,39.689,10.72792,0.8302
622,43.4889,0.913207547,11.55407467,41.7889,0.913207547,12.40155733,38.059,14.2073466666667,0.9016,41.4676666666667,13.180504,0.9016
623,43.2247,0.828947368,10.62999733,42.8111,0.828947368,12.831256,37.8853333333333,15.4009706666667,0.9078,42.7463333333333,15.205592,0.9078
624,44.3222,0.819047619,12.26443733,44,0.819047619,14.63958667,38.3223333333333,16.0762186666667,0.8983,43.9573333333333,16.0014613333333,0.8983
625,45.4222,0.961832061,14.636168,44.5889,0.961832061,14.89166667,38.012,14.8134746666667,0.831,44.222,15.141344,0.831
626,46.1222,0.873015873,15.64440267,44.4333,0.873015873,13.43179733,37.069,13.523184,0.8548,42.1366666666667,13.6611333333333,0.8548
627,45.8,0.931506849,15.84342133,43.2111,0.931506849,12.35257067,37.0456666666667,12.2607333333333,0.9281,41.5126666666667,12.7173173333333,0.9281
628,43.6374,0.743801653,13.55722133,43.4111,0.743801653,12.87723733,37.8823333333333,10.4632986666667,0.8957,41.1973333333333,11.194056,0.8957
629,43.6629,0.896551724,12.90934667,41.9333,0.896551724,12.063552,37.6903333333333,9.134928,0.9688,39.2633333333333,9.50013066666667,0.9688
630,43.1222,0.922155689,11.61211467,42.7753,0.922155689,11.60544267,37.947,11.2835173333333,0.9425,38.284,10.440456,0.9425
631,43.2527,0.921212121,9.832704,42.8111,0.921212121,12.18942667,36.7333333333333,12.185112,0.9508,40.478,11.8581333333333,0.9508
632,42.7333,0.978947368,9.557786667,41.8333,0.978947368,12.22768533,38.1496666666667,15.1722133333333,0.9271,41.9356666666667,14.180264,0.9305
633,44.0449,0.933333333,11.4198,42.9222,0.933333333,13.560888,37.3556666666667,13.5411786666667,0.9668,43.6336666666667,14.4277866666667,0.963
634,44.0222,0.923076923,13.161376,44.2222,0.923076923,13.42979733,37.2223333333333,13.6627733333333,0.9508,42.4793333333333,13.6677786666667,0.9508
635,44.9333,0.93989071,14.76933867,43.0222,0.93989071,11.83356267,37.5506666666667,13.9630053333333,0.9592,42.1776666666667,13.7127893333333,0.9592
636,43.8222,0.981818182,13.40475467,42.6517,0.981818182,12.41026933,38.0726666666667,15.1381226666667,0.8889,42.5913333333333,14.5638373333333,0.8889
637,44.0889,0.933333333,13.605144,42.1429,0.933333333,13.609352,38.0556666666667,15.8042613333333,0.8727,43.789,15.7019226666667,0.8727
638,44.2778,0.944444444,13.85244267,42.9222,0.944444444,14.875544,39.832,14.8711493333333,0.8246,44.132,15.3322213333333,0.8246
639,45.8444,0.867256637,15.48024267,44.5056,0.867256637,15.10415467,37.39,14.6782826666667,0.9446,42.456,14.541072,0.9446
640,46.1444,0.845238095,15.606912,44.6556,0.845238095,14.12279467,37.126,12.7465173333333,0.9645,40.5113333333333,13.443008,0.9706
641,45.3333,0.875502008,14.60895467,43.5824,0.875502008,13.07764,37.1446666666667,12.753912,0.9644,39.8683333333333,12.7519466666667,0.9592
642,43.7978,0.951008646,13.57585333,43.0562,0.951008646,13.100424,37.121,13.287232,0.9619,40.0663333333333,13.100216,0.9619
643,43.4222,0.96875,12.48767467,42.8556,0.96875,13.90913867,37.3423333333333,12.959144,0.9431,40.0906666666667,12.9663866666667,0.9406
