time,js.latency,js.accuracy,js.throughput,jet.latency,jet.accuracy,jet.throughput,aws.latency,aws.accuracy,aws.throughput,tcp.latency,tcp.accuracy,tcp.throughput
5,45.1573,0.858784893,11.04639733,48.6818,0.851098454,11.505248,74.16666667,0.841666667,0.452744,70.889,0.9242,11.817816
6,45.5824,0.877850163,11.24853067,51.0899,0.88503937,10.72097867,21.83333333,0.751866667,0.369664,114.926,0.919433333,11.80118133
7,44.6136,0.873239437,10.742896,50.0769,0.88923802,11.81689067,69.72233333,0.8003,0.741797333,67.63333333,0.897733333,11.67860267
8,45.6778,0.899653979,11.34081067,56.8556,0.906144497,13.00660533,63.80566667,0.905366667,1.239445333,67.53333333,0.897033333,11.58208267
9,45.4348,0.882468812,11.79554667,51.9545,0.900831734,11.08413333,79.66666667,0.875066667,1.156202667,69.36666667,0.928,11.954
10,45.8427,0.854689564,11.79236,50.9451,0.897160883,11.79164267,31.518,0.864766667,2.423994667,70.27266667,0.898433333,12.65132267
11,48.0674,0.877537656,12.61498933,51.4157,0.877642537,11.83432267,75.6,0.859633333,3.934989333,69.42433333,0.909266667,12.850544
12,45.9333,0.877300614,12.188296,50.0333,0.90157251,11.79466133,37.4,0.878766667,2.158746667,68.76666667,0.930366667,11.91591733
13,45.9444,0.858858859,12.54469333,52.3333,0.902411022,12.28351733,37.22233333,0.885866667,2.111141333,66.7,0.944433333,11.39739467
14,46.0889,0.87144623,12.60407733,52.2637,0.889957907,12.65653867,37.511,0.839733333,2.220816,66.13333333,0.9224,11.34406667
15,46.4556,0.856608479,12.49790667,52.6067,0.873703478,12.74738667,39.293,0.8718,3.300093333,70.16666667,0.9094,12.037392
16,46.1648,0.875,13.260024,52.2556,0.886322188,12.91354133,36.06666667,0.880566667,2.552776,72.46666667,0.9096,12.35259467
17,46.5111,0.876136364,13.42326133,54.5,0.911877395,13.049384,50.31866667,0.885666667,2.869602667,67.36666667,0.934466667,11.62138133
18,46.5,0.847926267,13.53165333,58.7444,0.912493121,14.13277867,54.14433333,0.882666667,3.273802667,68.03333333,0.930033333,11.843808
19,46.8778,0.857475276,13.82277867,53.9556,0.891032917,13.09873067,45.366,0.87,4.380141333,68.4,0.902166667,11.81813333
20,46.967,0.867420349,13.94488,53.3678,0.878695209,12.3016,74.13333333,0.9077,5.575938667,69.03333333,0.898466667,12.058696
21,49.6,0.874511991,14.57114667,53.7363,0.908008658,12.67317333,71.1,0.910466667,5.57684,71.5,0.913666667,13.0274
22,46.1222,0.904205608,13.644896,53.8889,0.910857143,12.85329867,74.689,0.9082,5.605877333,72.391,0.926866667,13.645808
23,46.4889,0.827244582,13.51173333,52.0111,0.834017595,12.69088533,71.93333333,0.9142,5.758997333,72.76666667,0.9319,12.86633067
24,46.8022,0.825766871,13.97366933,52.7033,0.845508982,12.714568,77.66666667,0.919333333,6.393472,73.90366667,0.927633333,12.51054133
25,46.7865,0.827629911,13.82286133,53.4831,0.867995019,12.708096,84.29633333,0.920466667,6.635042667,76.06066667,0.926533333,12.96926133
26,46.7444,0.843559978,13.67939733,52.7444,0.886620097,13.31381867,80.485,0.943366667,6.312130667,79.721,0.9343,14.76216267
27,46.3667,0.85535248,13.82898133,53.1556,0.878757515,13.54984533,71.311,0.9045,6.576538667,73,0.915833333,12.94400267
28,47.1111,0.865060241,13.84197067,61.1011,0.874853801,13.961448,94.24433333,0.8979,7.942357333,71.63333333,0.8933,12.63389067
29,47.3333,0.864898211,13.63859467,52.9889,0.888358209,12.505072,81.77766667,0.937433333,8.693917333,72.36666667,0.8943,12.79694933
30,47.2667,0.845002992,13.76993867,52.9341,0.846420323,12.64822133,83.75566667,0.914866667,7.896029333,72.03933333,0.912033333,13.12495467
31,49.8667,0.888231816,14.603472,53.2778,0.888382688,12.782032,79.55566667,0.926366667,8.038461333,71.779,0.910466667,13.49194667
32,46.3556,0.844267727,13.48850133,53.1136,0.880606444,12.81697867,83.489,0.941333333,8.021304,72.7,0.9127,12.86384533
33,46.6111,0.866152768,13.68146667,53.011,0.886639676,12.59152,72.57766667,0.9207,9.167488,74,0.909133333,13.082256
34,47.1818,0.852525253,13.602016,52.9205,0.8828125,12.11760267,76.22233333,0.9322,10.410608,78.23333333,0.9027,13.81429067
35,47.1538,0.846446701,14.010928,52.978,0.910216718,12.47841067,60.4,0.9237,9.74832,80,0.899033333,13.877584
36,46.4944,0.880886427,13.43866133,52.7111,0.916275955,12.23602133,60.206,0.9053,10.042504,71.16666667,0.9168,12.48820533
37,46.5556,0.858099063,13.572688,53.2333,0.867875648,12.35369867,61.15566667,0.939533333,9.837821333,71.4,0.912266667,12.58490933
38,46.4778,0.817039106,13.38275733,58.7667,0.861863847,13.55429333,62.83333333,0.919,9.941816,72.3,0.919433333,12.75664
39,46.2444,0.837662338,13.15350667,52.1444,0.89059501,12.06179733,74.57766667,0.939366667,10.02185067,72.4,0.916866667,12.77336533
40,46.0562,0.856562923,13.32417867,51.7333,0.857877814,12.214016,58.24066667,0.9046,10.53461333,71.797,0.926,13.09042667
41,49.9556,0.852830189,14.15332,51.6444,0.873873874,12.049728,55.05566667,0.921733333,10.72078667,71.015,0.904466667,12.907784
42,46.3222,0.84496124,12.86403467,51.2444,0.895799236,12.19685867,53.15566667,0.895433333,10.58817067,70.92433333,0.905066667,12.88988
43,46.2556,0.806004619,13.06296,53.5444,0.893271462,12.33563733,45.3,0.924866667,11.29763733,70.16666667,0.9015,12.31792
44,46.3444,0.831139096,12.889528,52.8778,0.885361552,12.42033067,46.96666667,0.918766667,12.779544,72.86666667,0.921733333,12.69533867
45,46.4945,0.826285714,13.22287467,54.6556,0.883131837,12.35394133,39,0.923466667,11.01121867,76.16666667,0.919166667,13.124432
46,46.1573,0.85884455,13.05965067,52.3034,0.910938434,12.83700267,40.33333333,0.906533333,12.00162933,69.36666667,0.922233333,12.16539467
47,46.7582,0.850718301,13.56429067,54.6556,0.878655881,12.00135733,40.42233333,0.9233,11.81009867,69.2,0.9172,12.122696
48,46.3596,0.806671721,12.96907733,56.0889,0.848351648,12.747392,39.6,0.9225,11.32626133,69.43333333,0.92,12.10862133
49,46.6703,0.865177833,13.66292533,52.0444,0.859594384,12.022848,40,0.917733333,11.501008,69.43333333,0.9097,12.17229333
50,46.0333,0.87431694,12.46881333,48.5111,0.885159011,11.34508533,38.05566667,0.9315,12.03290133,69.894,0.9166,12.73157067
51,49.2333,0.893280632,13.586848,49.5444,0.91048202,11.62423733,36.6,0.8838,12.3682,70.088,0.915666667,13.20840267
52,45.9556,0.846921797,12.40785067,52.3222,0.882123341,12.39567467,37.63333333,0.9238,12.740592,70.63333333,0.897133333,12.49233067
53,46.1236,0.848920863,11.515424,51.2667,0.853195164,12.02729067,36.43333333,0.8822,12.22124,71.4,0.909933333,12.56747467
54,45.5778,0.898431049,11.27074667,51.8667,0.934306569,12.11468533,37.23333333,0.9227,12.740888,71.052,0.896533333,12.009632
55,44.8222,0.858784893,11.161792,52.7,0.851098454,11.90630133,37.16666667,0.9213,12.211672,71.80733333,0.923,11.79243467
56,45.1429,0.877850163,11.25448267,51.8111,0.88503937,11.139688,36.16666667,0.8738,11.406608,67.83333333,0.906233333,11.884032
57,45.5056,0.873239437,10.87002133,51.0444,0.88923802,11.417264,36.56666667,0.9306,11.594672,65.709,0.895733333,11.80203467
58,45.3667,0.899653979,11.32708,57.4556,0.906144497,13.001912,37.26666667,0.9212,12.237616,67.82733333,0.921866667,12.24735467
59,45.8667,0.882468812,11.52050133,50.4886,0.900831734,11.07037867,37.36666667,0.8665,12.190656,69.53633333,0.904133333,12.66702133
60,46.4222,0.854689564,11.942808,52.2308,0.897160883,12.13304533,37.26666667,0.9298,12.095416,69.16666667,0.8876,12.15890933
61,48.3,0.877537656,12.74294667,52.8778,0.877642537,11.841176,37.03333333,0.9462,12.008544,68.96666667,0.935266667,12.06645867
62,45.9326,0.877300614,12.04790133,50.8889,0.90157251,11.80155467,35.79366667,0.933733333,11.860992,67.3,0.9426,11.67877333
63,46.1648,0.858858859,12.67397067,50.6593,0.902411022,12.649896,36.16666667,0.925666667,11.840872,64.4,0.933,11.15005067
64,46.2778,0.87144623,12.60015733,52.9674,0.889957907,12.65201067,39.06666667,0.8971,12.97592,69.2,0.916966667,11.93141067
65,46.1556,0.856608479,12.508352,51.4773,0.873703478,12.32481067,36.3,0.9174,11.451584,72.16666667,0.902566667,12.45684533
66,46.0778,0.875,13.09445067,53.3444,0.886322188,12.89274933,36.56666667,0.9426,11.734256,66.36666667,0.925733333,11.51913067
67,46.4,0.876136364,13.41262667,53.5761,0.911877395,13.45934667,36.63333333,0.9228,11.84796,67.46366667,0.934233333,12.19361867
68,46.3111,0.847926267,13.536768,58.2889,0.912493121,14.17216,36.56666667,0.8975,11.788088,67.45166667,0.914366667,12.27607467
69,47.1111,0.857475276,13.81847467,51.3667,0.891032917,13.091688,37.4,0.8918,12.183336,68.02433333,0.896533333,12.360576
70,46.8556,0.867420349,13.76746133,53.1236,0.878695209,12.764408,37.66666667,0.9192,12.6296,70.13333333,0.900933333,12.33209067
71,49.6556,0.874511991,14.60658667,51,0.908008658,12.68308267,37.96666667,0.9342,12.7232,71.43333333,0.9242,12.6608
72,46.7889,0.904205608,13.634608,51.4556,0.910857143,12.83709067,38.33333333,0.922333333,13.761752,72.03333333,0.929133333,12.78783733
73,46.4778,0.827244582,13.52563467,53.5056,0.834017595,12.687912,38.494,0.9317,13.466664,72.7,0.923433333,12.946368
74,46.6,0.825766871,13.802752,52.4348,0.845508982,12.713672,39.5,0.9236,14.121304,75.9,0.930133333,13.37486667
75,47.2556,0.827629911,13.97457867,52.2472,0.867995019,12.74692,38.6,0.9562,13.07116,79.06666667,0.934966667,13.80336267
76,46.3736,0.843559978,13.84544533,52.7363,0.886620097,13.271408,38.03333333,0.8924,12.816656,73.16366667,0.935166667,13.46037333
77,46.6477,0.85535248,13.505928,52.6667,0.878757515,13.487576,37.8,0.8781,12.674456,71.997,0.891633333,13.17451467
78,47.2967,0.865060241,14.00939733,59.5333,0.874853801,14.03183733,39.1,0.905,12.860376,71.86666667,0.889733333,12.72523733
79,47.0667,0.864898211,13.65562933,52.3556,0.888358209,12.51411467,38.2,0.9115,12.685176,72.58166667,0.904766667,13.21034133
80,47.1444,0.845002992,13.72833333,51.5667,0.846420323,12.620104,37.93333333,0.9202,12.71236,71.73333333,0.9144,12.69423733
81,50.0556,0.888231816,14.62481867,54.6207,0.888382688,12.403664,38.03333333,0.9053,12.714064,71.76666667,0.915233333,12.712928
82,46.4333,0.844267727,13.49734667,53.967,0.880606444,12.77026133,39.06066667,0.9165,14.62044,72.63333333,0.907333333,12.91590133
83,46.4556,0.866152768,13.675336,78.3214,0.886639676,11.74671467,39.33333333,0.8873,13.528016,75.06666667,0.9049,13.41019467
84,47.0879,0.852525253,14.052176,71.5521,0.8828125,13.39708267,38.93333333,0.9122,13.904384,78.03333333,0.898166667,13.69776
85,47.0222,0.846446701,13.853568,54.4556,0.910216718,12.46571467,37.46666667,0.9067,12.499152,77.7,0.910066667,13.44047733
86,46.4831,0.880886427,13.45289333,51.5222,0.916275955,12.26147467,37.7,0.9224,12.651264,71.091,0.913266667,12.96080267
87,46.7363,0.858099063,13.719896,52.7222,0.867875648,12.34519467,38.2,0.914,12.834856,71.815,0.918066667,13.129592
88,46.3111,0.817039106,13.37919733,58.9556,0.861863847,13.56901333,38.26666667,0.9228,12.779608,72.1,0.919266667,12.79359733
89,46.6854,0.837662338,13.01682667,54.8778,0.89059501,12.05327467,37.6,0.935,12.56628,71.697,0.925933333,13.13418933
90,46.3,0.856562923,13.45912267,50.9667,0.857877814,12.17788267,37.7,0.8937,12.559224,71.06666667,0.921233333,12.563928
91,49.5955,0.852830189,14.008016,54.8876,0.873873874,12.090824,37.4,0.8995,12.82756533,70.83333333,0.895933333,12.51879733
92,46.2778,0.84496124,12.875048,52.1,0.895799236,12.18181067,37.01833333,0.912666667,12.98730667,70.4,0.903166667,12.35713333
93,46.3111,0.806004619,13.04684267,52.3222,0.893271462,12.345144,37.23333333,0.9087,12.406352,69.5,0.910366667,12.26057333
94,46.4222,0.831139096,12.90890133,65.8861,0.885361552,10.75494933,38.2,0.9246,13.509616,72.96666667,0.914733333,12.775008
95,46.2111,0.826285714,13.06587467,206.577,0.883131837,10.68060533,36.7,0.9226,12.02892,75.46666667,0.920066667,13.03418933
96,46.3667,0.85884455,13.20004267,162.712,0.910938434,13.63870133,37.13333333,0.9306,12.219728,68.78166667,0.927533333,12.47566933
97,46.4667,0.850718301,13.413528,54.3333,0.878655881,12.15154667,36.8,0.9142,12.061784,69.31833333,0.924433333,12.56181067
98,46.1444,0.806671721,13.11131467,54.7333,0.848351648,12.88128,36.76666667,0.9016,12.2156,69.33333333,0.9115,12.10668533
99,46.7667,0.865177833,13.55897333,51.0333,0.859594384,11.844416,37.4,0.9295,12.388888,69.63033333,0.910266667,12.66945067
100,45.6667,0.87431694,12.46927467,48.5111,0.885159011,11.47594667,37.2,0.9239,12.414856,70.06666667,0.927633333,12.397544
101,48.5,0.893280632,13.542008,50.2111,0.91048202,11.71829067,37.26366667,0.882066667,12.75356533,69.9,0.909633333,12.399024
102,46.3222,0.846921797,12.45951467,50.8889,0.882123341,12.16866933,37.62433333,0.8989,13.59625867,70.76666667,0.888033333,12.52901333
103,45.9889,0.848920863,11.64290667,51.3956,0.853195164,12.49765867,36.51833333,0.9,10.68094933,70.6,0.9003,12.5052
104,45.1798,0.898431049,11.154112,50.7889,0.934306569,12.06720267,37.56666667,0.9248,13.02444533,69.5,0.906333333,12.21541067
105,45.022,0.858784893,11.28391733,50.6444,0.851098454,11.84766933,36.3,0.8998,11.63223733,71.26666667,0.916466667,12.560376
106,45.0899,0.877850163,11.01761333,51.7614,0.88503937,10.86566933,36.66666667,0.8825,11.6806,66.33333333,0.894033333,11.64826933
107,45.2667,0.873239437,10.99412,51.4222,0.88923802,11.463176,36.73333333,0.9528,11.7428,66.8,0.905933333,11.70133333
108,45.4222,0.899653979,11.30052,54.2556,0.906144497,12.47626667,37.46666667,0.874233333,12.73498933,68.06666667,0.926766667,11.94130133
109,45.2418,0.882468812,11.66469867,52.0659,0.900831734,12.357856,37.24533333,0.9145,12.38892533,69.93333333,0.887733333,12.225136
110,45.6742,0.854689564,11.81004533,49.7912,0.897160883,11.745496,37.2,0.920933333,12.11132267,68.7,0.915466667,12.03941867
111,48.3804,0.877537656,12.995536,52.1868,0.877642537,11.827056,37.097,0.953733333,11.96971467,68,0.930366667,11.91605067
112,45.6889,0.877300614,12.182008,50.8222,0.90157251,11.82064533,36,0.9225,11.272664,65.46666667,0.944433333,11.39739467
113,46,0.858858859,12.53648267,51.5333,0.902411022,12.26056,38.3,0.9143,13.22836,66.76666667,0.9224,11.34406667
114,46.1818,0.87144623,12.316296,88.2841,0.889957907,12.14092,35.9,0.9006,11.179192,69.27866667,0.909966667,12.468952
115,46.1333,0.856608479,12.52162933,84.0444,0.873703478,12.75891467,36.23333333,0.9271,11.548872,71.988,0.908933333,12.799712
116,46.1111,0.875,13.06324267,52.4333,0.886322188,12.87634133,37.03333333,0.9398,11.862688,66.8,0.930966667,12.08503733
117,46.5667,0.876136364,13.42016533,52.0114,0.911877395,12.56025333,36.4,0.9123,11.79788,67.23333333,0.930633333,11.84108533
118,46.5556,0.847926267,13.517848,56.9674,0.912493121,14.27562133,36.43333333,0.895233333,12.62285333,67.2,0.906566667,11.81702933
119,46.7033,0.857475276,13.973904,54.8791,0.891032917,13.45146667,37.888,0.906866667,13.06577867,68.6,0.899233333,12.100584
120,47.2022,0.867420349,13.63601867,53.7978,0.878695209,12.78307467,38,0.9256,12.636984,70.83333333,0.913266667,12.60103467
121,49.3587,0.874511991,14.90869067,51.5934,0.908008658,12.69470133,38.33333333,0.9322,12.836528,71.33333333,0.927266667,12.69178667
122,46.3667,0.904205608,13.626416,53.3409,0.910857143,12.79722933,38.26666667,0.9294,12.877336,72.05466667,0.9304,13.268552
123,46.7,0.827244582,13.53657067,52.9674,0.834017595,12.70329333,39.83333333,0.9242,14.33688,75.57033333,0.927766667,13.12080533
124,46.7889,0.825766871,13.79252533,53.1011,0.845508982,12.72268533,38.36666667,0.94,12.96376,78.53333333,0.925366667,14.40419733
125,47.1,0.827629911,13.97175467,52.1099,0.867995019,12.76833067,38.66666667,0.9233,13.103496,74.52733333,0.936266667,13.14676533
126,47.1461,0.843559978,13.542808,52.1889,0.886620097,13.202272,37.7,0.9015,12.558096,72.32733333,0.9158,13.34413867
127,46.6,0.85535248,13.803384,52.9425,0.878757515,12.965496,38.06666667,0.8814,12.8092,71.1,0.8948,12.64179733
128,47.0667,0.865060241,13.839808,57.1183,0.874853801,14.19220533,37.994,0.9171,13.60203733,71.86666667,0.8935,12.79769067
129,47,0.864898211,13.66818667,54.4157,0.888358209,12.95094667,37.712,0.9083,13.03865867,71.66666667,0.913533333,12.70938667
130,46.9444,0.845002992,13.72381867,51.9444,0.846420323,12.61223467,38.1,0.91,12.77388,71.3,0.9084,12.66669867
131,49.7333,0.888231816,14.631504,52.2778,0.888382688,12.77414133,38.66666667,0.9065,12.977488,72.4,0.9127,12.86384533
132,46.3778,0.844267727,13.50581867,51.0111,0.880606444,12.80666933,39.2,0.9164,13.514616,73.4,0.909133333,13.082256
133,46.5778,0.866152768,13.689432,53.4,0.886639676,12.60325067,39.66666667,0.8897,14.340968,77.25766667,0.904733333,14.19288
134,46.8333,0.852525253,13.865152,50.6111,0.8828125,12.545824,37.6,0.9116,12.569576,79.36066667,0.897433333,14.28562667
135,47.3,0.846446701,13.870096,52.6444,0.910216718,12.45421867,37.5,0.9102,12.517088,70.56666667,0.914766667,12.52262667
136,46.6222,0.880886427,13.60294667,52.4111,0.916275955,12.27407733,38.23333333,0.9313,12.75996,71.05466667,0.914866667,13.006088
137,46.4667,0.858099063,13.56171733,54.4444,0.867875648,12.89216533,38.13333333,0.9098,12.766616,71.66666667,0.924133333,12.76217867
138,46.7,0.817039106,13.40952267,54.1222,0.861863847,12.57862133,38.55466667,0.935866667,13.55451467,71.76666667,0.917466667,12.75711467
139,46.2889,0.837662338,13.160008,53.1444,0.89059501,12.51006667,37.712,0.8905,12.93194133,71.23333333,0.9222,12.66055733
140,46.0556,0.856562923,13.45065333,51.7333,0.857877814,12.16101333,37.7,0.9194,12.527592,70.83333333,0.904666667,12.51726133
141,48.8571,0.852830189,14.302464,52.0111,0.873873874,12.10941867,37.83333333,0.8919,12.298072,71.3,0.9046,12.478744
142,45.7,0.84496124,12.875496,52.7778,0.895799236,12.17409867,37.06666667,0.9181,12.280776,69.92133333,0.8999,12.72088
143,45.8667,0.806004619,13.05337867,52.2778,0.893271462,12.34072533,38.3,0.9141,13.601672,72.44833333,0.9197,13.10034133
144,45.9778,0.831139096,12.90547733,53.5682,0.885361552,12.00474133,36.93333333,0.9282,12.119776,75.4,0.919233333,13.10566933
145,46.2,0.826285714,13.07730667,50.8444,0.883131837,12.372312,37.6,0.9164,12.2082,68.794,0.9224,12.55425333
146,46.1556,0.85884455,13.20469067,51.7143,0.910938434,13.04891467,36.86666667,0.9214,12.030256,68.9,0.918066667,12.14888533
147,46.3667,0.850718301,13.395792,51.8111,0.878655881,12.47854933,37.26666667,0.9138,12.165344,68.63333333,0.918866667,12.07528533
148,45.8876,0.806671721,12.994312,53.6778,0.848351648,12.25117333,36.96933333,0.9155,13.480008,69.13333333,0.912033333,12.20130667
149,47.2198,0.865177833,13.69859733,52.7,0.859594384,12.093672,37.33333333,0.9288,12.432136,69.43333333,0.916866667,12.327208
150,45.9773,0.87431694,12.160912,52.5111,0.885159011,11.53794133,37.63333333,0.8815,12.345312,69.8,0.917,12.41284
151,48.4891,0.893280632,13.84094933,51.0879,0.91048202,11.77051467,38.33333333,0.9241,12.889152,70.26666667,0.897133333,12.49233067
152,45.5114,0.846921797,12.20309067,50.4333,0.882123341,12.07436,37,0.8827,12.072896,70.791,0.911466667,12.961168
153,45.4565,0.848920863,11.89002133,50.8556,0.853195164,12.18601067,38,0.921,11.559808,70.30966667,0.896666667,12.394456
154,44.9778,0.898431049,11.28758133,51.2921,0.934306569,11.994064,36.5,0.9213,12.211672,71.3,0.921666667,12.17078933
155,44.0568,0.858784893,10.91731467,50.3736,0.851098454,11.852488,35.42433333,0.8736,12.632424,67.63333333,0.905466667,11.94331733
156,45.022,0.877850163,11.25550667,49.4333,0.88503937,11.36600533,36.73333333,0.934,11.56576,65.66666667,0.892733333,11.469296
157,44.8427,0.873239437,10.879448,51.7889,0.88923802,11.87286133,36.56666667,0.9194,12.210624,67.53333333,0.927466667,11.80898933
158,45.4,0.899653979,11.29810133,52.0333,0.906144497,11.92968,36.8,0.8753,12.18284,69,0.902966667,12.221968
159,45.0333,0.882468812,11.563,52.0222,0.900831734,12.02553867,36.36666667,0.9231,12.094136,68.812,0.8869,12.54584533
160,46.3483,0.854689564,11.75765867,51.3596,0.897160883,11.72175733,36.46666667,0.9497,12.036088,68.51833333,0.935733333,12.462576
161,48.022,0.877537656,12.86686667,50.4066,0.877642537,11.81878133,35.03333333,0.9318,11.09352,66.9,0.942566667,11.71271733
162,46.1667,0.877300614,12.183464,51.5667,0.90157251,12.214192,35.43333333,0.9262,11.419992,64.43633333,0.9303,11.59846133
163,45.8667,0.858858859,12.51220533,51.0667,0.902411022,12.29685333,37.6,0.8971,12.97592,68.6,0.9165,11.93863467
164,45.9444,0.87144623,12.59281333,51.1444,0.889957907,12.15990933,35.21833333,0.916166667,11.82181333,72,0.903866667,12.467808
165,46.1444,0.856608479,12.52214133,50.7391,0.873703478,13.17776,35.57266667,0.948433333,12.52165067,65.93333333,0.9258,11.545808
166,45.8889,0.875,13.07462133,52.1798,0.886322188,12.85974133,35.8,0.9138,11.833232,66.96666667,0.936,11.77216
167,45.9556,0.876136364,13.396712,53.9318,0.911877395,13.02976533,35.83333333,0.8953,11.803968,67,0.914366667,11.828008
168,46.3556,0.847926267,13.52024533,54.8043,0.912493121,13.830512,36.6,0.8935,12.25084,67.4,0.8956,11.91983733
169,46.8667,0.857475276,13.817024,53.978,0.891032917,13.43690933,37.13333333,0.9244,12.669776,69.5,0.901766667,12.75424
170,47.0337,0.867420349,13.68031733,52.9886,0.878695209,12.32835733,37.3,0.9362,12.736976,71.003,0.9257,13.08754133
171,49.0659,0.874511991,14.71354933,51.3111,0.908008658,12.75571733,37.6,0.9197,12.90384,71.6,0.930033333,12.788008
172,46.6044,0.904205608,13.78270933,51.0667,0.910857143,12.77668533,37.63333333,0.9304,13.044344,72.46666667,0.923033333,12.95510133
173,46.5333,0.827244582,13.55640267,54.0222,0.834017595,12.690848,39.26666667,0.9236,14.121304,75.688,0.929433333,13.82565067
174,46.8667,0.825766871,13.77984,54.2444,0.845508982,12.757192,37.66066667,0.955133333,13.506456,79,0.934466667,13.771248
175,46.9,0.827629911,13.95783467,53.1,0.867995019,12.768816,37.112,0.8881,13.595104,72.93333333,0.934933333,12.986328
176,46.0556,0.843559978,13.71110933,51.7889,0.886620097,13.20862667,37.16666667,0.8889,12.700744,71.7,0.887633333,12.76926133
177,46.9333,0.85535248,13.806976,58.3,0.878757515,13.811744,37.63333333,0.9057,12.853528,71.56666667,0.887066667,12.73642933
178,47.0333,0.865060241,13.829224,56.1889,0.874853801,13.29566133,37.2,0.9082,12.672104,71.96666667,0.907166667,12.801976
179,46.3556,0.864898211,13.70288533,54.7667,0.888358209,12.965088,37.26666667,0.9173,12.721408,71.36366667,0.9136,13.10395467
180,47.5056,0.845002992,13.54547733,52.0333,0.846420323,12.637808,37.3,0.9024,12.705208,71.291,0.913466667,13.11969333
181,49.1522,0.888231816,14.92040533,52.1,0.888382688,12.75852,38.9,0.9222,13.400144,72.5,0.909966667,12.93980533
182,46.3333,0.844267727,13.514088,52.3222,0.880606444,12.80209067,38.63333333,0.8873,13.528016,74.73333333,0.906966667,13.415912
183,46.2889,0.866152768,13.68957067,51.3111,0.886639676,12.596856,39.03333333,0.9122,13.904384,77.08166667,0.898,14.08709333
184,46.3222,0.852525253,13.85686933,52.6444,0.8828125,12.555352,36.91833333,0.909566667,13.30246933,77.26666667,0.910366667,13.43596533
185,46.7444,0.846446701,13.846024,51.2809,0.910216718,12.447008,37.115,0.922866667,13.06581067,70.53333333,0.911933333,12.549856
186,46.7753,0.880886427,13.478232,52.8222,0.916275955,12.29092,37.7,0.907,12.855328,71.3,0.9196,12.71246133
187,45.9889,0.858099063,13.54992533,53.6667,0.867875648,12.76615467,37.43333333,0.9222,12.78996,71.8,0.916933333,12.81644
188,46.6222,0.817039106,13.41288533,55.6111,0.861863847,12.66679467,37.06666667,0.9299,12.53672,71.26666667,0.926866667,12.70849867
189,46.2778,0.837662338,13.177392,54.4111,0.89059501,12.552984,37.1,0.902,12.54568,70.688,0.921733333,12.965784
190,46.2841,0.856562923,13.140672,51.5111,0.857877814,12.137,36.76666667,0.8964,12.401216,70.815,0.8951,12.90841867
191,49.0323,0.852830189,14.591424,51.4505,0.873873874,12.52365067,36.63333333,0.9154,12.208064,69.53333333,0.904066667,12.34907467
192,46.4,0.84496124,12.88198667,52.6889,0.895799236,12.18037867,36.63333333,0.9087,12.406352,68.68166667,0.9118,12.66378133
193,46.0899,0.806004619,12.91056,52.3778,0.893271462,12.34693867,38.1,0.9246,13.509616,72.23333333,0.914,12.77410667
194,46.1222,0.831139096,12.910208,51.8444,0.885361552,12.39982933,36.01533333,0.919,12.810232,74.63333333,0.923933333,13.01605067
195,45.6629,0.826285714,12.92082933,53.1348,0.883131837,11.9998,36.27566667,0.934433333,12.610656,68.06666667,0.925266667,12.09252267
196,46.1099,0.85884455,13.349216,50.8681,0.910938434,12.981024,36,0.9078,12.054008,68.6,0.925133333,12.16708
197,45.4222,0.850718301,13.39648533,53.1111,0.878655881,12.41599467,36.3,0.9019,12.22724,68.33333333,0.91,12.113056
198,46.0659,0.806671721,13.29910133,51.5,0.848351648,12.36720267,36.43333333,0.9328,12.41088,69.106,0.9097,12.672728
199,46.2921,0.865177833,13.39824,50.9773,0.859594384,11.55562933,36.63333333,0.9228,12.407776,69.4,0.927266667,12.395184
200,47.0562,0.87431694,12.73193067,51.6413,0.885159011,12.09012267,36.56666667,0.8855,12.33496,70.01833333,0.9097,12.78522933
201,47.7033,0.893280632,13.26643733,50.4556,0.91048202,11.728872,37.53333333,0.8979,12.823848,70,0.888166667,12.50872267
202,45.7143,0.846921797,12.6236,51.2584,0.882123341,11.666576,36.50733333,0.901133333,11.49936,70.062,0.8991,12.49570933
203,45.5055,0.848920863,11.76837867,50.0769,0.853195164,12.198064,39.68466667,0.925766667,13.59157333,69.211,0.908266667,11.46198133
204,44.9318,0.898431049,11.03785333,52.1111,0.934306569,11.99961067,36.63333333,0.8957,11.493672,70.76666667,0.916466667,12.56024267
205,207.551,0.825862069,7.178648,103.029,0.851098454,9.192562667,37.08333333,0.8766,9.181914667,167.1026667,0.894466667,9.377248
206,320.524,0.864864865,7.268754667,457.439,0.88503937,7.14188,239.1,0.928533333,6.435645333,493.373,0.885466667,7.281392
207,233.905,0.830508475,7.13732,816.318,0.88923802,6.933589333,328.9166667,0.9102,5.377421333,878.7776667,0.924433333,6.992858667
208,87.6548,0.829085457,7.043165333,622.34,0.906144497,7.687693333,376.65,0.904866667,6.698669333,1268.555667,0.939866667,7.078661333
209,153,0.855363322,7.133525333,341.365,0.900831734,6.016285333,327.9443333,0.913766667,5.243301333,1699.389,0.909733333,7.465821333
210,82.3976,0.846256685,5.979029333,669.035,0.881733746,7.760872,293.3333333,0.9523,5.319552,2118.666667,0.869,6.912024
211,257.767,0.856956238,7.400482667,1100.53,0.842420611,7.404525333,120.726,0.894933333,5.023808,2522.944333,0.9001,7.224557333
212,348.17,0.849590938,6.93944,1037.7,0.885630499,6.688877333,54.33366667,0.8432,2.4942,2938.055333,0.922066667,7.213768
213,155.606,0.848894349,7.325701333,1234.04,0.897510133,7.107170667,69.31066667,0.859266667,3.882837333,3357.111,0.927,7.251413333
214,302.014,0.850560399,7.030461333,711.157,0.868374032,4.547088,48.35466667,0.888233333,2.693304,3759.611333,0.9474,7.001450667
215,337.56,0.829545455,7.132397333,290.636,0.836212031,3.372504,49.93333333,0.8757,2.749824,4147.825333,0.9421,7.256181333
216,234.584,0.868020305,7.223133333,332.571,0.796875,3.476746667,56.8,0.8822,3.017352,4506.595333,0.932533333,7.118624
217,460.348,0.849012776,7.263658667,450.064,0.712230216,3.610069333,63.8,0.8628,3.492898667,4878.992,0.916566667,7.220901333
218,562.969,0.835008871,6.841549333,155.986,0.741784038,4.125352,77.9,0.843,4.35432,5314.357,0.906666667,7.325717333
219,514.179,0.838516746,7.416341333,316.838,0.792844778,5.61884,106.5223333,0.8855,3.256333333,5760.272333,0.901733333,6.79492
220,769.938,0.833972603,7.041386667,503.952,0.834894037,5.800562667,183.3076667,0.8915,5.071629333,6143.103333,0.911866667,7.227456
221,916.411,0.872989462,7.090677333,960.731,0.873859367,6.632218667,257.9,0.9211,5.718954667,6530.460333,0.9294,7.319165333
222,1006.84,0.913043478,7.322645333,1156.13,0.897583429,7.027330667,266.8443333,0.906266667,6.068437333,6931.952333,0.936333333,7.438650667
223,1205.85,0.815104167,7.179992,1342.12,0.827912478,7.633752,269.889,0.901533333,6.883136,7336,0.941733333,7.078269333
224,1449.83,0.795783926,7.104826667,815.673,0.80806846,4.872074667,115.4363333,0.8781,4.593552,7733.889,0.9038,7.121522667
225,1478.34,0.841352406,7.149064,650.065,0.79245283,3.548941333,60.53333333,0.8345,3.247205333,8128.166667,0.9036,7.104253333
226,1563.7,0.848449386,7.149109333,51.2135,0.773255814,1.142466667,65.46666667,0.8416,3.506818667,8521.888667,0.892666667,7.080288
227,1647.08,0.856084656,7.156781333,55.7816,0.800214248,2.559557333,79.11433333,0.8531,3.727749333,8937.444333,0.899233333,7.330786667
228,1541.88,0.876459742,7.311874667,155.12,0.803357314,4.006645333,90.48166667,0.839666667,3.821176,9358.544333,0.909833333,6.695021333
229,1569.25,0.849656893,7.247589333,258.233,0.81184454,6.254042667,64.7,0.8403,3.453144,9795.333333,0.925066667,7.570173333
230,1634.78,0.81727159,6.998429333,560.167,0.787640449,7.645192,68.66666667,0.8285,3.784229333,10246.34433,0.925566667,7.157664
231,1537.09,0.852976914,7.160965333,1004.75,0.830254042,7.088154667,74.99633333,0.8309,4.08212,10680.82233,0.928066667,6.850888
232,1650.54,0.823050848,7.069794667,827.487,0.883396705,6.360656,149.5916667,0.8491,5.264554667,11134.66667,0.935233333,7.773866667
233,1753.93,0.837508948,7.317656,852.14,0.868493151,4.949261333,135.352,0.8642,4.561637333,11592.85567,0.9171,6.857461333
234,1646.98,0.818559557,7.148829333,465.633,0.838709677,4.585784,58.46666667,0.828033333,3.289954667,12043.76667,0.9358,7.428898667
235,1641.61,0.861558274,7.02028,148.234,0.896636086,3.82004,66,0.8285,3.589709333,12516.189,0.920766667,6.951517333
236,1594.47,0.890277778,7.368637333,363.746,0.787188612,5.494218667,122.2556667,0.876033333,3.940602667,12974.75,0.9286,6.431352
237,1575.29,0.852638794,7.085168,597.694,0.735334243,6.200245333,62.46966667,0.911266667,3.222944,13476.66667,0.936833333,7.749333333
238,1487.78,0.834612701,7.1258,901.477,0.761968085,6.677725333,63.56666667,0.8489,3.396912,13947.72233,0.9447,7.401426667
239,1403.99,0.842312746,7.377930667,1059.83,0.804625685,7.489946667,68.63333333,0.8605,3.685024,14405.211,0.927,6.899773333
240,1523.06,0.784,7.180538667,671.331,0.775612822,4.491266667,71.01666667,0.824266667,3.68112,14846.62233,0.8917,7.228008
241,1549.15,0.825503356,6.836632,290.162,0.84469697,2.817882667,179.1556667,0.867533333,4.507256,15294.66667,0.8953,7.568669333
242,1404.93,0.841743119,7.482917333,484.131,0.88128106,3.831914667,195.8633333,0.861766667,6.043976,15736.32233,0.885066667,6.876328
243,1504.95,0.818501171,6.96732,503.854,0.890046296,3.55728,109.8916667,0.854366667,4.708237333,16172.63333,0.891966667,7.231368
244,1305.94,0.84043849,7.211856,195.194,0.867724868,4.723696,78,0.835,3.109304,16614.92233,0.913966667,6.824829333
245,1367.73,0.827160494,7.277381333,346.303,0.744759556,5.563429333,76.846,0.851366667,3.647250667,17046.84433,0.9175,7.240442667
246,1502.83,0.83703234,7.085261333,585.955,0.756790124,5.853098667,55.2,0.8268,2.92472,17499.611,0.906266667,7.552856
247,1325.36,0.827357238,7.231224,714.345,0.756521739,5.805410667,58.33333333,0.8447,3.128504,17938.089,0.917366667,6.749706667
248,1388.58,0.783281734,7.089645333,670.78,0.727015559,5.127624,64.96666667,0.8653,3.484096,18374.93333,0.910066667,7.214138667
249,1471.13,0.815533981,7.038237333,635.124,0.821834723,6.254208,69.99533333,0.824333333,3.409656,18833.83333,0.9021,7.710682667
250,1330.81,0.853974122,7.417957333,484.833,0.864628821,4.851557333,109.6423333,0.831166667,5.173026667,19278.06667,0.910833333,6.467314667
251,1472.05,0.834810637,7.086586667,518.848,0.894223556,4.907322667,69.66666667,0.852733333,3.102626667,19740.4,0.916933333,7.663181333
252,1447.26,0.808798646,7.018298667,473.137,0.882123341,5.107661333,162.757,0.890466667,3.692146667,20216.53333,0.913466667,6.796293333
253,1365.56,0.811753903,7.425413333,397.5,0.825610784,6.825357333,191.625,0.915233333,5.772568,20678.8,0.883866667,7.315552
254,1478.99,0.839111111,6.951090667,682.017,0.901521217,7.403944,138.589,0.8542,3.772466667,21171.211,0.901033333,7.238104
255,1394.05,0.788213628,7.201173333,1118.95,0.853112033,7.393794667,129.1,0.900433333,4.0296,21702.17767,0.9095,7.371354667
256,1315.11,0.864864865,7.185488,1291.31,0.88503937,6.574184,62.82133333,0.884633333,2.938365333,22113.76667,0.918466667,6.731661333
257,1321.34,0.836734694,7.143704,1154,0.853950519,7.34144,57.93333333,0.8193,3.022448,22540.83333,0.897633333,7.471285333
258,1243.26,0.82664648,7.219805333,780.343,0.881735479,6.259845333,137.2483333,0.872333333,3.501530667,22999.5,0.9164,7.537909333
259,1109.69,0.858912595,7.228704,717.37,0.88630491,5.099576,60.789,0.8523,2.89004,23444.33333,0.931833333,6.785690667
260,1236.41,0.847811888,7.1312,247.122,0.780332056,3.132842667,54.56666667,0.885666667,2.813149333,23879.878,0.918266667,7.292266667
261,1481.19,0.830829523,7.006010667,404.852,0.764089122,3.824250667,59.94166667,0.870266667,2.898794667,24319.44433,0.9097,6.909629333
262,1468.93,0.851596744,7.130864,523.382,0.833430742,5.830682667,161.5,0.878466667,4.048298667,24753.13333,0.933666667,7.202901333
263,1413.28,0.8436542,7.400482667,793.887,0.828115771,4.955562667,94.9,0.881066667,4.746186667,25211.333,0.932366667,7.607698667
264,1425.17,0.860935525,6.918573333,375.306,0.873035067,5.342112,128.2,0.888066667,3.526626667,25652.26667,0.915933333,7.076130667
265,1224.06,0.84871312,7.444365333,577.664,0.847087379,5.103466667,55.96966667,0.8735,2.774445333,26068.87767,0.8912,6.645344
266,1311.92,0.859137056,7.112818667,289.275,0.877044216,3.874098667,52.4,0.8763,2.651509333,26498.50033,0.911933333,7.5218
267,1377.5,0.847262248,7.142104,593.049,0.852553069,4.755610667,59.03333333,0.8414,3.048074667,26949.389,0.903166667,7.464664
268,1346.77,0.855829983,7.194826667,593.36,0.74091442,5.544922667,64.6,0.8659,3.444656,27379.32233,0.894366667,6.991248
269,1439.72,0.841055719,7.277202667,777.2,0.786452354,7.628093333,70.23333333,0.8567,3.86752,27794.889,0.9179,7.309808
270,1486.8,0.824561404,6.913845333,721.436,0.82322975,6.021261333,91.878,0.847166667,4.574312,28203.97767,0.910966667,6.616658667
271,1390.61,0.871937639,7.242245333,685.353,0.872707659,4.064450667,116.011,0.861566667,4.702482667,28647.83333,0.916266667,7.412797333
272,1582.03,0.896913221,6.779842667,514.227,0.874855156,3.402448,109.2556667,0.871,5.039829333,29136.27767,0.922133333,7.38984
273,1659.97,0.810572687,7.702034667,378.603,0.836171462,2.569986667,60.63333333,0.8904,3.08612,29588.05533,0.917266667,7.257333333
274,1638.38,0.796052632,7.101946667,99.7805,0.808877929,3.440064,58.56666667,0.8316,2.980312,30005.61133,0.9223,7.241224
275,1637.52,0.841342989,6.949682667,199.333,0.756129032,4.714906667,58.23333333,0.8581,3.009384,30425.33333,0.918933333,7.313890667
276,1566.98,0.846962617,7.437696,386.983,0.776811594,4.92012,62.03333333,0.8242,3.227181333,30839.9,0.930133333,6.906064
277,1622.68,0.855932203,6.892890667,820.016,0.794926004,8.041477333,65.83333333,0.8453,3.572928,31248.05567,0.923733333,7.2638
278,1534.74,0.87031346,7.224578667,920.822,0.836561743,6.713178667,73.56666667,0.8465,4.09332,31651.28867,0.9133,6.833250667
279,1463.28,0.847265871,7.110269333,857.114,0.836912362,4.674496,79.94766667,0.829433333,4.000992,32051.97767,0.8949,6.879890667
280,1448.81,0.817554859,7.385928,652.071,0.817080208,4.254064,200.8413333,0.8941,4.421141333,32472.16667,0.9149,7.407485333
281,1529.01,0.862238622,7.118234667,372.214,0.879490151,2.220746667,220.6806667,0.877633333,6.994773333,32909.22233,0.927266667,7.45572
282,1631.06,0.808,7.009106667,75.0602,0.867830424,2.717085333,204.289,0.872,5.395426667,33343.611,0.930333333,7.018706667
283,1668.87,0.841954023,7.210848,154.355,0.673455533,4.108650667,213.4666667,0.871466667,4.060237333,33763.17767,0.908366667,7.072610667
284,1617.18,0.837762238,7.309149333,356.045,0.72044335,5.745133333,194.4556667,0.840666667,4.245474667,34180.311,0.874566667,6.993008
285,1575.17,0.86521181,7.250954667,653.211,0.806927518,7.179314667,79.61666667,0.834533333,3.89088,34614,0.9072,7.511402667
286,1690.53,0.889506602,6.947098667,985.393,0.840522876,7.314189333,59.46666667,0.8961,3.042672,35057.63333,0.906633333,6.817128
287,1661.69,0.848275862,7.302674667,1107.74,0.847757423,7.327928,61.86666667,0.8982,3.223181333,35495.48733,0.8864,7.4102
288,1568.11,0.839662447,7.108442667,1156.21,0.81748072,6.426706667,66.53333333,0.8642,3.551090667,35903.578,0.906066667,6.9836
289,1536.22,0.844850065,7.098114667,750.85,0.875242405,6.619581333,71.3,0.8143,3.938184,36308.25567,0.9165,7.483178667
290,1465.93,0.786127168,7.233130667,732.067,0.834196891,5.368122667,89.452,0.850333333,3.897050667,36728.00033,0.9231,7.166416
291,1542.33,0.820095044,7.2292,375.165,0.758577667,5.600805333,134.4276667,0.831633333,5.396136,37144.55567,0.905633333,7.142165333
292,1600.17,0.838412881,7.352250667,561.431,0.831600832,5.393090667,92.67633333,0.853366667,3.755509333,37528.44433,0.8804,7.224128
293,1534.8,0.824705882,6.968512,597.646,0.843243243,4.407157333,97.8,0.841366667,3.876029333,37908.41233,0.893066667,7.268677333
294,1550.86,0.853103872,7.108848,526.286,0.867413082,4.367277333,54.33333333,0.8682,2.777288,38298.81567,0.933833333,7.006090667
295,1570.53,0.826815643,7.218576,668.338,0.883131837,5.316149333,52.8,0.8222,2.754192,38683.889,0.931133333,6.861194667
296,1393.49,0.841703751,7.287218667,645.551,0.896551724,4.442338667,58.13333333,0.8325,3.006925333,39107.77767,0.9016,7.412853333
297,1448.43,0.81462141,7.163850667,472.577,0.845579079,4.468144,64.53333333,0.862,3.399261333,39535.83367,0.870466667,7.252365333
298,1546.76,0.78369906,6.835725333,540.889,0.747650036,4.65572,70.43333333,0.8592,3.848098667,39950.111,0.9102,7.231557333
299,1389.75,0.810248199,7.428552,587.075,0.776831346,5.599402667,90.73333333,0.7983,3.930421333,40365.83333,0.9217,7.293117333
300,1476.93,0.851376147,7.056130667,738.587,0.825932504,7.197794667,116.961,0.847,4.738784,40785.44433,0.929766667,7.225493333
301,1474.95,0.846029173,7.1944,1061.01,0.782417582,7.350797333,88.15833333,0.846733333,3.358349333,41185.05533,0.956633333,7.076421333
302,1364.56,0.798312236,7.353213333,885.819,0.823444284,6.348461333,111.6616667,0.901033333,4.257490667,41561.151,0.936433333,7.053408
303,1434.66,0.8,7.003904,716.219,0.824935952,5.110717333,49.66666667,0.8453,2.478576,41920.25433,0.9279,7.139024
304,1240.03,0.859894921,7.295509333,702.109,0.914805625,4.439861333,48.93633333,0.8489,2.712605333,42296.52367,0.921766667,7.27892
305,1244.49,0.848689772,7.210576,46.6813,0.851273624,1.098493333,53.08533333,0.907333333,2.597850667,42734.35567,0.899933333,6.941226667
306,1480.07,0.851666667,7.119616,87.439,0.871205907,2.496952,57.86066667,0.835233333,3.083474667,43212.438,0.897333333,7.501506667
307,1805.86,0.830508475,7.112109333,137.222,0.813069909,4.105282667,63.51666667,0.853966667,3.047496,43569.83333,0.9148,6.883285333
308,1665.4,0.824495893,7.060266667,287.339,0.777856636,4.715026667,99.343,0.8456,4.05264,43947.80967,0.934333333,7.332077333
309,1476.09,0.855955679,7.32064,593.043,0.828981723,8.003149333,61.9,0.8834,3.317658667,44338.611,0.938233333,7.023805333
310,1479.36,0.842733908,7.079394667,834.448,0.833962264,7.251656,77.50466667,0.8902,3.112154667,44747.83333,0.938433333,7.527722667
311,1264.29,0.850980392,6.880002667,995.333,0.842420611,7.092488,154,0.878366667,4.26808,45155.889,0.9042,7.110717333
312,1301.66,0.868405094,7.565752,1366.24,0.883829539,6.993709333,181.895,0.8898,4.221936,45549.16667,0.899333333,7.104986667
313,1325.32,0.850490196,7.08816,837.006,0.893789901,5.348741333,165.2333333,0.915966667,3.991877333,45944.44433,0.899533333,7.131237333
314,1595.33,0.859671302,7.299282667,603.112,0.886363636,2.840901333,76.751,0.873666667,3.960410667,46362.44433,0.896933333,7.327605333
315,1799.24,0.841239722,7.037549333,342.709,0.791970803,2.928186667,60.35466667,0.886,3.167234667,46791.77767,0.912466667,6.715706667
316,1680.84,0.856782334,7.327810667,335.023,0.792945787,3.191112,63.04066667,0.8547,3.106117333,47219.7,0.925533333,7.196744
317,1631.2,0.84216657,6.971077333,129.348,0.757410768,3.516997333,102.8083333,0.856066667,4.321082667,47671.55567,0.9292,7.666032
318,1507.47,0.839667458,7.374426667,350.914,0.781212842,6.315624,64.43333333,0.854,3.375850667,48118.43333,0.9286,6.811848
319,1527.19,0.8424821,6.975136,659.603,0.814730878,7.951533333,70.13333333,0.8526,3.788317333,48561.65533,0.926933333,7.353850667
320,1480.47,0.813596491,7.267149333,1121.9,0.843503937,6.680338667,157.311,0.879366667,4.091866667,49004.789,0.919,6.861261333
321,1553.3,0.876727474,7.090088,1239.82,0.869239014,6.617688,102.489,0.851766667,4.613317333,49457.77767,0.927133333,7.347250667
322,1560.67,0.90052356,6.845378667,806.688,0.906590258,5.974989333,64.86666667,0.874333333,3.214914667,49947,0.926133333,6.943421333
323,1574.71,0.808402292,7.543485333,889.013,0.787128713,5.201669333,63.6,0.8727,3.330746667,50443.43333,0.931,7.29396
324,1669.36,0.796576695,7.225072,846.085,0.751507033,4.972557333,64.13333333,0.8345,3.392957333,50914.611,0.946066667,7.384813333
325,1636.22,0.827586207,7.158458667,424.978,0.753196931,3.42912,67.73333333,0.840866667,3.354525333,51376.589,0.942133333,6.96892
326,1554.47,0.844756883,7.045677333,472.879,0.79977182,4.806826667,99.05833333,0.861466667,4.423642667,51831.77767,0.912266667,7.301848
327,1592.25,0.856991525,7.324912,598.927,0.802265706,5.267872,60.2,0.8309,3.289229333,52270.87767,0.894233333,6.814408
328,1507.04,0.86993865,7.045133333,307.264,0.823129252,4.682922667,63.3,0.8513,3.693917333,52703.55533,0.8902,7.576786667
329,1509.85,0.849401386,7.124928,670.221,0.845373134,4.57056,68.56666667,0.8183,4.093568,53147.15567,0.885666667,6.806826667
330,1449.43,0.813159528,7.292989333,192.169,0.837821664,3.962037333,128.2556667,0.874233333,3.521928,53585.14467,0.903333333,7.325130667
331,1560.53,0.862068966,7.149277333,359.414,0.867276888,4.186464,151.3833333,0.836766667,5.938992,54051.16667,0.9137,7.627165333
332,1654.46,0.829135466,6.476096,419.35,0.735936466,4.56756,56.2,0.8688,2.839544,54495.57767,0.914466667,6.756778667
333,1610.71,0.845272206,7.767722667,243.493,0.689470154,3.803866667,53.6,0.8276,2.910728,54918.47767,0.900466667,7.137837333
334,1665.47,0.832515767,7.285653333,519.417,0.737777778,7.395328,54.63333333,0.830633333,3.139610667,55359.6,0.921733333,7.203973333
335,1650.34,0.854744997,7.205386667,576.075,0.825641026,6.111314667,54.63633333,0.859033333,3.162344,55796.87767,0.909866667,6.836936
336,1603.03,0.889200561,7.177157333,565.379,0.891260841,5.531128,64.33333333,0.908733333,3.385570667,56244,0.903766667,7.729898667
337,1575.07,0.844720497,7.057333333,884.016,0.845953003,4.702672,70.43033333,0.850366667,3.935698667,56706.73333,0.9097,6.982728
338,1517.52,0.847977685,7.185338667,1180.7,0.854264607,7.926362667,77.56666667,0.8549,4.293541333,57173.33333,0.909,7.204490667
339,1512.83,0.842592593,7.096901333,868.765,0.860228717,6.282253333,103.375,0.8246,3.358938667,57650.011,0.9086,7.191421333
340,1508.47,0.792534099,7.418965333,223.853,0.803499327,2.960741333,205.677,0.870966667,6.366224,58143.861,0.879933333,7.169474667
341,1498.79,0.8245497,7.093589333,445.536,0.759096612,3.062704,165.3333333,0.8635,4.738298667,58627.811,0.909733333,7.34348
342,1544.84,0.840778923,6.724096,452.776,0.803252033,3.965954667,206.0223333,0.8729,4.437197333,59114.778,0.914733333,7.318861333
343,1529.65,0.833333333,7.523157333,449.025,0.781464531,4.107904,78.64833333,0.845133333,3.500090667,59545.13333,0.915833333,6.65808
344,1497.33,0.842883549,7.196189333,275.653,0.789115646,5.448274667,51.806,0.849466667,2.797546667,59959.77767,0.902733333,7.09524
345,1348.87,0.822580645,7.183621333,453.449,0.806020067,5.733029333,52.48166667,0.826033333,2.986325333,60407.5,0.914166667,7.624005333
346,1364.12,0.838300571,7.194237333,702.614,0.854390935,5.289357333,54.56666667,0.8504,2.972541333,60853.77767,0.933266667,6.833874667
347,1511.52,0.81462141,7.155317333,833.169,0.856070088,6.408546667,59.3,0.8682,3.440085333,61288.32233,0.913933333,7.215522667
348,1371.9,0.783018868,7.201408,218.351,0.848351648,2.996989333,68.36666667,0.812,3.867461333,61755.111,0.9122,7.722568
349,1418.33,0.821829856,7.023245333,264.885,0.818330606,3.243298667,81.28533333,0.8294,4.447994667,62201.289,0.932833333,6.809429333
350,1480.43,0.851376147,7.100016,391.841,0.754966887,3.699464,179.9166667,0.851166667,4.961226667,62630.911,0.933366667,7.111370667
351,1399.85,0.852965069,6.995706667,668.802,0.780715397,4.948453333,91.672,0.889,3.821288,63070.44433,0.907666667,7.487848
352,1460.88,0.80235492,7.54168,753.41,0.754047803,6.702136,52.06366667,0.880866667,2.718165333,63498.23333,0.895933333,6.649344
353,1448.49,0.798457088,7.07276,669.291,0.789699571,6.544914667,50.3,0.8221,2.423704,63917.722,0.9104,7.155805333
354,1296.96,0.858143608,7.215016,506.641,0.901116427,4.707189333,49.93333333,0.8819,2.370618667,64353.44433,0.900333333,7.472722667
355,1366.64,0.792943361,7.22336,865.242,0.850957535,5.180944,54.3,0.8843,2.733354667,64792.778,0.898066667,7.367130667
356,1480.35,0.858603066,7.016954667,440.33,0.88503937,3.896381333,57.93333333,0.8246,3.079309333,65208.24467,0.9205,6.916682667
357,1456.97,0.841402337,7.204528,491.153,0.892913386,4.754002667,66.83333333,0.8571,3.585562667,65630.722,0.9134,7.367842667
358,1445.99,0.899653979,7.350645333,689.942,0.80565371,5.058376,87.56666667,0.855566667,4.062842667,66113.66667,0.9126,7.012424
359,1494.83,0.859685147,7.035904,202.781,0.836454432,3.685101333,117.0293333,0.901133333,4.113781333,66585.911,0.9212,6.946109333
360,1627.29,0.842733908,7.342024,341.114,0.798679868,4.864594667,96.848,0.869066667,4.139813333,66989.27767,0.9195,7.321442667
361,1564.46,0.85620915,7.048637333,439.809,0.830188679,4.812757333,72.86666667,0.8516,3.477672,67404.44467,0.9208,7.246506667
362,1523.84,0.852130326,7.119928,313.829,0.877412032,4.348021333,51.06666667,0.8767,2.554184,67826.61133,0.923366667,7.325682667
363,1534.99,0.844636252,7.177325333,553.519,0.870220162,6.261962667,54.13333333,0.8927,2.781552,68253.55533,0.9307,7.276802667
364,1383.34,0.850560399,7.122026667,516.519,0.870042709,5.852738667,56.1,0.8723,2.927648,68657.689,0.909566667,6.806090667
365,1370.38,0.837617555,7.255112,891.667,0.87030303,8.117570667,58.06666667,0.8677,3.091824,69063.99967,0.920966667,7.317312
366,1346.07,0.856782334,6.985338667,1178.13,0.848520023,6.992077333,67.55833333,0.844666667,3.444896,69478.76667,0.901033333,6.963210667
367,1373,0.853672643,7.262730667,1216.21,0.870164282,7.395074667,132.3713333,0.875166667,4.633184,69887.5,0.913366667,6.940098667
368,1449.23,0.845882353,7.149101333,457.94,0.886498117,2.812418667,72.1,0.8645,3.893805333,70314.111,0.929633333,7.47548
369,1486.18,0.837485172,7.038312,174.329,0.873629544,3.470426667,93.7,0.838166667,3.574957333,70759.5,0.921,7.411501333
370,1505.04,0.82487725,7.255752,213.037,0.810230179,4.160421333,122.2666667,0.854466667,5.311488,71188.911,0.9131,6.985168
371,1480.82,0.872646733,7.327069333,349.814,0.863930886,4.524962667,83.003,0.870366667,4.029978667,71605.3,0.878133333,6.978909333
372,1529.21,0.903112155,6.720232,850.111,0.859770115,7.200573333,60.697,0.887733333,3.287421333,72033.42233,0.913033333,7.216397333
373,1669.57,0.81414791,7.408173333,916.931,0.832246592,7.283381333,57.9,0.8345,2.958256,72494,0.904,7.722173333
374,1635.34,0.792922674,7.183304,1220.09,0.832844575,7.241456,59.63333333,0.8514,3.144856,72931.322,0.8865,6.81832
375,1576.75,0.827218145,7.367946667,1117.36,0.829239065,6.942184,64.6,0.833,3.369986667,73327.71133,0.912033333,7.033832
376,1534.48,0.847813411,7.207042667,815.201,0.853957637,4.428565333,69.03333333,0.8396,3.70352,73737.76667,0.923566667,7.32176
377,1530.86,0.863370548,7.098592,388.038,0.861755802,3.959485333,76.643,0.8468,3.785997333,74154.05567,0.921333333,7.360653333
378,1506.9,0.867647059,6.884701333,749.905,0.799001248,4.568629333,168.989,0.863666667,5.263133333,74563.66667,0.903433333,7.057821333
379,1438.68,0.847328244,7.341648,221.574,0.798969072,4.266741333,223.411,0.909133333,6.035176,74939.91267,0.874266667,7.204677333
380,1481.92,0.814861461,7.238445333,251.565,0.733910891,4.552330667,220.1683333,0.8658,5.5038,75321.754,0.9,7.290288
381,1545.46,0.85940353,7.004896,492.189,0.784596871,6.086584,193.9726667,0.860066667,5.007869333,75717.111,0.943933333,7.034330667
382,1540.35,0.817146685,6.961304,510.748,0.794060684,4.431317333,69.16366667,0.839233333,3.216416,76108.65533,0.9246,6.866050667
383,1592.71,0.841954023,7.454421333,474.014,0.822006473,5.351821333,59.6,0.8251,3.006352,76522.04467,0.8815,6.93972
384,1524.9,0.816920943,7.052154667,761.48,0.861820563,5.043576,60.06666667,0.839,3.061072,76935.778,0.8765,7.284192
385,1736.21,0.866666667,4.590288,804.068,0.902948403,4.727773333,63.6,0.9032,3.033088,77384.34433,0.9193,6.077194667
386,1976.97,0.896167247,4.780618667,986.195,0.908339077,4.157312,84.46666667,0.8845,3.282562667,77972.41667,0.919333333,4.850325333
387,2235.79,0.840440165,4.948781333,702.746,0.849385908,3.690866667,94.56666667,0.8582,3.779376,78589.83333,0.917533333,4.865765333
388,2640.3,0.841004184,4.747226667,1078.97,0.693905817,4.178677333,101.8666667,0.8172,4.147258667,79194,0.929333333,4.773832
389,2829.82,0.842592593,4.657597333,963.677,0.761220826,4.219141333,132.2236667,0.8636,3.831968,79800.83333,0.954233333,4.688418667
390,3021.25,0.784,4.895794667,1056.12,0.752488388,3.768586667,372.0646667,0.828966667,4.318970667,80408.21667,0.954266667,5.035882667
391,3231.57,0.820095044,4.867349333,573.687,0.76466877,3.985373333,285.2563333,0.8491,4.823306667,80986.91667,0.935233333,4.758418667
392,3400.75,0.840778923,4.487386667,779.357,0.831600832,3.505112,77.81833333,0.838833333,2.715773333,81567.75,0.923133333,4.896717333
393,3562.54,0.824705882,4.944904,1050.61,0.843243243,3.783074667,74.14233333,0.8676,2.967464,82143.83333,0.921633333,4.543773333
394,3757.17,0.842883549,4.689229333,698,0.867724868,3.432754667,73.515,0.8118,2.836408,82708,0.925666667,4.548074667
395,4019.88,0.831781502,4.905413333,1322.9,0.844496214,4.111474667,75.06666667,0.8428,2.823677333,83330.44433,0.902966667,4.759101333
396,4185.11,0.846153846,4.658642667,593.711,0.912751678,2.633488,84.3,0.8634,3.272514667,83929.77767,0.903133333,4.410938667
397,4327.15,0.81462141,4.848378667,428.726,0.704960836,2.626432,93.3,0.8486,3.747442667,84605.23333,0.895233333,5.416304
398,4488.32,0.784222738,4.830573333,872.579,0.747650036,3.96868,101.6,0.8082,4.203842667,85179.25,0.920166667,4.482573333
399,4612.27,0.814159292,4.688704,276.691,0.775405636,2.642394667,156.752,0.848833333,3.991445333,85789.86667,0.915366667,5.357101333
400,4785.88,0.851376147,4.925253333,530.55,0.825932504,3.865941333,417.7916667,0.877766667,5.084666667,86407.33333,0.932266667,4.677613333
401,4936.68,0.834810637,4.750549333,754.943,0.782417582,3.49108,131.9446667,0.8927,3.879077333,86988.91667,0.947333333,4.752781333
402,5110.39,0.803030303,4.617565333,996.799,0.823444284,3.264002667,68.03333333,0.8416,2.46372,87581.5,0.942566667,4.721346667
403,5280.76,0.8,4.94092,632.517,0.826825127,3.752810667,66.7,0.8527,2.43528,88181.08333,0.924133333,4.722285333
404,5444.91,0.841441441,4.484282667,840.671,0.914805625,3.236632,66.43333333,0.905,2.430109333,88776.91667,0.9056,4.706794667
405,5634.69,0.782205746,5.06256,275.776,0.813397129,2.358341333,69.13333333,0.8337,2.612818667,89367.83333,0.911833333,4.745186667
406,5818.8,0.847918437,4.772333333,601.857,0.794851167,3.439362667,80.06666667,0.8547,3.131386667,89955.41667,0.8967,4.75332
407,6024.14,0.830508475,4.701504,859.381,0.810318665,3.493570667,86.73333333,0.8356,3.415888,90545.91667,0.889666667,4.716394667
408,6180.97,0.818668707,4.617133333,406.611,0.793079585,3.127133333,86.37866667,0.8847,3.537930667,91153.5,0.896933333,4.798685333
409,6308.01,0.848990953,5.062424,679.561,0.838254172,3.823768,152.8333333,0.885066667,2.962072,91783.58333,0.896133333,4.927176
410,6436.17,0.842733908,4.668584,1103.63,0.840273462,4.565328,203.1656667,0.8556,3.778370667,92444.5,0.911433333,5.096269333
411,6600.62,0.830829523,4.864162667,1093.49,0.852703543,3.899376,101.8013333,0.860033333,3.718322667,93016.44433,0.922033333,3.823813333
412,6721.09,0.851875397,4.595856,781.844,0.904061213,2.380298667,70.1,0.8974,2.616008,93597.66667,0.9274,5.012533333
413,6856.85,0.844636252,4.874298667,359.763,0.85928489,3.034693333,72.5,0.8644,2.69728,94260.58333,0.9242,5.046712
414,6983.93,0.859671302,4.935117333,407.176,0.787839586,2.899549333,72.4,0.8897,2.687765333,94931.5,0.935566667,5.150317333
415,7115.41,0.830283912,4.602173333,735.855,0.719790986,3.092296,77.13333333,0.8529,2.953682667,95574.41667,0.938233333,4.754104
416,7227.78,0.856782334,4.799274667,390.803,0.776803776,3.564693333,92.76666667,0.8488,3.738669333,96169.41667,0.915766667,4.232661333
417,7327.32,0.840630473,4.586637333,512,0.781267847,3.245093333,94.3,0.854,3.823514667,96799.83333,0.9197,5.132634667
418,7511.69,0.835008871,4.99728,791.12,0.824427481,4.091037333,141.0223333,0.866633333,3.551957333,97457.861,0.9381,4.79388
419,7683.08,0.841055719,4.811914667,1195.52,0.824591089,4.810224,180.217,0.8611,3.87832,98055.75,0.929733333,4.334010667
420,7779.99,0.813596491,4.793464,1017.06,0.861068702,3.081962667,250.7513333,0.856766667,4.589568,98695,0.920766667,5.204941333
421,7900.69,0.872989462,4.695682667,287.356,0.852791878,3.219629333,178.1546667,0.8918,3.642410667,99464.94433,0.922766667,5.192634667
422,8010.56,0.896913221,4.693530667,422.296,0.822561692,2.784682667,106.5666667,0.879433333,2.711549333,100065.8333,0.929,3.456552
423,8129.64,0.81414791,4.714424,1388.79,0.718922229,4.829781333,104.3443333,0.839133333,2.674056,100681.1667,0.930633333,5.522589333
424,8269.53,0.796052632,4.699136,547.97,0.749672346,3.033842667,110.7,0.833833333,2.9192,101343.361,0.9515,4.837216
425,8448.87,0.826435247,5.113453333,642.254,0.786346397,3.950661333,110.8443333,0.866933333,3.014968,101988.861,0.951166667,4.809141333
426,8652.58,0.844807468,4.769853333,975.406,0.790595954,3.227568,113.9556667,0.846033333,3.191141333,102628.8333,0.9357,4.813637333
427,8848.94,0.856991525,4.772976,371.4,0.827045566,2.803565333,166.0446667,0.859733333,3.034938667,103287.8333,0.8953,5.144144
428,9059.91,0.867647059,4.459613333,914.036,0.84565346,3.54228,218.963,0.843066667,3.696192,103938.111,0.890333333,4.627952
429,9266.5,0.849656893,4.885570667,264.462,0.865026995,3.203738667,125.5213333,0.8389,3.533688,104509.278,0.9052,4.250034667
430,9563.92,0.814861461,5.081546667,376.45,0.713085234,3.575773333,192.5,0.8335,3.63368,105109,0.892033333,5.025192
431,9844.4,0.862068966,4.550968,698.595,0.761670762,3.676592,152.0993333,0.866833333,4.095376,105777.8333,0.8758,5.074485333
432,10086.1,0.823050848,4.743061333,1012.4,0.780039396,4.290112,76.9,0.8291,2.934688,106426.4443,0.8914,4.689053333
433,10291.1,0.841954023,4.798773333,695.304,0.786469345,3.884610667,77.96666667,0.8324,3.024872,107023.6387,0.9021,4.371605333
434,10485,0.820833333,4.734944,1111.23,0.826415094,3.721488,79.13333333,0.8597,3.031664,107639.3333,0.912433333,5.081069333
435,10689.1,0.854744997,4.846712,824.203,0.895249696,2.737296,80.2,0.9066,3.116296,108313.75,0.927766667,5.075213333
436,10896.5,0.889506602,4.792029333,112.547,0.908850727,2.062221333,89,0.85,3.575861333,108954.6943,0.9059,4.63528
437,11096,0.840440165,4.728994667,196.333,0.725530459,2.483866667,91.2,0.8549,3.670565333,109531.5,0.891533333,4.240930667
438,11285.4,0.835549335,4.729586667,346.181,0.689702833,3.517365333,93.43333333,0.8333,3.798906667,110134.3333,0.909733333,5.050733333
439,11489.3,0.842592593,4.782253333,701.943,0.755236385,3.347845333,141.2036667,0.8465,3.058725333,110805.75,0.926733333,5.111978667
440,11693.6,0.784,4.870810667,1108.57,0.763491006,5.638669333,350.1426667,0.8396,4.732573333,111455.6667,0.9057,4.654106667
441,11918.7,0.820095044,4.831237333,1837.65,0.758276078,5.324154667,158.4616667,0.842066667,3.765797333,112040.111,0.910166667,4.307384
442,12163.4,0.840778923,4.398530667,1014.88,0.839211618,4.008770667,72.73333333,0.8567,2.752232,112648.3333,0.897233333,5.088304
443,12464.8,0.824705882,4.950762667,804.007,0.849360756,2.741765333,71.36666667,0.8391,2.716584,113310.0557,0.904066667,4.762746667
444,12640.1,0.842883549,7.451952,651.566,0.883086053,1.619602667,72.9,0.8257,2.789792,113963.2223,0.923233333,4.942112
445,10862.6,0.831781502,23.94098667,80.3152,0.786182251,4.230626667,63,0.8524,3.273344,114319.706,0.915966667,14.60766667
446,7777.44,0.846153846,23.74335733,48.022,0.754950495,6.487282667,32.789,0.871766667,3.437970667,113828.6803,0.902433333,23.95340267
447,4671.02,0.81462141,24.04734133,52.1778,0.704960836,8.986042667,46.17266667,0.8076,4.034525333,112995.4387,0.9158,23.98657867
448,1701,0.782745098,24.042664,53.9101,0.731601732,11.38373067,41.4,0.8319,4.706096,112133.5273,0.918,23.81222133
449,133.517,0.817082998,15.46060533,51.4615,0.771902131,11.68866933,71.37766667,0.895566667,7.228322667,111266.5963,0.9108,23.84732
450,45.9121,0.87431694,12.960992,55.6092,0.810631229,11.61391467,95.33333333,0.9412,4.40124,110376.3453,0.909066667,23.50432267
451,46.7253,0.893280632,13.35763467,52.0909,0.879038317,11.71755733,75.33366667,0.9524,6.5588,109502.689,0.9157,23.636264
452,45.1573,0.846921797,12.107936,55.6739,0.846645367,12.25366933,73.66666667,0.9217,6.192576,108605.1,0.920933333,24.70441333
453,45.3111,0.848920863,11.55072533,52.5843,0.853195164,11.89457867,78.11133333,0.9483,6.413130667,107643.1,0.918933333,24.36924267
454,44.9444,0.898431049,11.24674933,53.1236,0.934306569,11.636984,73.99966667,0.9836,6.804706667,106714.7543,0.913533333,23.510848
455,44.5444,0.858784893,11.162688,51.8667,0.851098454,11.622264,74.889,0.9256,6.876037333,105814.386,0.902333333,23.99619467
456,45.0444,0.877850163,11.09694667,50.7444,0.88503937,11.60539467,70.66666667,0.948766667,6.755658667,104890.4143,0.906333333,24.14371733
457,44.7253,0.873239437,11.18344267,52.4713,0.88923802,11.77538667,48,0.9614,8.54196,103911.1403,0.911866667,23.488392
458,45.4045,0.899653979,11.23634933,52.7174,0.906144497,12.29757333,45.26666667,0.9349,8.696304,102914.831,0.910233333,24.08868533
459,45.0889,0.882468812,11.649224,50.7778,0.900831734,11.59583467,46.13333333,0.9389,9.024152,101944.3167,0.910066667,23.73548
460,46.3333,0.854689564,12.20486133,54.6023,0.897160883,11.86550133,49.93333333,0.9302,9.985792,100947.7977,0.931533333,24.14199467
461,46.8,0.877537656,12.51372533,51.1111,0.877642537,11.648824,45.86666667,0.9306,9.0182,99932.033,0.9185,23.73003467
462,45.8889,0.877300614,12.26751467,51.6023,0.90157251,11.95652,47.33333333,0.9716,9.429618667,98946.707,0.919466667,24.08724533
463,45.5222,0.858858859,12.549152,51.3516,0.902411022,12.37725867,69,0.9314,9.664973333,97951.41667,0.9152,23.47138933
464,44.7556,0.87144623,12.57415733,50.6778,0.889957907,12.39309067,39.4,0.897633333,11.86570133,97001.587,0.911466667,24.34616267
465,45.0778,0.856608479,12.646872,50.4556,0.873703478,12.54349067,37.23333333,0.8998,12.416616,96118.31467,0.928566667,23.97394933
466,45.4667,0.875,13.147128,50.7955,0.886322188,12.49026667,37.83333333,0.9261,12.670304,95308.24,0.9286,23.75505867
467,45.5333,0.876136364,13.43408,53.0341,0.911877395,12.81701067,37.9,0.9357,12.7824,94538.79233,0.929,24.079528
468,45.6333,0.847926267,13.61018933,53.3261,0.912493121,13.816744,38.23333333,0.9257,12.919904,93721.51567,0.896633333,23.477576
469,46.1667,0.857475276,13.80988,53.2556,0.891032917,12.910848,38.06666667,0.9182,13.099168,92868.614,0.9078,24.16458667
470,47.5889,0.867420349,14.03857067,52.4713,0.878695209,12.31636267,40.93333333,0.9376,14.162432,92002.47367,0.909833333,24.359576
471,47.7889,0.874511991,14.324272,52.5376,0.908008658,13.744256,38.04833333,0.938933333,13.47988533,91193.13533,0.9055,23.720888
472,45.5333,0.904205608,13.61781333,50.9111,0.910857143,12.85378133,37.66966667,0.896933333,13.44758667,90438.78867,0.9028,23.51489067
473,45.5222,0.827244582,13.574992,51.2921,0.834017595,12.63736,37.8,0.881,12.759664,89615.56133,0.9146,24.035184
474,46.6111,0.825766871,13.84452533,52.0444,0.845508982,12.76613867,38.1,0.9139,12.830312,88752.502,0.919166667,23.80254133
475,45.9663,0.827629911,13.74014133,50.8778,0.867995019,13.02384533,37.86666667,0.9025,12.63296,87877.43167,0.9109,24.27245067
476,46.1778,0.843559978,13.73722133,50.8556,0.886620097,13.17049867,37.96666667,0.9256,12.79452,86984.337,0.908933333,23.06245333
477,46.3778,0.85535248,13.81071733,54.4773,0.878757515,12.874696,38.6,0.9009,12.762088,86105.113,0.915966667,24.48927733
478,46.2889,0.865060241,13.80079467,54.5,0.874853801,13.022016,38.83333333,0.9272,13.436656,85218.263,0.923266667,23.51593867
479,46.0222,0.864898211,13.64961333,52.0111,0.888358209,12.86809067,38.9,0.8808,13.420336,84278.15,0.918333333,24.36912533
480,47.0769,0.845002992,14.188224,51.0111,0.846420323,12.995752,40.16666667,0.9128,13.8504,83347.56133,0.912833333,23.478384
481,47.7978,0.888231816,14.132456,52.2111,0.888382688,13.14524267,37.53033333,0.9075,12.95104,82437.03167,0.901566667,24.41934933
482,45.8778,0.844267727,13.576624,51.1222,0.880606444,12.59529867,37.85766667,0.922733333,13.666192,81512.786,0.906966667,23.902376
483,45.8352,0.866152768,13.86766667,51.7333,0.886639676,12.573104,37.9,0.9101,12.795608,80548.00867,0.9119,23.39065333
484,45.6517,0.852525253,13.72842133,52.7444,0.8828125,12.61320267,37.9,0.9295,12.77556,79552.74767,0.9097,23.965344
485,46.1429,0.846446701,13.940376,51.9,0.910216718,12.44985333,37.53333333,0.9087,12.481672,78573.28333,0.909566667,24.22209867
486,45.7889,0.880886427,13.611088,51.4667,0.916275955,12.37763467,37.63333333,0.9094,12.573552,77585.90333,0.931833333,23.39492267
487,45.5556,0.858099063,13.538864,52.7191,0.867875648,12.74682667,37.4,0.8968,12.379696,76566.25467,0.918466667,24.56672267
488,46.0667,0.817039106,13.31318133,53.0652,0.861863847,13.09060267,37.13333333,0.9186,12.221856,75573.586,0.918633333,23.644656
489,45.7444,0.837662338,13.24228533,49.7556,0.89059501,12.15874667,39.73333333,0.9151,14.077888,74577.38333,0.9164,23.83369333
490,46.8352,0.856562923,13.84453067,51.3,0.857877814,12.22782933,36.6,0.9205,11.774336,73633.66767,0.9111,23.47235733
491,47.1222,0.852830189,13.75694933,52.6222,0.873873874,12.586544,36.96966667,0.9157,13.22884,72755.71933,0.9286,24.27514667
492,44.9663,0.84496124,12.80292267,50.4333,0.895799236,12.23332,37.03333333,0.9291,12.176208,71935.495,0.926233333,23.74216533
493,45.0111,0.806004619,12.99155467,51.236,0.893271462,12.35165067,36.96666667,0.912,12.094776,71164.08333,0.930533333,24.18773067
494,45.4111,0.831139096,12.95333333,50.8132,0.885361552,12.25909333,37.63333333,0.9119,12.257208,70334.01733,0.899866667,24.24305067
495,45.7889,0.826285714,13.10503733,50.7333,0.883131837,12.481448,37.3,0.9236,12.4422,69480.269,0.905733333,23.33524
496,45.5333,0.85884455,13.23943467,51.5778,0.910938434,12.31226933,37.36666667,0.9058,12.4102,68636.376,0.910566667,23.99171467
497,45.2111,0.850718301,13.32979467,51.0682,0.878655881,11.94763733,37.43333333,0.9038,12.4258,67824.235,0.906066667,24.04974667
498,45.9222,0.806671721,13.29102133,52.2717,0.848351648,12.792056,38.03333333,0.8952,12.62148,67055.01533,0.901933333,24.03374133
499,45.4,0.865177833,13.22301867,50.0659,0.859594384,11.999192,37.63333333,0.9128,12.600808,66224.78967,0.9144,24.03290133
500,47.0111,0.87431694,12.87282667,49.9778,0.885159011,11.704624,37.86666667,0.9165,12.26167733,65361.01867,0.9188,23.80018933
501,46.3667,0.893280632,13.17446933,50.2889,0.91048202,12.37654667,36.56666667,0.8863,11.381432,64494.29833,0.912533333,23.83807733
502,44.6222,0.846921797,12.242072,49.5667,0.882123341,11.98998667,37.16666667,0.9144,11.588616,63602.895,0.9079,23.47643467
503,44.4889,0.848920863,11.56434933,50.3444,0.853195164,11.93024533,37.83333333,0.9412,12.18689333,62720.194,0.918333333,24.17425067
504,45.0444,0.898431049,11.244112,50.2556,0.934306569,11.784472,37.83333333,0.8535,12.13510933,61825.944,0.9204,24.26925067
505,44.5111,0.858784893,11.16106933,50.9444,0.851098454,11.70056267,38.13333333,0.9295,12.132632,60886.151,0.9213,23.58906933
506,44.8333,0.877850163,11.09881333,49.1667,0.88503937,11.64600533,37.66666667,0.9352,11.965488,59962.887,0.9114,23.87355467
507,44.8333,0.873239437,11.06971733,51.4535,0.88923802,11.33286133,36.73033333,0.9465,11.71602667,59061.47367,0.901733333,23.518032
508,45.4556,0.899653979,11.35113067,51.7391,0.906144497,12.41702667,36.97266667,0.9254,11.75017867,58148.84667,0.906733333,24.01613067
509,45.1111,0.882468812,11.64919467,49.2111,0.900831734,11.519752,39.13333333,0.9005,12.98655467,57172.43067,0.9127,23.7574
510,46.3407,0.854689564,12.33454667,50.2727,0.897160883,11.247128,37.38166667,0.911166667,11.777992,56174.53333,0.906,23.91341333
511,46.4719,0.877537656,12.38774667,55.6444,0.877642537,12.222688,37.13333333,0.9382,11.643072,55193.73333,0.909966667,24.30354667
512,45.2333,0.877300614,12.26646933,49.9778,0.90157251,11.93854133,37.83333333,0.9253,11.87616,54200.893,0.933266667,23.80497067
513,44.7889,0.858858859,12.54578933,50.3444,0.902411022,12.34199733,37.46666667,0.9005,11.775984,53183.80967,0.918833333,23.644408
514,44.8556,0.87144623,12.57564,49.5444,0.889957907,12.42157067,37.76666667,0.9025,12.05956,52200.88133,0.917066667,24.20911467
515,45.5111,0.856608479,12.648232,49.6889,0.873703478,12.50496267,38.6,0.9154,12.602744,51205.38333,0.9194,23.80648533
516,45.6333,0.875,13.14854667,50.7778,0.886322188,12.81959733,38.63333333,0.9211,12.666768,50253.18,0.908433333,23.74737867
517,45.2333,0.876136364,13.44162667,54.2333,0.911877395,13.313416,39.07266667,0.925233333,13.298112,49374.71933,0.9267,23.82266667
518,45.9556,0.847926267,13.59851733,52.7222,0.912493121,13.33963733,38.924,0.9305,13.820136,48555.025,0.9281,24.22137867
519,46.1,0.857475276,13.79607733,52.7111,0.891032917,12.85814667,40.73333333,0.925,14.149208,47785.551,0.929533333,23.72333867
520,46.9444,0.867420349,14.06659733,52.4382,0.878695209,12.81198667,39.43333333,0.9569,13.216496,46966.28067,0.901666667,24.26814667
521,47.5556,0.874511991,14.33123467,52.9444,0.908008658,13.25072267,38.86666667,0.8995,12.849944,46114.039,0.904433333,23.400376
522,45.8315,0.904205608,13.442952,52.0556,0.910857143,12.83596533,38.63333333,0.8909,12.611448,45269.421,0.911866667,23.964984
523,45.9556,0.827244582,13.58838667,51.2556,0.834017595,12.69534933,39.06666667,0.8941,12.84488,44455.19067,0.9063,23.954792
524,45.4505,0.825766871,13.98304533,50.1,0.845508982,12.76334933,38.86666667,0.9265,12.74728,43687.16367,0.9019,24.15817067
525,46.0444,0.827629911,13.89348,50.2889,0.867995019,13.01779467,38.73333333,0.9045,12.67416,42882.18067,0.914566667,23.21748
526,46,0.843559978,13.58987733,50.3333,0.886620097,13.16573067,39,0.9058,12.731968,42047.35067,0.9186,24.096384
527,45.6778,0.85535248,13.806952,54.6333,0.878757515,13.34258133,39.6,0.9094,13.134752,41173.92967,0.9138,23.87162933
528,45.4667,0.865060241,13.81149867,54.3667,0.874853801,13.000896,40.45466667,0.8969,15.132144,40284.228,0.9054,23.61913333
529,45.6484,0.864898211,13.810416,51.5889,0.888358209,12.884392,40.6,0.9097,13.967664,39408.71933,0.918433333,23.886792
530,47.8333,0.845002992,14.012688,50.7,0.846420323,13.00553333,38.4,0.914,12.515688,38523.57967,0.919966667,24.169952
531,46.9222,0.888231816,14.28874133,52.8556,0.888382688,13.16829067,38.46666667,0.9113,12.651808,37586.22,0.9202,23.52238667
532,45.7444,0.844267727,13.56892267,51.2222,0.880606444,12.585224,38.76666667,0.9249,12.716552,36662.25367,0.910066667,23.76261067
533,45.4778,0.866152768,13.74456,51.7841,0.886639676,12.16546133,38.83333333,0.9141,12.855064,35744.971,0.906066667,24.40374133
534,45.3667,0.852525253,13.86172267,52.4444,0.8828125,12.594992,38.76666667,0.9435,12.60904,34816.285,0.908033333,24.08214933
535,45.7444,0.846446701,13.78049867,51.7391,0.910216718,12.92701067,38.33333333,0.8858,12.507784,33843.198,0.9127,23.76628533
536,46.0222,0.880886427,13.63202933,51.2273,0.916275955,11.93464,38.53333333,0.9095,12.530336,32854.31533,0.904033333,23.56115467
537,45.6629,0.858099063,13.3564,52.8696,0.867875648,13.26653867,38.085,0.9074,12.613928,31886.29633,0.909433333,23.91919733
538,45.7667,0.817039106,13.34479733,52.8333,0.861863847,12.65094667,37.98166667,0.911466667,13.158416,30895.71267,0.931533333,24.18535467
539,45.967,0.837662338,13.38649867,49.9889,0.89059501,12.15043467,39.86666667,0.9094,13.551824,29872.184,0.9211,23.65976267
540,45.7528,0.856562923,13.53942667,51.4556,0.857877814,12.22542667,38.03333333,0.928,12.036936,28885.41667,0.919033333,24.098024
541,47.1111,0.852830189,13.75916533,52.9222,0.873873874,12.61409067,38.13333333,0.9309,12.21436,27890.98333,0.916866667,23.76177067
542,45.1758,0.84496124,13.09677867,50.3778,0.895799236,12.22329867,37.96666667,0.9236,12.057384,26927.944,0.9087,24.12190667
543,45.1222,0.806004619,12.99419467,50.6333,0.893271462,12.342088,38.1,0.8982,12.209872,26039.20767,0.925466667,23.79047467
544,45.0667,0.831139096,12.95746933,51.8,0.885361552,12.28123467,38.23333333,0.9288,12.345032,25224.05567,0.930166667,23.84837867
545,45.5,0.826285714,13.09669067,49.2308,0.883131837,12.43656,38.26666667,0.925,12.411216,24450.24067,0.9277,24.054616
546,45.382,0.85884455,13.109816,51.4368,0.910938434,11.86744,38.36666667,0.8703,12.326504,23642.459,0.903833333,23.53310667
547,45.4066,0.850718301,13.46042667,51.5484,0.878655881,12.86590133,39.006,0.9073,13.702064,22789.71933,0.902066667,24.27157867
548,45.5889,0.806671721,13.28522667,51.4432,0.848351648,12.27525067,37.588,0.896966667,12.320496,21938.89267,0.911766667,23.46073067
549,45.3596,0.865177833,13.092552,50.2333,0.859594384,12.04381333,39,0.9306,11.659208,21129.908,0.906266667,23.94529867
550,47.011,0.87431694,13.02081333,50.1333,0.885159011,11.79213067,37.63333333,0.9116,11.947752,20366.10733,0.903333333,24.02378667
551,46.236,0.893280632,12.98429867,49.8571,0.91048202,12.27855733,36.86666667,0.8675,11.25452,19554.24567,0.9126,23.74507467
552,45.0778,0.846921797,12.29889867,50.0111,0.882123341,12.09156267,37.33333333,0.9415,11.81628,18682.333,0.919833333,24.165784
553,44.5934,0.848920863,11.68774667,50.0562,0.853195164,11.78617333,38.16666667,0.9007,12.400544,17810.07,0.916366667,23.946224
554,43.5889,0.898431049,11.246264,50.2308,0.934306569,11.839536,37.54566667,0.9017,13.206288,16913.107,0.9034,24.04044533
555,44.2967,0.858784893,11.28045333,49.4222,0.851098454,11.72590133,37.9,0.9129,12.110592,16036.52933,0.916033333,22.87611733
556,44.4157,0.877850163,10.97075467,49.3218,0.88503937,11.163896,37.03333333,0.9533,11.676792,15160.735,0.923233333,24.68105067
557,43.7473,0.873239437,11.21452533,51.3656,0.88923802,12.615296,36.33333333,0.926,11.15088,14215.93333,0.917533333,23.960384
558,45,0.899653979,11.21933867,51.4778,0.906144497,12.06074667,36.93333333,0.9205,11.411128,13283.76833,0.9105,23.81772267
559,44.3889,0.882468812,11.64230133,48.9778,0.900831734,11.480008,39.06666667,0.906,13.025864,12382.24567,0.9071,23.58184267
560,45.6222,0.854689564,12.21836267,49.4889,0.897160883,11.702432,37.03333333,0.9207,11.470256,11471.39567,0.9079,24.14779467
561,46.4333,0.877537656,12.50877333,52.1333,0.877642537,12.229512,37.7,0.9503,11.859544,10493.821,0.912366667,24.222632
562,46.0556,0.877300614,12.271016,48.9222,0.90157251,11.95804,37.76666667,0.9038,11.822184,9495.266,0.900433333,23.50647733
563,45.1667,0.858858859,12.53975733,50.0889,0.902411022,12.320264,37.52433333,0.8961,12.180064,8526.277333,0.912233333,23.85112
564,44.8222,0.87144623,12.570016,48.6932,0.889957907,12.05350133,38.197,0.905866667,13.29092,7540.337333,0.931233333,24.27309333
565,45.5,0.856608479,12.67178667,49.7111,0.873703478,12.508952,38.63333333,0.9236,12.65156,6509.058,0.922133333,24.05849867
566,45.1333,0.875,13.13311733,51.6222,0.886322188,13.295872,38.9,0.9386,12.791208,5530.015,0.915866667,23.33478133
567,45.5889,0.876136364,13.44561867,51.5,0.911877395,12.77164533,39.13333333,0.9236,12.931752,4543.477667,0.919,24.09705067
568,45.8889,0.847926267,13.59369333,52.5333,0.912493121,13.346104,39.43333333,0.9224,13.110664,3570.421,0.9082,23.99197333
569,46.3333,0.857475276,13.80368,52.1,0.891032917,12.842912,40.83333333,0.9374,14.15952,2712.726,0.926233333,22.982912
570,47.2778,0.867420349,14.07512267,52.3,0.878695209,12.809176,39.2,0.9322,13.077232,1935.494333,0.929166667,23.78917067
571,47.6556,0.874511991,14.31506933,52.5111,0.908008658,13.21993867,38.43333333,0.8968,12.577544,1155.402333,0.925166667,24.05798933
572,46.2778,0.904205608,13.5882,51.9556,0.910857143,12.83619467,38.8,0.881,12.759664,474.5033333,0.905366667,19.74526133
573,45.8889,0.827244582,13.59548,51.2111,0.834017595,12.754496,38.66666667,0.9139,12.830312,140.4333333,0.894233333,14.84585067
574,46.1667,0.825766871,13.82613067,51.2667,0.845508982,12.75802133,38.75766667,0.9096,14.050216,69.8,0.911933333,12.755992
575,46.1,0.827629911,13.89348,50.6854,0.867995019,13.02229067,38.66666667,0.9209,12.814104,69.46666667,0.908633333,12.69334133
576,45.4889,0.843559978,13.74750667,52.1667,0.886620097,13.726768,38.9,0.8963,12.805328,69.95766667,0.916,13.27706933
577,46.2222,0.85535248,13.800296,52.6484,0.878757515,13.152704,40.06666667,0.9225,13.444824,71.13333333,0.906566667,13.00408
578,46.4111,0.865060241,13.80278133,53.7444,0.874853801,13.022136,42.6,0.8854,15.058704,75.36666667,0.9117,13.980064
579,45.9444,0.864898211,13.669264,51.0562,0.888358209,12.43545333,37.56666667,0.9178,12.12548,71.80566667,0.894333333,12.8928
580,47.8539,0.845002992,13.856264,50.0659,0.846420323,13.429928,38.43333333,0.9066,12.503704,75.25166667,0.9112,13.86822933
581,47.4556,0.888231816,14.29169333,52.4778,0.888382688,13.18565067,38.63333333,0.921,12.711824,68.93933333,0.914233333,13.05315733
582,45.1667,0.844267727,13.57496533,50.7889,0.880606444,12.57896,39,0.9101,12.795608,69.4,0.9161,12.73094933
583,45.1667,0.866152768,13.73786933,51.3222,0.886639676,12.57724,38.606,0.931466667,13.18130667,69.8,0.9194,12.79097067
584,46.2111,0.852525253,13.862576,51.5556,0.8828125,12.56411467,38.22733333,0.9052,13.28597333,69,0.919466667,12.6752
585,45.6222,0.846446701,13.76559467,51.5,0.910216718,12.07241333,38.46666667,0.9109,12.554336,68.55766667,0.909233333,12.90924267
586,45.7111,0.880886427,13.645368,53.6742,0.916275955,12.56596267,38.3,0.8946,12.381,68.5,0.904966667,12.50296267
587,45.4889,0.858099063,13.50946133,50.6044,0.867875648,12.613968,38.16666667,0.9189,12.226992,67.615,0.9043,12.73308267
588,45.7222,0.817039106,13.33389067,52.7222,0.861863847,12.69451467,40.33333333,0.9181,13.69684,70.13333333,0.917633333,12.68146667
589,45.3,0.837662338,13.24944267,49.8667,0.89059501,12.14741333,38,0.9234,12.100312,72.93333333,0.919966667,13.31910667
590,46.8333,0.856562923,13.68646133,51.1778,0.857877814,12.22254133,38.13333333,0.9118,12.08664,66.84533333,0.920166667,12.38288267
591,47.0556,0.852830189,13.76033867,52.4505,0.873873874,12.62244533,37.93333333,0.9291,12.176208,66.56666667,0.9162,12.09258933
592,45.6444,0.84496124,12.95349867,49.8667,0.895799236,12.24257333,38.63333333,0.912,12.094776,66.8,0.922733333,12.15643467
593,45.1111,0.806004619,12.99075467,51.0667,0.893271462,12.35057867,38.41833333,0.910966667,12.66174133,66.86666667,0.911033333,12.157552
594,44.8,0.831139096,12.95822933,50.2198,0.885361552,12.29185333,38.2,0.9225,13.23757867,67.13333333,0.916366667,12.31430933
595,45.3222,0.826285714,13.09972533,50.1461,0.883131837,12.38654667,38.23333333,0.9031,12.417288,67.491,0.915933333,12.83386667
596,45.5444,0.85884455,13.24336533,52.7614,0.910938434,12.597528,38.5,0.9124,12.575208,67.76666667,0.9071,12.46756533
597,44.9444,0.850718301,13.31869333,51.0769,0.878655881,12.12604533,38.43333333,0.891,12.42608,67.94533333,0.900866667,12.84617867
598,45.2889,0.806671721,13.286432,51.7,0.848351648,12.26081067,38.889,0.9127,11.4398,69.26666667,0.9038,12.21132533
599,45.1444,0.865177833,13.240848,50.2747,0.859594384,12.45412267,37.03333333,0.9165,12.261944,68.72233333,0.9147,12.08182667
600,46.2778,0.87431694,12.887192,50.0333,0.885159011,11.46979733,35.54533333,0.8898,12.444144,65.4,0.904833333,11.92208
601,46.5714,0.893280632,13.26136533,50.7283,0.91048202,12.55274933,36,0.9202,11.58464,63.22733333,0.898766667,11.80340533
602,44.3146,0.846921797,12.15134133,49.5222,0.882123341,12.25905333,37.06666667,0.9336,12.346632,65.13333333,0.922733333,11.840096
603,44.8,0.848920863,11.56897867,48.5222,0.853195164,11.73311467,36.9,0.8628,12.16896,67.63333333,0.912533333,12.23411733
604,44.7222,0.898431049,11.24662933,48.8977,0.934306569,11.75410133,36.73333333,0.9251,12.121544,66.73633333,0.880533333,12.54906667
605,44.6556,0.858784893,11.16894667,50.044,0.851098454,11.71255733,36.6,0.9376,11.975152,66.56666667,0.9336,12.08757333
606,44.2222,0.877850163,11.08596267,50.3596,0.88503937,11.71383467,35.26666667,0.9437,11.19616,64.53333333,0.936066667,11.65329067
607,44.3444,0.873239437,11.096472,49.7865,0.88923802,11.70585867,35.76666667,0.9259,11.38712,62.88166667,0.938866667,11.68505067
608,44.3222,0.899653979,11.33385067,52.3043,0.906144497,12.56879467,38.23333333,0.8971,12.983016,66.53333333,0.915433333,11.91504533
609,44.3667,0.882468812,11.64477333,48.6705,0.900831734,11.08336533,35.94833333,0.9154,11.78198133,70.23333333,0.9043,12.464936
610,46.2418,0.854689564,12.34027467,49.011,0.897160883,11.683504,36.27266667,0.9414,12.43724267,63.8,0.9224,11.5088
611,46.236,0.877537656,12.37860533,51.6333,0.877642537,12.215264,36.6,0.9225,11.85896,64.46366667,0.9343,12.10265867
612,44.5222,0.877300614,12.26362933,49.6,0.90157251,11.98862667,36.33333333,0.8955,11.782576,65.03333333,0.914433333,11.839232
613,45.2556,0.858858859,12.53885333,49.9775,0.902411022,12.309168,36.76666667,0.8979,12.111008,65.03333333,0.897966667,11.889856
614,44.7778,0.87144623,12.570256,48.8022,0.889957907,12.43877867,37.5,0.9202,12.626864,67.2,0.906866667,12.26581067
615,45.044,0.856608479,12.81000533,49.9556,0.873703478,12.497736,37.66666667,0.9261,12.704784,68.87566667,0.921766667,13.11853333
616,45.4667,0.875,13.13311733,51.7889,0.886322188,13.12652267,37.93333333,0.9226,12.884248,69.16666667,0.922066667,12.762888
617,45.5333,0.876136364,13.44561867,50.4886,0.911877395,12.41943733,38.06666667,0.9295,12.968152,69.81833333,0.927133333,13.346408
618,45.7,0.847926267,13.59369333,52.3478,0.912493121,13.79337067,40.2,0.925,14.149208,73,0.928266667,13.35038133
619,46.1444,0.857475276,13.80368,52.0568,0.891032917,12.368928,38.56666667,0.9569,13.216496,76.66666667,0.934433333,13.82627467
620,47.0444,0.867420349,14.07512267,52.1209,0.878695209,13.26740267,38.06066667,0.9006,14.249128,70.6,0.937233333,13.08725867
621,46.8989,0.874511991,14.15329067,52.6222,0.908008658,13.24317333,37.53333333,0.8861,12.64088,69.43333333,0.895033333,12.780256
622,45.3407,0.904205608,13.74997867,50.2111,0.910857143,12.85805333,37.83333333,0.8974,12.846816,69.16666667,0.892266667,13.16610933
623,45.5889,0.827244582,13.59548,50.4111,0.834017595,12.76650667,37.6,0.9168,12.701752,70.56666667,0.902766667,12.797816
624,45.4111,0.825766871,13.82613067,51.5333,0.845508982,12.77730667,37.6,0.9141,12.720944,70.35766667,0.919333333,13.127824
625,45.6889,0.827629911,13.89348,49.4333,0.867995019,13.02784,37.53333333,0.9078,12.707896,69.1,0.907966667,12.703056
626,45.7111,0.843559978,13.74750667,52.7667,0.886620097,13.58921067,38.5,0.9045,13.181128,70.3,0.908333333,12.91981333
627,45.9444,0.85535248,13.800296,51.4659,0.878757515,12.362456,39.23333333,0.8976,13.67804,72.26666667,0.901933333,13.30244
628,45.8111,0.865060241,13.80278133,53.4783,0.874853801,13.49529067,39.56666667,0.9097,13.967664,75.497,0.901733333,14.2402
629,45.5169,0.864898211,13.50797867,51.4222,0.888358209,12.79619467,37.415,0.912466667,12.91541067,75.53333333,0.9094,13.47864267
630,47.2,0.845002992,14.01754933,50.6111,0.846420323,13.02652267,37.412,0.914333333,13.47213333,68.53333333,0.915333333,12.56802133
631,47.2444,0.888231816,14.29169333,53.5795,0.888382688,12.81557867,37.83333333,0.921,12.766328,68.93333333,0.914533333,12.68998133
632,45.8202,0.844267727,13.42634133,51.1556,0.880606444,12.595056,37.93333333,0.918,12.830184,69.52733333,0.921366667,13.177704
633,45.5618,0.866152768,13.57449867,50.9889,0.886639676,12.53304533,37.43333333,0.9431,12.590976,69.015,0.922533333,13.15934133
634,46.2308,0.852525253,14.022784,51.7889,0.8828125,12.57092533,37.33333333,0.8915,12.500728,68.76666667,0.926766667,12.58641333
635,45.7978,0.846446701,13.61479467,51.1778,0.910216718,12.469432,37.33333333,0.8982,12.506488,68.43333333,0.892566667,12.48215467
636,45.7667,0.880886427,13.64175467,52.9556,0.916275955,12.86858933,37.03333333,0.9101,12.202168,67.82133333,0.904133333,12.80943467
637,45.8444,0.858099063,13.51454933,49.8068,0.867875648,11.88451733,37.1,0.913,12.374208,66.93333333,0.9113,12.26501067
638,45.4889,0.817039106,13.33937333,52.913,0.861863847,13.145496,38.9,0.9094,13.551824,70.2,0.914266667,12.764016
639,45.2778,0.837662338,13.24627467,49.8333,0.89059501,12.17412267,36.785,0.928766667,12.42752267,72.6,0.915133333,13.03965067
640,46.7222,0.856562923,13.68603467,50.3778,0.857877814,12.195632,37.106,0.931166667,13.00842133,66.36666667,0.928566667,12.10037333
641,47.2111,0.852830189,13.76160533,52.1889,0.873873874,12.64149067,36.66666667,0.9187,12.042672,66.96666667,0.926833333,12.15713067
642,45.2778,0.84496124,12.96045867,50.2333,0.895799236,12.26886933,36.93333333,0.8981,12.223656,66.46366667,0.914166667,12.50278667
643,44.7444,0.806004619,12.99162133,50.1685,0.893271462,12.34852533,37.16666667,0.9365,12.367584,74.7,0.89815,12.216764
644,47.427,0.831139096,12.80008267,50.1778,0.885361552,12.28139733,,,,,,
645,40.1556,0.826285714,13.10989867,121.558,0.883131837,10.69958667,,,,,,
646,40.7556,0.85884455,13.22846933,138.076,0.910938434,13.41573333,,,,,,
647,42.1444,0.850718301,13.31368533,45.3218,0.878655881,11.70245067,,,,,,