"time","js.latency","js.accuracy","js.throughput","jet.latency","jet.accuracy","jet.throughput","aws.latency","aws.throughput","aws.accuracy","tcp.latency","tcp.throughput","tcp.accuracy","udp.throughput","udp.latency","udp.accuracy"
5,45.1573,0.858784893,11.04639733,48.6818,0.851098454,11.505248,74.1666666666667,0.452744,0.8235,114.926,11.8011813333333,0.9242,12361.27056,33,0.765892653
6,45.5824,0.877850163,11.24853067,51.0899,0.88503937,10.72097867,21.8333333333333,0.369664,0.75,67.6333333333333,11.6786026666667,0.9099,12361.27056,33,0.765892653
7,44.6136,0.873239437,10.742896,50.0769,0.88923802,11.81689067,69.7223333333333,0.741797333333333,0.7887,67.5333333333333,11.5820826666667,0.8734,12361.27056,33,0.765892653
8,45.6778,0.899653979,11.34081067,56.8556,0.906144497,13.00660533,63.8056666666667,1.23944533333333,0.8994,69.3666666666667,11.954,0.9443,12361.27056,33,0.765892653
9,45.4348,0.882468812,11.79554667,51.9545,0.900831734,11.08413333,79.6666666666667,1.15620266666667,0.8696,70.2726666666667,12.6513226666667,0.8954,12361.27056,33,0.765892653
10,45.8427,0.854689564,11.79236,50.9451,0.897160883,11.79164267,31.518,2.42399466666667,0.8659,69.4243333333333,12.850544,0.9045,13382.68712,33,0.790003048
11,48.0674,0.877537656,12.61498933,51.4157,0.877642537,11.83432267,75.6,3.93498933333333,0.8415,68.7666666666667,11.9159173333333,0.9188,13382.68712,33,0.790003048
12,45.9333,0.877300614,12.188296,50.0333,0.90157251,11.79466133,37.4,2.15874666666667,0.8745,66.7,11.3973946666667,0.9535,13382.68712,33,0.790003048
13,45.9444,0.858858859,12.54469333,52.3333,0.902411022,12.28351733,37.2223333333333,2.11114133333333,0.8913,66.1333333333333,11.3440666666667,0.9263,13382.68712,33,0.790003048
14,46.0889,0.87144623,12.60407733,52.2637,0.889957907,12.65653867,37.511,2.220816,0.8456,70.1666666666667,12.037392,0.9146,13382.68712,33,0.790003048
15,46.4556,0.856608479,12.49790667,52.6067,0.873703478,12.74738667,39.293,3.30009333333333,0.8626,72.4666666666667,12.3525946666667,0.899,13552.9468,33,0.784850498
16,46.1648,0.875,13.260024,52.2556,0.886322188,12.91354133,36.0666666666667,2.552776,0.8847,67.3666666666667,11.6213813333333,0.9308,13552.9468,33,0.784850498
17,46.5111,0.876136364,13.42326133,54.5,0.911877395,13.049384,50.3186666666667,2.86960266666667,0.8805,68.0333333333333,11.843808,0.9418,13552.9468,33,0.784850498
18,46.5,0.847926267,13.53165333,58.7444,0.912493121,14.13277867,54.1443333333333,3.27380266666667,0.8736,68.4,11.8181333333333,0.9065,13552.9468,33,0.784850498
19,46.8778,0.857475276,13.82277867,53.9556,0.891032917,13.09873067,45.366,4.38014133333333,0.8725,69.0333333333333,12.058696,0.8935,13552.9468,33,0.784850498
20,46.967,0.867420349,13.94488,53.3678,0.878695209,12.3016,74.1333333333333,5.57593866666667,0.9375,71.5,13.0274,0.9084,13400.42472,33,0.785160039
21,49.6,0.874511991,14.57114667,53.7363,0.908008658,12.67317333,71.1,5.57684,0.934,72.391,13.645808,0.9242,13400.42472,33,0.785160039
22,46.1222,0.904205608,13.644896,53.8889,0.910857143,12.85329867,74.689,5.60587733333333,0.931,72.7666666666667,12.8663306666667,0.9322,13400.42472,33,0.785160039
23,46.4889,0.827244582,13.51173333,52.0111,0.834017595,12.69088533,71.9333333333333,5.75899733333333,0.9467,73.9036666666667,12.5105413333333,0.9313,13400.42472,33,0.785160039
24,46.8022,0.825766871,13.97366933,52.7033,0.845508982,12.714568,77.6666666666667,6.393472,0.9557,76.0606666666667,12.9692613333333,0.9203,13400.42472,33,0.785160039
25,46.7865,0.827629911,13.82286133,53.4831,0.867995019,12.708096,84.2963333333333,6.63504266666667,0.9424,79.721,14.7621626666667,0.939,13721.10424,33,0.833044769
26,46.7444,0.843559978,13.67939733,52.7444,0.886620097,13.31381867,80.485,6.31213066666667,0.973,73,12.9440026666667,0.9249,13721.10424,33,0.833044769
27,46.3667,0.85535248,13.82898133,53.1556,0.878757515,13.54984533,71.311,6.57653866666667,0.9412,71.6333333333333,12.6338906666667,0.8977,13721.10424,33,0.833044769
28,47.1111,0.865060241,13.84197067,61.1011,0.874853801,13.961448,94.2443333333333,7.94235733333333,0.897,72.3666666666667,12.7969493333333,0.8845,13721.10424,33,0.833044769
29,47.3333,0.864898211,13.63859467,52.9889,0.888358209,12.505072,81.7776666666667,8.69391733333333,0.953,72.0393333333333,13.1249546666667,0.9139,13721.10424,33,0.833044769
30,47.2667,0.845002992,13.76993867,52.9341,0.846420323,12.64822133,83.7556666666667,7.89602933333333,0.9189,71.779,13.4919466666667,0.9083,13569.51528,33,0.858534323
31,49.8667,0.888231816,14.603472,53.2778,0.888382688,12.782032,79.5556666666667,8.03846133333333,0.929,72.7,12.8638453333333,0.9148,13569.51528,33,0.858534323
32,46.3556,0.844267727,13.48850133,53.1136,0.880606444,12.81697867,83.489,8.021304,0.9581,74,13.082256,0.9085,13569.51528,33,0.858534323
33,46.6111,0.866152768,13.68146667,53.011,0.886639676,12.59152,72.5776666666667,9.167488,0.8989,78.2333333333333,13.8142906666667,0.9104,13569.51528,33,0.858534323
34,47.1818,0.852525253,13.602016,52.9205,0.8828125,12.11760267,76.2223333333333,10.410608,0.9362,80,13.877584,0.8873,13569.51528,33,0.858534323
35,47.1538,0.846446701,14.010928,52.978,0.910216718,12.47841067,60.4,9.74832,0.931,71.1666666666667,12.4882053333333,0.9225,13894.25224,33,0.871855038
36,46.4944,0.880886427,13.43866133,52.7111,0.916275955,12.23602133,60.206,10.042504,0.9224,71.4,12.5849093333333,0.9054,13894.25224,33,0.871855038
37,46.5556,0.858099063,13.572688,53.2333,0.867875648,12.35369867,61.1556666666667,9.83782133333333,0.9549,72.3,12.75664,0.926,13894.25224,33,0.871855038
38,46.4778,0.817039106,13.38275733,58.7667,0.861863847,13.55429333,62.8333333333333,9.941816,0.9272,72.4,12.7733653333333,0.9063,13894.25224,33,0.871855038
39,46.2444,0.837662338,13.15350667,52.1444,0.89059501,12.06179733,74.5776666666667,10.0218506666667,0.9434,71.797,13.0904266666667,0.938,13894.25224,33,0.871855038
40,46.0562,0.856562923,13.32417867,51.7333,0.857877814,12.214016,58.2406666666667,10.5346133333333,0.8961,71.015,12.907784,0.8994,13582.7316,33,0.879714172
41,49.9556,0.852830189,14.15332,51.6444,0.873873874,12.049728,55.0556666666667,10.7207866666667,0.912,70.9243333333333,12.88988,0.9134,13582.7316,33,0.879714172
42,46.3222,0.84496124,12.86403467,51.2444,0.895799236,12.19685867,53.1556666666667,10.5881706666667,0.8898,70.1666666666667,12.31792,0.8898,13582.7316,33,0.879714172
43,46.2556,0.806004619,13.06296,53.5444,0.893271462,12.33563733,45.3,11.2976373333333,0.9249,72.8666666666667,12.6953386666667,0.9249,13582.7316,33,0.879714172
44,46.3444,0.831139096,12.889528,52.8778,0.885361552,12.42033067,46.9666666666667,12.779544,0.9154,76.1666666666667,13.124432,0.9154,13582.7316,33,0.879714172
45,46.4945,0.826285714,13.22287467,54.6556,0.883131837,12.35394133,39,11.0112186666667,0.9267,69.3666666666667,12.1653946666667,0.9267,13789.50992,33,0.898798906
46,46.1573,0.85884455,13.05965067,52.3034,0.910938434,12.83700267,40.3333333333333,12.0016293333333,0.9135,69.2,12.122696,0.9133,13789.50992,33,0.898798906
47,46.7582,0.850718301,13.56429067,54.6556,0.878655881,12.00135733,40.4223333333333,11.8100986666667,0.9214,69.4333333333333,12.1086213333333,0.925,13789.50992,33,0.898798906
48,46.3596,0.806671721,12.96907733,56.0889,0.848351648,12.747392,39.6,11.3262613333333,0.9138,69.4333333333333,12.1722933333333,0.91,13789.50992,33,0.898798906
49,46.6703,0.865177833,13.66292533,52.0444,0.859594384,12.022848,40,11.501008,0.9085,69.894,12.7315706666667,0.9091,13789.50992,33,0.898798906
50,46.0333,0.87431694,12.46881333,48.5111,0.885159011,11.34508533,38.0556666666667,12.0329013333333,0.9336,70.088,13.2084026666667,0.9316,12370.42552,33,0.881222707
51,49.2333,0.893280632,13.586848,49.5444,0.91048202,11.62423733,36.6,12.3682,0.8838,70.6333333333333,12.4923306666667,0.8838,12370.42552,33,0.881222707
52,45.9556,0.846921797,12.40785067,52.3222,0.882123341,12.39567467,37.6333333333333,12.740592,0.9238,71.4,12.5674746666667,0.9238,12370.42552,33,0.881222707
53,46.1236,0.848920863,11.515424,51.2667,0.853195164,12.02729067,36.4333333333333,12.22124,0.8822,71.052,12.009632,0.8822,12370.42552,33,0.881222707
54,45.5778,0.898431049,11.27074667,51.8667,0.934306569,12.11468533,37.2333333333333,12.740888,0.9227,71.8073333333333,11.7924346666667,0.9252,12370.42552,33,0.881222707
55,44.8222,0.858784893,11.161792,52.7,0.851098454,11.90630133,37.1666666666667,12.211672,0.9213,67.8333333333333,11.884032,0.9186,12764.97888,33,0.895850692
56,45.1429,0.877850163,11.25448267,51.8111,0.88503937,11.139688,36.1666666666667,11.406608,0.8738,65.709,11.8020346666667,0.8815,12764.97888,33,0.895850692
57,45.5056,0.873239437,10.87002133,51.0444,0.88923802,11.417264,36.5666666666667,11.594672,0.9306,67.8273333333333,12.2473546666667,0.9202,12764.97888,33,0.895850692
58,45.3667,0.899653979,11.32708,57.4556,0.906144497,13.001912,37.2666666666667,12.237616,0.9212,69.5363333333333,12.6670213333333,0.9247,12764.97888,33,0.895850692
59,45.8667,0.882468812,11.52050133,50.4886,0.900831734,11.07037867,37.3666666666667,12.190656,0.8665,69.1666666666667,12.1589093333333,0.8665,12764.97888,33,0.895850692
60,46.4222,0.854689564,11.942808,52.2308,0.897160883,12.13304533,37.2666666666667,12.095416,0.9298,68.9666666666667,12.0664586666667,0.9298,13349.91064,33,0.901123596
61,48.3,0.877537656,12.74294667,52.8778,0.877642537,11.841176,37.0333333333333,12.008544,0.9462,67.3,11.6787733333333,0.9462,13349.91064,33,0.901123596
62,45.9326,0.877300614,12.04790133,50.8889,0.90157251,11.80155467,35.7936666666667,11.860992,0.9329,64.4,11.1500506666667,0.9354,13349.91064,33,0.901123596
63,46.1648,0.858858859,12.67397067,50.6593,0.902411022,12.649896,36.1666666666667,11.840872,0.9262,69.2,11.9314106666667,0.9282,13349.91064,33,0.901123596
64,46.2778,0.87144623,12.60015733,52.9674,0.889957907,12.65201067,39.0666666666667,12.97592,0.8971,72.1666666666667,12.4568453333333,0.8945,13349.91064,33,0.901123596
65,46.1556,0.856608479,12.508352,51.4773,0.873703478,12.32481067,36.3,11.451584,0.9174,66.3666666666667,11.5191306666667,0.9187,13415.8424,33,0.911306866
66,46.0778,0.875,13.09445067,53.3444,0.886322188,12.89274933,36.5666666666667,11.734256,0.9426,67.4636666666667,12.1936186666667,0.9398,13415.8424,33,0.911306866
67,46.4,0.876136364,13.41262667,53.5761,0.911877395,13.45934667,36.6333333333333,11.84796,0.9228,67.4516666666667,12.2760746666667,0.9225,13415.8424,33,0.911306866
68,46.3111,0.847926267,13.536768,58.2889,0.912493121,14.17216,36.5666666666667,11.788088,0.8975,68.0243333333333,12.360576,0.9003,13415.8424,33,0.911306866
69,47.1111,0.857475276,13.81847467,51.3667,0.891032917,13.091688,37.4,12.183336,0.8918,70.1333333333333,12.3320906666667,0.8918,13415.8424,33,0.911306866
70,46.8556,0.867420349,13.76746133,53.1236,0.878695209,12.764408,37.6666666666667,12.6296,0.9192,71.4333333333333,12.6608,0.9192,13809.71184,33,0.901327434
71,49.6556,0.874511991,14.60658667,51,0.908008658,12.68308267,37.9666666666667,12.7232,0.9342,72.0333333333333,12.7878373333333,0.9342,13809.71184,33,0.901327434
72,46.7889,0.904205608,13.634608,51.4556,0.910857143,12.83709067,38.3333333333333,13.761752,0.924,72.7,12.946368,0.919,13809.71184,33,0.901327434
73,46.4778,0.827244582,13.52563467,53.5056,0.834017595,12.687912,38.494,13.466664,0.9304,75.9,13.3748666666667,0.9323,13809.71184,33,0.901327434
74,46.6,0.825766871,13.802752,52.4348,0.845508982,12.713672,39.5,14.121304,0.9236,79.0666666666667,13.8033626666667,0.9258,13809.71184,33,0.901327434
75,47.2556,0.827629911,13.97457867,52.2472,0.867995019,12.74692,38.6,13.07116,0.9562,73.1636666666667,13.4603733333333,0.9533,13538.17832,33,0.892771661
76,46.3736,0.843559978,13.84544533,52.7363,0.886620097,13.271408,38.0333333333333,12.816656,0.8924,71.997,13.1745146666667,0.8979,13538.17832,33,0.892771661
77,46.6477,0.85535248,13.505928,52.6667,0.878757515,13.487576,37.8,12.674456,0.8781,71.8666666666667,12.7252373333333,0.8861,13538.17832,33,0.892771661
78,47.2967,0.865060241,14.00939733,59.5333,0.874853801,14.03183733,39.1,12.860376,0.905,72.5816666666667,13.2103413333333,0.8978,13538.17832,33,0.892771661
79,47.0667,0.864898211,13.65562933,52.3556,0.888358209,12.51411467,38.2,12.685176,0.9115,71.7333333333333,12.6942373333333,0.9115,13538.17832,33,0.892771661
80,47.1444,0.845002992,13.72833333,51.5667,0.846420323,12.620104,37.9333333333333,12.71236,0.9202,71.7666666666667,12.712928,0.9202,13534.30384,33,0.885375494
81,50.0556,0.888231816,14.62481867,54.6207,0.888382688,12.403664,38.0333333333333,12.714064,0.9053,72.6333333333333,12.9159013333333,0.9053,13534.30384,33,0.885375494
82,46.4333,0.844267727,13.49734667,53.967,0.880606444,12.77026133,39.0606666666667,14.62044,0.9165,75.0666666666667,13.4101946666667,0.9114,13534.30384,33,0.885375494
83,46.4556,0.866152768,13.675336,78.3214,0.886639676,11.74671467,39.3333333333333,13.528016,0.8873,78.0333333333333,13.69776,0.8919,13534.30384,33,0.885375494
84,47.0879,0.852525253,14.052176,71.5521,0.8828125,13.39708267,38.9333333333333,13.904384,0.9122,77.7,13.4404773333333,0.9107,13534.30384,33,0.885375494
85,47.0222,0.846446701,13.853568,54.4556,0.910216718,12.46571467,37.4666666666667,12.499152,0.9067,71.091,12.9608026666667,0.9088,14106.282,33,0.898617512
86,46.4831,0.880886427,13.45289333,51.5222,0.916275955,12.26147467,37.7,12.651264,0.9224,71.815,13.129592,0.918,14106.282,33,0.898617512
87,46.7363,0.858099063,13.719896,52.7222,0.867875648,12.34519467,38.2,12.834856,0.914,72.1,12.7935973333333,0.921,14106.282,33,0.898617512
88,46.3111,0.817039106,13.37919733,58.9556,0.861863847,13.56901333,38.2666666666667,12.779608,0.9228,71.697,13.1341893333333,0.92,14106.282,33,0.898617512
89,46.6854,0.837662338,13.01682667,54.8778,0.89059501,12.05327467,37.6,12.56628,0.935,71.0666666666667,12.563928,0.935,14106.282,33,0.898617512
90,46.3,0.856562923,13.45912267,50.9667,0.857877814,12.17788267,37.7,12.559224,0.8937,70.8333333333333,12.5187973333333,0.8937,13508.3496,33,0.879337539
91,49.5955,0.852830189,14.008016,54.8876,0.873873874,12.090824,37.4,12.8275653333333,0.9004,70.4,12.3571333333333,0.9004,13508.3496,33,0.879337539
92,46.2778,0.84496124,12.875048,52.1,0.895799236,12.18181067,37.0183333333333,12.9873066666667,0.9113,69.5,12.2605733333333,0.9087,13508.3496,33,0.879337539
93,46.3111,0.806004619,13.04684267,52.3222,0.893271462,12.345144,37.2333333333333,12.406352,0.9087,72.9666666666667,12.775008,0.9137,13508.3496,33,0.879337539
94,46.4222,0.831139096,12.90890133,65.8861,0.885361552,10.75494933,38.2,13.509616,0.9246,75.4666666666667,13.0341893333333,0.9168,13508.3496,33,0.879337539
95,46.2111,0.826285714,13.06587467,206.577,0.883131837,10.68060533,36.7,12.02892,0.9226,68.7816666666667,12.4756693333333,0.9266,13615.88696,33,0.893832392
96,46.3667,0.85884455,13.20004267,162.712,0.910938434,13.63870133,37.1333333333333,12.219728,0.9306,69.3183333333333,12.5618106666667,0.9297,13615.88696,33,0.893832392
97,46.4667,0.850718301,13.413528,54.3333,0.878655881,12.15154667,36.8,12.061784,0.9142,69.3333333333333,12.1066853333333,0.9187,13615.88696,33,0.893832392
98,46.1444,0.806671721,13.11131467,54.7333,0.848351648,12.88128,36.7666666666667,12.2156,0.9016,69.6303333333333,12.6694506666667,0.8997,13615.88696,33,0.893832392
99,46.7667,0.865177833,13.55897333,51.0333,0.859594384,11.844416,37.4,12.388888,0.9295,70.0666666666667,12.397544,0.9295,13615.88696,33,0.893832392
100,45.6667,0.87431694,12.46927467,48.5111,0.885159011,11.47594667,37.2,12.414856,0.9239,69.9,12.399024,0.9239,12354.86648,33,0.868794326
101,48.5,0.893280632,13.542008,50.2111,0.91048202,11.71829067,37.2636666666667,12.7535653333333,0.8811,70.7666666666667,12.5290133333333,0.8811,12354.86648,33,0.868794326
102,46.3222,0.846921797,12.45951467,50.8889,0.882123341,12.16866933,37.6243333333333,13.5962586666667,0.8994,70.6,12.5052,0.9019,12354.86648,33,0.868794326
103,45.9889,0.848920863,11.64290667,51.3956,0.853195164,12.49765867,36.5183333333333,10.6809493333333,0.9,69.5,12.2154106666667,0.8971,12354.86648,33,0.868794326
104,45.1798,0.898431049,11.154112,50.7889,0.934306569,12.06720267,37.5666666666667,13.0244453333333,0.9248,71.2666666666667,12.560376,0.9248,12354.86648,33,0.868794326
105,45.022,0.858784893,11.28391733,50.6444,0.851098454,11.84766933,36.3,11.6322373333333,0.8998,66.3333333333333,11.6482693333333,0.8998,12761.15336,33,0.900083403
106,45.0899,0.877850163,11.01761333,51.7614,0.88503937,10.86566933,36.6666666666667,11.6806,0.8825,66.8,11.7013333333333,0.8825,12761.15336,33,0.900083403
107,45.2667,0.873239437,10.99412,51.4222,0.88923802,11.463176,36.7333333333333,11.7428,0.9528,68.0666666666667,11.9413013333333,0.9528,12761.15336,33,0.900083403
108,45.4222,0.899653979,11.30052,54.2556,0.906144497,12.47626667,37.4666666666667,12.7349893333333,0.8747,69.9333333333333,12.225136,0.8747,12761.15336,33,0.900083403
109,45.2418,0.882468812,11.66469867,52.0659,0.900831734,12.357856,37.2453333333333,12.3889253333333,0.9138,68.7,12.0394186666667,0.9138,12761.15336,33,0.900083403
110,45.6742,0.854689564,11.81004533,49.7912,0.897160883,11.745496,37.2,12.1113226666667,0.9188,68,11.9160506666667,0.9188,13415.68528,33,0.9
111,48.3804,0.877537656,12.995536,52.1868,0.877642537,11.827056,37.097,11.9697146666667,0.9526,65.4666666666667,11.3973946666667,0.9535,13415.68528,33,0.9
112,45.6889,0.877300614,12.182008,50.8222,0.90157251,11.82064533,36,11.272664,0.9225,66.7666666666667,11.3440666666667,0.9263,13415.68528,33,0.9
113,46,0.858858859,12.53648267,51.5333,0.902411022,12.26056,38.3,13.22836,0.9143,69.2786666666667,12.468952,0.9146,13415.68528,33,0.9
114,46.1818,0.87144623,12.316296,88.2841,0.889957907,12.14092,35.9,11.179192,0.9006,71.988,12.799712,0.899,13415.68528,33,0.9
115,46.1333,0.856608479,12.52162933,84.0444,0.873703478,12.75891467,36.2333333333333,11.548872,0.9271,66.8,12.0850373333333,0.926,13569.57432,33,0.904738761
116,46.1111,0.875,13.06324267,52.4333,0.886322188,12.87634133,37.0333333333333,11.862688,0.9398,67.2333333333333,11.8410853333333,0.9398,13569.57432,33,0.904738761
117,46.5667,0.876136364,13.42016533,52.0114,0.911877395,12.56025333,36.4,11.79788,0.9123,67.2,11.8170293333333,0.9123,13569.57432,33,0.904738761
118,46.5556,0.847926267,13.517848,56.9674,0.912493121,14.27562133,36.4333333333333,12.6228533333333,0.8953,68.6,12.100584,0.8951,13569.57432,33,0.904738761
119,46.7033,0.857475276,13.973904,54.8791,0.891032917,13.45146667,37.888,13.0657786666667,0.9072,70.8333333333333,12.6010346666667,0.9075,13569.57432,33,0.904738761
120,47.2022,0.867420349,13.63601867,53.7978,0.878695209,12.78307467,38,12.636984,0.9256,71.3333333333333,12.6917866666667,0.9248,13559.3728,33,0.887604225
121,49.3587,0.874511991,14.90869067,51.5934,0.908008658,12.69470133,38.3333333333333,12.836528,0.9322,72.0546666666667,13.268552,0.9322,13559.3728,33,0.887604225
122,46.3667,0.904205608,13.626416,53.3409,0.910857143,12.79722933,38.2666666666667,12.877336,0.9294,75.5703333333333,13.1208053333333,0.9313,13559.3728,33,0.887604225
123,46.7,0.827244582,13.53657067,52.9674,0.834017595,12.70329333,39.8333333333333,14.33688,0.9242,78.5333333333333,14.4041973333333,0.9173,13559.3728,33,0.887604225
124,46.7889,0.825766871,13.79252533,53.1011,0.845508982,12.72268533,38.3666666666667,12.96376,0.94,74.5273333333333,13.1467653333333,0.944,13559.3728,33,0.887604225
125,47.1,0.827629911,13.97175467,52.1099,0.867995019,12.76833067,38.6666666666667,13.103496,0.9233,72.3273333333333,13.3441386666667,0.9226,13791.79664,33,0.878867834
126,47.1461,0.843559978,13.542808,52.1889,0.886620097,13.202272,37.7,12.558096,0.9015,71.1,12.6417973333333,0.9015,13791.79664,33,0.878867834
127,46.6,0.85535248,13.803384,52.9425,0.878757515,12.965496,38.0666666666667,12.8092,0.8814,71.8666666666667,12.7976906666667,0.8814,13791.79664,33,0.878867834
128,47.0667,0.865060241,13.839808,57.1183,0.874853801,14.19220533,37.994,13.6020373333333,0.9168,71.6666666666667,12.7093866666667,0.9177,13791.79664,33,0.878867834
129,47,0.864898211,13.66818667,54.4157,0.888358209,12.95094667,37.712,13.0386586666667,0.9083,71.3,12.6666986666667,0.9052,13791.79664,33,0.878867834
130,46.9444,0.845002992,13.72381867,51.9444,0.846420323,12.61223467,38.1,12.77388,0.91,72.4,12.8638453333333,0.9148,13556.38232,33,0.882860386
131,49.7333,0.888231816,14.631504,52.2778,0.888382688,12.77414133,38.6666666666667,12.977488,0.9065,73.4,13.082256,0.9085,13556.38232,33,0.882860386
132,46.3778,0.844267727,13.50581867,51.0111,0.880606444,12.80666933,39.2,13.514616,0.9164,77.2576666666667,14.19288,0.9104,13556.38232,33,0.882860386
133,46.5778,0.866152768,13.689432,53.4,0.886639676,12.60325067,39.6666666666667,14.340968,0.8897,79.3606666666667,14.2856266666667,0.8873,13556.38232,33,0.882860386
134,46.8333,0.852525253,13.865152,50.6111,0.8828125,12.545824,37.6,12.569576,0.9116,70.5666666666667,12.5226266666667,0.9225,13556.38232,33,0.882860386
135,47.3,0.846446701,13.870096,52.6444,0.910216718,12.45421867,37.5,12.517088,0.9102,71.0546666666667,13.006088,0.9031,13570.85936,33,0.898116109
136,46.6222,0.880886427,13.60294667,52.4111,0.916275955,12.27407733,38.2333333333333,12.75996,0.9313,71.6666666666667,12.7621786666667,0.9313,13570.85936,33,0.898116109
137,46.4667,0.858099063,13.56171733,54.4444,0.867875648,12.89216533,38.1333333333333,12.766616,0.9098,71.7666666666667,12.7571146666667,0.9098,13570.85936,33,0.898116109
138,46.7,0.817039106,13.40952267,54.1222,0.861863847,12.57862133,38.5546666666667,13.5545146666667,0.9374,71.2333333333333,12.6605573333333,0.9328,13570.85936,33,0.898116109
139,46.2889,0.837662338,13.160008,53.1444,0.89059501,12.51006667,37.712,12.9319413333333,0.8876,70.8333333333333,12.5172613333333,0.901,13570.85936,33,0.898116109
140,46.0556,0.856562923,13.45065333,51.7333,0.857877814,12.16101333,37.7,12.527592,0.9194,71.3,12.478744,0.912,13776.42104,33,0.895171702
141,48.8571,0.852830189,14.302464,52.0111,0.873873874,12.10941867,37.8333333333333,12.298072,0.8919,69.9213333333333,12.72088,0.8898,13776.42104,33,0.895171702
142,45.7,0.84496124,12.875496,52.7778,0.895799236,12.17409867,37.0666666666667,12.280776,0.9181,72.4483333333333,13.1003413333333,0.9249,13776.42104,33,0.895171702
143,45.8667,0.806004619,13.05337867,52.2778,0.893271462,12.34072533,38.3,13.601672,0.9141,75.4,13.1056693333333,0.9154,13776.42104,33,0.895171702
144,45.9778,0.831139096,12.90547733,53.5682,0.885361552,12.00474133,36.9333333333333,12.119776,0.9282,68.794,12.5542533333333,0.9226,13776.42104,33,0.895171702
145,46.2,0.826285714,13.07730667,50.8444,0.883131837,12.372312,37.6,12.2082,0.9164,68.9,12.1488853333333,0.9164,13580.66384,33,0.896909649
146,46.1556,0.85884455,13.20469067,51.7143,0.910938434,13.04891467,36.8666666666667,12.030256,0.9214,68.6333333333333,12.0752853333333,0.9214,13580.66384,33,0.896909649
147,46.3667,0.850718301,13.395792,51.8111,0.878655881,12.47854933,37.2666666666667,12.165344,0.9138,69.1333333333333,12.2013066666667,0.9138,13580.66384,33,0.896909649
148,45.8876,0.806671721,12.994312,53.6778,0.848351648,12.25117333,36.9693333333333,13.480008,0.9155,69.4333333333333,12.327208,0.9085,13580.66384,33,0.896909649
149,47.2198,0.865177833,13.69859733,52.7,0.859594384,12.093672,37.3333333333333,12.432136,0.9288,69.8,12.41284,0.9336,13580.66384,33,0.896909649
150,45.9773,0.87431694,12.160912,52.5111,0.885159011,11.53794133,37.6333333333333,12.345312,0.8815,70.2666666666667,12.4923306666667,0.8838,12353.69528,33,0.87872122
151,48.4891,0.893280632,13.84094933,51.0879,0.91048202,11.77051467,38.3333333333333,12.889152,0.9241,70.791,12.961168,0.9238,12353.69528,33,0.87872122
152,45.5114,0.846921797,12.20309067,50.4333,0.882123341,12.07436,37,12.072896,0.8827,70.3096666666667,12.394456,0.8822,12353.69528,33,0.87872122
153,45.4565,0.848920863,11.89002133,50.8556,0.853195164,12.18601067,38,11.559808,0.921,71.3,12.1707893333333,0.9227,12353.69528,33,0.87872122
154,44.9778,0.898431049,11.28758133,51.2921,0.934306569,11.994064,36.5,12.211672,0.9213,67.6333333333333,11.9433173333333,0.9213,12353.69528,33,0.87872122
155,44.0568,0.858784893,10.91731467,50.3736,0.851098454,11.852488,35.4243333333333,12.632424,0.8736,65.6666666666667,11.469296,0.8738,12771.34392,33,0.900651194
156,45.022,0.877850163,11.25550667,49.4333,0.88503937,11.36600533,36.7333333333333,11.56576,0.934,67.5333333333333,11.8089893333333,0.9306,12771.34392,33,0.900651194
157,44.8427,0.873239437,10.879448,51.7889,0.88923802,11.87286133,36.5666666666667,12.210624,0.9194,69,12.221968,0.9212,12771.34392,33,0.900651194
158,45.4,0.899653979,11.29810133,52.0333,0.906144497,11.92968,36.8,12.18284,0.8753,68.812,12.5458453333333,0.8665,12771.34392,33,0.900651194
159,45.0333,0.882468812,11.563,52.0222,0.900831734,12.02553867,36.3666666666667,12.094136,0.9231,68.5183333333333,12.462576,0.9298,12771.34392,33,0.900651194
160,46.3483,0.854689564,11.75765867,51.3596,0.897160883,11.72175733,36.4666666666667,12.036088,0.9497,66.9,11.7127173333333,0.9462,13579.43872,33,0.903089888
161,48.022,0.877537656,12.86686667,50.4066,0.877642537,11.81878133,35.0333333333333,11.09352,0.9318,64.4363333333333,11.5984613333333,0.9329,13579.43872,33,0.903089888
162,46.1667,0.877300614,12.183464,51.5667,0.90157251,12.214192,35.4333333333333,11.419992,0.9262,68.6,11.9386346666667,0.9262,13579.43872,33,0.903089888
163,45.8667,0.858858859,12.51220533,51.0667,0.902411022,12.29685333,37.6,12.97592,0.8971,72,12.467808,0.8971,13579.43872,33,0.903089888
164,45.9444,0.87144623,12.59281333,51.1444,0.889957907,12.15990933,35.2183333333333,11.8218133333333,0.9174,65.9333333333333,11.545808,0.9174,13579.43872,33,0.903089888
165,46.1444,0.856608479,12.52214133,50.7391,0.873703478,13.17776,35.5726666666667,12.5216506666667,0.9462,66.9666666666667,11.77216,0.9426,13397.5088,33,0.904112923
166,45.8889,0.875,13.07462133,52.1798,0.886322188,12.85974133,35.8,11.833232,0.9138,67,11.828008,0.9228,13397.5088,33,0.904112923
167,45.9556,0.876136364,13.396712,53.9318,0.911877395,13.02976533,35.8333333333333,11.803968,0.8953,67.4,11.9198373333333,0.8975,13397.5088,33,0.904112923
168,46.3556,0.847926267,13.52024533,54.8043,0.912493121,13.830512,36.6,12.25084,0.8935,69.5,12.75424,0.8918,13397.5088,33,0.904112923
169,46.8667,0.857475276,13.817024,53.978,0.891032917,13.43690933,37.1333333333333,12.669776,0.9244,71.003,13.0875413333333,0.9192,13397.5088,33,0.904112923
170,47.0337,0.867420349,13.68031733,52.9886,0.878695209,12.32835733,37.3,12.736976,0.9362,71.6,12.788008,0.9342,13571.32072,33,0.901521039
171,49.0659,0.874511991,14.71354933,51.3111,0.908008658,12.75571733,37.6,12.90384,0.9197,72.4666666666667,12.9551013333333,0.919,13571.32072,33,0.901521039
172,46.6044,0.904205608,13.78270933,51.0667,0.910857143,12.77668533,37.6333333333333,13.044344,0.9304,75.688,13.8256506666667,0.9343,13571.32072,33,0.901521039
173,46.5333,0.827244582,13.55640267,54.0222,0.834017595,12.690848,39.2666666666667,14.121304,0.9236,79,13.771248,0.9236,13571.32072,33,0.901521039
174,46.8667,0.825766871,13.77984,54.2444,0.845508982,12.757192,37.6606666666667,13.506456,0.9562,72.9333333333333,12.986328,0.9562,13571.32072,33,0.901521039
175,46.9,0.827629911,13.95783467,53.1,0.867995019,12.768816,37.112,13.595104,0.8885,71.7,12.7692613333333,0.8924,13929.36296,33,0.865768583
176,46.0556,0.843559978,13.71110933,51.7889,0.886620097,13.20862667,37.1666666666667,12.700744,0.8889,71.5666666666667,12.7364293333333,0.8781,13929.36296,33,0.865768583
177,46.9333,0.85535248,13.806976,58.3,0.878757515,13.811744,37.6333333333333,12.853528,0.9057,71.9666666666667,12.801976,0.905,13929.36296,33,0.865768583
178,47.0333,0.865060241,13.829224,56.1889,0.874853801,13.29566133,37.2,12.672104,0.9082,71.3636666666667,13.1039546666667,0.9115,13929.36296,33,0.865768583
179,46.3556,0.864898211,13.70288533,54.7667,0.888358209,12.965088,37.2666666666667,12.721408,0.9173,71.291,13.1196933333333,0.9202,13929.36296,33,0.865768583
180,47.5056,0.845002992,13.54547733,52.0333,0.846420323,12.637808,37.3,12.705208,0.9024,72.5,12.9398053333333,0.9053,13482.05032,33,0.885904525
181,49.1522,0.888231816,14.92040533,52.1,0.888382688,12.75852,38.9,13.400144,0.9222,74.7333333333333,13.415912,0.9114,13482.05032,33,0.885904525
182,46.3333,0.844267727,13.514088,52.3222,0.880606444,12.80209067,38.6333333333333,13.528016,0.8873,77.0816666666667,14.0870933333333,0.8945,13482.05032,33,0.885904525
183,46.2889,0.866152768,13.68957067,51.3111,0.886639676,12.596856,39.0333333333333,13.904384,0.9122,77.2666666666667,13.4359653333333,0.9122,13482.05032,33,0.885904525
184,46.3222,0.852525253,13.85686933,52.6444,0.8828125,12.555352,36.9183333333333,13.3024693333333,0.911,70.5333333333333,12.549856,0.9067,13482.05032,33,0.885904525
185,46.7444,0.846446701,13.846024,51.2809,0.910216718,12.447008,37.115,13.0658106666667,0.9218,71.3,12.7124613333333,0.9224,13657.4448,33,0.907108032
186,46.7753,0.880886427,13.478232,52.8222,0.916275955,12.29092,37.7,12.855328,0.907,71.8,12.81644,0.914,13657.4448,33,0.907108032
187,45.9889,0.858099063,13.54992533,53.6667,0.867875648,12.76615467,37.4333333333333,12.78996,0.9222,71.2666666666667,12.7084986666667,0.9228,13657.4448,33,0.907108032
188,46.6222,0.817039106,13.41288533,55.6111,0.861863847,12.66679467,37.0666666666667,12.53672,0.9299,70.688,12.965784,0.935,13657.4448,33,0.907108032
189,46.2778,0.837662338,13.177392,54.4111,0.89059501,12.552984,37.1,12.54568,0.902,70.815,12.9084186666667,0.8937,13657.4448,33,0.907108032
190,46.2841,0.856562923,13.140672,51.5111,0.857877814,12.137,36.7666666666667,12.401216,0.8964,69.5333333333333,12.3490746666667,0.9004,13755.2868,33,0.894074938
191,49.0323,0.852830189,14.591424,51.4505,0.873873874,12.52365067,36.6333333333333,12.208064,0.9154,68.6816666666667,12.6637813333333,0.9113,13755.2868,33,0.894074938
192,46.4,0.84496124,12.88198667,52.6889,0.895799236,12.18037867,36.6333333333333,12.406352,0.9087,72.2333333333333,12.7741066666667,0.9087,13755.2868,33,0.894074938
193,46.0899,0.806004619,12.91056,52.3778,0.893271462,12.34693867,38.1,13.509616,0.9246,74.6333333333333,13.0160506666667,0.9246,13755.2868,33,0.894074938
194,46.1222,0.831139096,12.910208,51.8444,0.885361552,12.39982933,36.0153333333333,12.810232,0.9172,68.0666666666667,12.0925226666667,0.9226,13755.2868,33,0.894074938
195,45.6629,0.826285714,12.92082933,53.1348,0.883131837,11.9998,36.2756666666667,12.610656,0.9368,68.6,12.16708,0.9306,12539.30024,33,0.899399929
196,46.1099,0.85884455,13.349216,50.8681,0.910938434,12.981024,36,12.054008,0.9078,68.3333333333333,12.113056,0.9142,12539.30024,33,0.899399929
197,45.4222,0.850718301,13.39648533,53.1111,0.878655881,12.41599467,36.3,12.22724,0.9019,69.106,12.672728,0.9016,12539.30024,33,0.899399929
198,46.0659,0.806671721,13.29910133,51.5,0.848351648,12.36720267,36.4333333333333,12.41088,0.9328,69.4,12.395184,0.9295,12539.30024,33,0.899399929
199,46.2921,0.865177833,13.39824,50.9773,0.859594384,11.55562933,36.6333333333333,12.407776,0.9228,70.0183333333333,12.7852293333333,0.9239,12539.30024,33,0.899399929
200,47.0562,0.87431694,12.73193067,51.6413,0.885159011,12.09012267,36.5666666666667,12.33496,0.8855,70,12.5087226666667,0.8811,6688.60288,33,0.87133984
201,47.7033,0.893280632,13.26643733,50.4556,0.91048202,11.728872,37.5333333333333,12.823848,0.8979,70.062,12.4957093333333,0.8994,6688.60288,33,0.87133984
202,45.7143,0.846921797,12.6236,51.2584,0.882123341,11.666576,36.5073333333333,11.49936,0.9,69.211,11.4619813333333,0.9,6688.60288,33,0.87133984
203,45.5055,0.848920863,11.76837867,50.0769,0.853195164,12.198064,39.6846666666667,13.5915733333333,0.9259,70.7666666666667,12.5602426666667,0.9248,6688.60288,33,0.87133984
204,44.9318,0.898431049,11.03785333,52.1111,0.934306569,11.99961067,36.6333333333333,11.493672,0.8957,167.102666666667,9.377248,0.9122,6688.60288,33,0.87133984
205,207.551,0.825862069,7.178648,103.029,0.851098454,9.192562667,37.0833333333333,9.18191466666667,0.8766,493.373,7.281392,0.8633,7363.52952,33,0.621988257
206,320.524,0.864864865,7.268754667,457.439,0.88503937,7.14188,239.1,6.43564533333333,0.934,878.777666666667,6.99285866666667,0.9091,7363.52952,33,0.621988257
207,233.905,0.830508475,7.13732,816.318,0.88923802,6.933589333,328.916666666667,5.37742133333333,0.9441,1268.55566666667,7.07866133333333,0.9416,7363.52952,33,0.621988257
208,87.6548,0.829085457,7.043165333,622.34,0.906144497,7.687693333,376.65,6.69866933333333,0.9359,1699.389,7.46582133333333,0.9435,7363.52952,33,0.621988257
209,153,0.855363322,7.133525333,341.365,0.900831734,6.016285333,327.944333333333,5.24330133333333,0.9516,2118.66666666667,6.912024,0.8585,7363.52952,33,0.621988257
210,82.3976,0.846256685,5.979029333,669.035,0.881733746,7.760872,293.333333333333,5.319552,0.9853,2522.94433333333,7.22455733333333,0.8729,7752.43216,33,0.160796697
211,257.767,0.856956238,7.400482667,1100.53,0.842420611,7.404525333,120.726,5.023808,0.8998,2938.05533333333,7.213768,0.9309,7752.43216,33,0.160796697
212,348.17,0.849590938,6.93944,1037.7,0.885630499,6.688877333,54.3336666666667,2.4942,0.8432,3357.111,7.25141333333333,0.916,7752.43216,33,0.160796697
213,155.606,0.848894349,7.325701333,1234.04,0.897510133,7.107170667,69.3106666666667,3.88283733333333,0.8626,3759.61133333333,7.00145066666667,0.9344,7752.43216,33,0.160796697
214,302.014,0.850560399,7.030461333,711.157,0.868374032,4.547088,48.3546666666667,2.693304,0.8831,4147.82533333333,7.25618133333333,0.9492,7752.43216,33,0.160796697
215,337.56,0.829545455,7.132397333,290.636,0.836212031,3.372504,49.9333333333333,2.749824,0.8757,4506.59533333333,7.118624,0.9404,7355.55208,33,0.085900607
216,234.584,0.868020305,7.223133333,332.571,0.796875,3.476746667,56.8,3.017352,0.8822,4878.992,7.22090133333333,0.9184,7355.55208,33,0.085900607
217,460.348,0.849012776,7.263658667,450.064,0.712230216,3.610069333,63.8,3.49289866666667,0.8628,5314.357,7.32571733333333,0.921,7355.55208,33,0.085900607
218,562.969,0.835008871,6.841549333,155.986,0.741784038,4.125352,77.9,4.35432,0.843,5760.27233333333,6.79492,0.9038,7355.55208,33,0.085900607
219,514.179,0.838516746,7.416341333,316.838,0.792844778,5.61884,106.522333333333,3.25633333333333,0.8822,6143.10333333333,7.227456,0.9022,7355.55208,33,0.085900607
220,769.938,0.833972603,7.041386667,503.952,0.834894037,5.800562667,183.307666666667,5.07162933333333,0.9405,6530.46033333333,7.31916533333333,0.9222,7710.3828,33,0.0039491
221,916.411,0.872989462,7.090677333,960.731,0.873859367,6.632218667,257.9,5.71895466666667,0.9524,6931.95233333333,7.43865066666667,0.9186,7710.3828,33,0.0039491
222,1006.84,0.913043478,7.322645333,1156.13,0.897583429,7.027330667,266.844333333333,6.06843733333333,0.9375,7336,7.07826933333333,0.9646,7710.3828,33,0.0039491
223,1205.85,0.815104167,7.179992,1342.12,0.827912478,7.633752,269.889,6.883136,0.8828,7733.889,7.12152266666667,0.9028,7710.3828,33,0.0039491
224,1449.83,0.795783926,7.104826667,815.673,0.80806846,4.872074667,115.436333333333,4.593552,0.8727,8128.16666666667,7.10425333333333,0.9139,7710.3828,33,0.0039491
225,1478.34,0.841352406,7.149064,650.065,0.79245283,3.548941333,60.5333333333333,3.24720533333333,0.8345,8521.88866666667,7.080288,0.8934,7621.20264,33,0.000472701
226,1563.7,0.848449386,7.149109333,51.2135,0.773255814,1.142466667,65.4666666666667,3.50681866666667,0.8416,8937.44433333333,7.33078666666667,0.9013,7621.20264,33,0.000472701
227,1647.08,0.856084656,7.156781333,55.7816,0.800214248,2.559557333,79.1143333333333,3.72774933333333,0.8492,9358.54433333333,6.69502133333333,0.893,7621.20264,33,0.000472701
228,1541.88,0.876459742,7.311874667,155.12,0.803357314,4.006645333,90.4816666666667,3.821176,0.8358,9795.33333333333,7.57017333333333,0.9252,7621.20264,33,0.000472701
229,1569.25,0.849656893,7.247589333,258.233,0.81184454,6.254042667,64.7,3.453144,0.8403,10246.3443333333,7.157664,0.9256,7621.20264,33,0.000472701
230,1634.78,0.81727159,6.998429333,560.167,0.787640449,7.645192,68.6666666666667,3.78422933333333,0.8285,10680.8223333333,6.850888,0.9205,7592.39856,33,0.031547105
231,1537.09,0.852976914,7.160965333,1004.75,0.830254042,7.088154667,74.9963333333333,4.08212,0.8299,11134.6666666667,7.77386666666667,0.9508,7592.39856,33,0.031547105
232,1650.54,0.823050848,7.069794667,827.487,0.883396705,6.360656,149.591666666667,5.26455466666667,0.8547,11592.8556666667,6.85746133333333,0.897,7592.39856,33,0.031547105
233,1753.93,0.837508948,7.317656,852.14,0.868493151,4.949261333,135.352,4.56163733333333,0.8637,12043.7666666667,7.42889866666667,0.9494,7592.39856,33,0.031547105
234,1646.98,0.818559557,7.148829333,465.633,0.838709677,4.585784,58.4666666666667,3.28995466666667,0.8276,12516.189,6.95151733333333,0.9139,7592.39856,33,0.031547105
235,1641.61,0.861558274,7.02028,148.234,0.896636086,3.82004,66,3.58970933333333,0.829,12974.75,6.431352,0.9283,7497.8428,33,0.007097592
236,1594.47,0.890277778,7.368637333,363.746,0.787188612,5.494218667,122.255666666667,3.94060266666667,0.8556,13476.6666666667,7.74933333333333,0.9239,7497.8428,33,0.007097592
237,1575.29,0.852638794,7.085168,597.694,0.735334243,6.200245333,62.4696666666667,3.222944,0.913,13947.7223333333,7.40142666666667,0.9499,7497.8428,33,0.007097592
238,1487.78,0.834612701,7.1258,901.477,0.761968085,6.677725333,63.5666666666667,3.396912,0.8489,14405.211,6.89977333333333,0.9597,7497.8428,33,0.007097592
239,1403.99,0.842312746,7.377930667,1059.83,0.804625685,7.489946667,68.6333333333333,3.685024,0.8605,14846.6223333333,7.228008,0.8817,7497.8428,33,0.007097592
240,1523.06,0.784,7.180538667,671.331,0.775612822,4.491266667,71.0166666666667,3.68112,0.8184,15294.6666666667,7.56866933333333,0.9053,7742.24792,33,0.003142184
241,1549.15,0.825503356,6.836632,290.162,0.84469697,2.817882667,179.155666666667,4.507256,0.8974,15736.3223333333,6.876328,0.8832,7742.24792,33,0.003142184
242,1404.93,0.841743119,7.482917333,484.131,0.88128106,3.831914667,195.863333333333,6.043976,0.9079,16172.6333333333,7.231368,0.8805,7742.24792,33,0.003142184
243,1504.95,0.818501171,6.96732,503.854,0.890046296,3.55728,109.891666666667,4.70823733333333,0.8676,16614.9223333333,6.82482933333333,0.9071,7742.24792,33,0.003142184
244,1305.94,0.84043849,7.211856,195.194,0.867724868,4.723696,78,3.109304,0.8424,17046.8443333333,7.24044266666667,0.9221,7742.24792,33,0.003142184
245,1367.73,0.827160494,7.277381333,346.303,0.744759556,5.563429333,76.846,3.64725066666667,0.8501,17499.611,7.552856,0.8995,7227.88928,33,0
246,1502.83,0.83703234,7.085261333,585.955,0.756790124,5.853098667,55.2,2.92472,0.8268,17938.089,6.74970666666667,0.9181,7227.88928,33,0
247,1325.36,0.827357238,7.231224,714.345,0.756521739,5.805410667,58.3333333333333,3.128504,0.8447,18374.9333333333,7.21413866666667,0.9175,7227.88928,33,0
248,1388.58,0.783281734,7.089645333,670.78,0.727015559,5.127624,64.9666666666667,3.484096,0.8653,18833.8333333333,7.71068266666667,0.8997,7227.88928,33,0
249,1471.13,0.815533981,7.038237333,635.124,0.821834723,6.254208,69.9953333333333,3.409656,0.8196,19278.0666666667,6.46731466666667,0.913,7227.88928,33,0
250,1330.81,0.853974122,7.417957333,484.833,0.864628821,4.851557333,109.642333333333,5.17302666666667,0.8276,19740.4,7.66318133333333,0.9102,7087.84576,33,0.004710038
251,1472.05,0.834810637,7.086586667,518.848,0.894223556,4.907322667,69.6666666666667,3.10262666666667,0.872,20216.5333333333,6.79629333333333,0.9441,7087.84576,33,0.004710038
252,1447.26,0.808798646,7.018298667,473.137,0.882123341,5.107661333,162.757,3.69214666666667,0.9014,20678.8,7.315552,0.8792,7087.84576,33,0.004710038
253,1365.56,0.811753903,7.425413333,397.5,0.825610784,6.825357333,191.625,5.772568,0.9591,21171.211,7.238104,0.8826,7087.84576,33,0.004710038
254,1478.99,0.839111111,6.951090667,682.017,0.901521217,7.403944,138.589,3.77246666666667,0.9138,21702.1776666667,7.37135466666667,0.9066,7087.84576,33,0.004710038
255,1394.05,0.788213628,7.201173333,1118.95,0.853112033,7.393794667,129.1,4.0296,0.9463,22113.7666666667,6.73166133333333,0.9226,7464.55744,33,0.026258206
256,1315.11,0.864864865,7.185488,1291.31,0.88503937,6.574184,62.8213333333333,2.93836533333333,0.8833,22540.8333333333,7.47128533333333,0.8938,7464.55744,33,0.026258206
257,1321.34,0.836734694,7.143704,1154,0.853950519,7.34144,57.9333333333333,3.022448,0.8193,22999.5,7.53790933333333,0.9149,7464.55744,33,0.026258206
258,1243.26,0.82664648,7.219805333,780.343,0.881735479,6.259845333,137.248333333333,3.50153066666667,0.8605,23444.3333333333,6.78569066666667,0.9302,7464.55744,33,0.026258206
259,1109.69,0.858912595,7.228704,717.37,0.88630491,5.099576,60.789,2.89004,0.8548,23879.878,7.29226666666667,0.9177,7464.55744,33,0.026258206
260,1236.41,0.847811888,7.1312,247.122,0.780332056,3.132842667,54.5666666666667,2.81314933333333,0.8872,24319.4443333333,6.90962933333333,0.9027,7567.50072,33,0.008613728
261,1481.19,0.830829523,7.006010667,404.852,0.764089122,3.824250667,59.9416666666667,2.89879466666667,0.8664,24753.1333333333,7.20290133333333,0.9309,7567.50072,33,0.008613728
262,1468.93,0.851596744,7.130864,523.382,0.833430742,5.830682667,161.5,4.04829866666667,0.8577,25211.333,7.60769866666667,0.9276,7567.50072,33,0.008613728
263,1413.28,0.8436542,7.400482667,793.887,0.828115771,4.955562667,94.9,4.74618666666667,0.8735,25652.2666666667,7.07613066666667,0.9516,7567.50072,33,0.008613728
264,1425.17,0.860935525,6.918573333,375.306,0.873035067,5.342112,128.2,3.52662666666667,0.8842,26068.8776666667,6.645344,0.873,7567.50072,33,0.008613728
265,1224.06,0.84871312,7.444365333,577.664,0.847087379,5.103466667,55.9696666666667,2.77444533333333,0.8779,26498.5003333333,7.5218,0.9139,7228.93768,33,0.001934704
266,1311.92,0.859137056,7.112818667,289.275,0.877044216,3.874098667,52.4,2.65150933333333,0.8763,26949.389,7.464664,0.9139,7228.93768,33,0.001934704
267,1377.5,0.847262248,7.142104,593.049,0.852553069,4.755610667,59.0333333333333,3.04807466666667,0.8414,27379.3223333333,6.991248,0.8784,7228.93768,33,0.001934704
268,1346.77,0.855829983,7.194826667,593.36,0.74091442,5.544922667,64.6,3.444656,0.8659,27794.889,7.309808,0.915,7228.93768,33,0.001934704
269,1439.72,0.841055719,7.277202667,777.2,0.786452354,7.628093333,70.2333333333333,3.86752,0.8567,28203.9776666667,6.61665866666667,0.9167,7228.93768,33,0.001934704
270,1486.8,0.824561404,6.913845333,721.436,0.82322975,6.021261333,91.878,4.574312,0.8477,28647.8333333333,7.41279733333333,0.9108,7743.77912,33,0
271,1390.61,0.871937639,7.242245333,685.353,0.872707659,4.064450667,116.011,4.70248266666667,0.8475,29136.2776666667,7.38984,0.9231,7743.77912,33,0
272,1582.03,0.896913221,6.779842667,514.227,0.874855156,3.402448,109.255666666667,5.03982933333333,0.8712,29588.0553333333,7.25733333333333,0.9085,7743.77912,33,0
273,1659.97,0.810572687,7.702034667,378.603,0.836171462,2.569986667,60.6333333333333,3.08612,0.8904,30005.6113333333,7.241224,0.9341,7743.77912,33,0
274,1638.38,0.796052632,7.101946667,99.7805,0.808877929,3.440064,58.5666666666667,2.980312,0.8316,30425.3333333333,7.31389066666667,0.9071,7743.77912,33,0
275,1637.52,0.841342989,6.949682667,199.333,0.756129032,4.714906667,58.2333333333333,3.009384,0.8581,30839.9,6.906064,0.9338,7499.45512,33,0.002860548
276,1566.98,0.846962617,7.437696,386.983,0.776811594,4.92012,62.0333333333333,3.22718133333333,0.8242,31248.0556666667,7.2638,0.9369,7499.45512,33,0.002860548
277,1622.68,0.855932203,6.892890667,820.016,0.794926004,8.041477333,65.8333333333333,3.572928,0.8453,31651.2886666667,6.83325066666667,0.9213,7499.45512,33,0.002860548
278,1534.74,0.87031346,7.224578667,920.822,0.836561743,6.713178667,73.5666666666667,4.09332,0.8465,32051.9776666667,6.87989066666667,0.8896,7499.45512,33,0.002860548
279,1463.28,0.847265871,7.110269333,857.114,0.836912362,4.674496,79.9476666666667,4.000992,0.8247,32472.1666666667,7.40748533333333,0.9081,7499.45512,33,0.002860548
280,1448.81,0.817554859,7.385928,652.071,0.817080208,4.254064,200.841333333333,4.42114133333333,0.8772,32909.2223333333,7.45572,0.924,7763.7212,33,0.044709389
281,1529.01,0.862238622,7.118234667,372.214,0.879490151,2.220746667,220.680666666667,6.99477333333333,0.8318,33343.611,7.01870666666667,0.9281,7763.7212,33,0.044709389
282,1631.06,0.808,7.009106667,75.0602,0.867830424,2.717085333,204.289,5.39542666666667,0.8469,33763.1776666667,7.07261066666667,0.9373,7763.7212,33,0.044709389
283,1668.87,0.841954023,7.210848,154.355,0.673455533,4.108650667,213.466666666667,4.06023733333333,0.8429,34180.311,6.993008,0.8702,7763.7212,33,0.044709389
284,1617.18,0.837762238,7.309149333,356.045,0.72044335,5.745133333,194.455666666667,4.24547466666667,0.8253,34614,7.51140266666667,0.893,7763.7212,33,0.044709389
285,1575.17,0.86521181,7.250954667,653.211,0.806927518,7.179314667,79.6166666666667,3.89088,0.8315,35057.6333333333,6.817128,0.9266,7720.9432,33,0.001540832
286,1690.53,0.889506602,6.947098667,985.393,0.840522876,7.314189333,59.4666666666667,3.042672,0.8961,35495.4873333333,7.4102,0.8915,7720.9432,33,0.001540832
287,1661.69,0.848275862,7.302674667,1107.74,0.847757423,7.327928,61.8666666666667,3.22318133333333,0.8982,35903.578,6.9836,0.8889,7720.9432,33,0.001540832
288,1568.11,0.839662447,7.108442667,1156.21,0.81748072,6.426706667,66.5333333333333,3.55109066666667,0.8642,36308.2556666667,7.48317866666667,0.9137,7720.9432,33,0.001540832
289,1536.22,0.844850065,7.098114667,750.85,0.875242405,6.619581333,71.3,3.938184,0.8143,36728.0003333333,7.166416,0.9248,7720.9432,33,0.001540832
290,1465.93,0.786127168,7.233130667,732.067,0.834196891,5.368122667,89.452,3.89705066666667,0.8554,37144.5556666667,7.14216533333333,0.9132,7882.0676,33,0.002101392
291,1542.33,0.820095044,7.2292,375.165,0.758577667,5.600805333,134.427666666667,5.396136,0.8311,37528.4443333333,7.224128,0.898,7882.0676,33,0.002101392
292,1600.17,0.838412881,7.352250667,561.431,0.831600832,5.393090667,92.6763333333333,3.75550933333333,0.8526,37908.4123333333,7.26867733333333,0.8714,7882.0676,33,0.002101392
293,1534.8,0.824705882,6.968512,597.646,0.843243243,4.407157333,97.8,3.87602933333333,0.8377,38298.8156666667,7.00609066666667,0.9217,7882.0676,33,0.002101392
294,1550.86,0.853103872,7.108848,526.286,0.867413082,4.367277333,54.3333333333333,2.777288,0.8682,38683.889,6.86119466666667,0.9425,7882.0676,33,0.002101392
295,1570.53,0.826815643,7.218576,668.338,0.883131837,5.316149333,52.8,2.754192,0.8222,39107.7776666667,7.41285333333333,0.9355,6972.34472,33,0.000474158
296,1393.49,0.841703751,7.287218667,645.551,0.896551724,4.442338667,58.1333333333333,3.00692533333333,0.8325,39535.8336666667,7.25236533333333,0.8502,6972.34472,33,0.000474158
297,1448.43,0.81462141,7.163850667,472.577,0.845579079,4.468144,64.5333333333333,3.39926133333333,0.862,39950.111,7.23155733333333,0.8983,6972.34472,33,0.000474158
298,1546.76,0.78369906,6.835725333,540.889,0.747650036,4.65572,70.4333333333333,3.84809866666667,0.8592,40365.8333333333,7.29311733333333,0.9291,6972.34472,33,0.000474158
299,1389.75,0.810248199,7.428552,587.075,0.776831346,5.599402667,90.7333333333333,3.93042133333333,0.7899,40785.4443333333,7.22549333333333,0.9062,6972.34472,33,0.000474158
300,1476.93,0.851376147,7.056130667,738.587,0.825932504,7.197794667,116.961,4.738784,0.8533,41185.0553333333,7.07642133333333,0.9588,7092.58784,33,0.00637866
301,1474.95,0.846029173,7.1944,1061.01,0.782417582,7.350797333,88.1583333333333,3.35834933333333,0.8494,41561.151,7.053408,0.949,7092.58784,33,0.00637866
302,1364.56,0.798312236,7.353213333,885.819,0.823444284,6.348461333,111.661666666667,4.25749066666667,0.8953,41920.2543333333,7.139024,0.9281,7092.58784,33,0.00637866
303,1434.66,0.8,7.003904,716.219,0.824935952,5.110717333,49.6666666666667,2.478576,0.8453,42296.5236666667,7.27892,0.9291,7092.58784,33,0.00637866
304,1240.03,0.859894921,7.295509333,702.109,0.914805625,4.439861333,48.9363333333333,2.71260533333333,0.8499,42734.3556666667,6.94122666666667,0.9022,7092.58784,33,0.00637866
305,1244.49,0.848689772,7.210576,46.6813,0.851273624,1.098493333,53.0853333333333,2.59785066666667,0.91,43212.438,7.50150666666667,0.8968,7495.1628,33,0.004013378
306,1480.07,0.851666667,7.119616,87.439,0.871205907,2.496952,57.8606666666667,3.08347466666667,0.836,43569.8333333333,6.88328533333333,0.9046,7495.1628,33,0.004013378
307,1805.86,0.830508475,7.112109333,137.222,0.813069909,4.105282667,63.5166666666667,3.047496,0.8525,43947.8096666667,7.33207733333333,0.9288,7495.1628,33,0.004013378
308,1665.4,0.824495893,7.060266667,287.339,0.777856636,4.715026667,99.343,4.05264,0.8656,44338.611,7.02380533333333,0.9275,7495.1628,33,0.004013378
309,1476.09,0.855955679,7.32064,593.043,0.828981723,8.003149333,61.9,3.31765866666667,0.8834,44747.8333333333,7.52772266666667,0.9586,7495.1628,33,0.004013378
310,1479.36,0.842733908,7.079394667,834.448,0.833962264,7.251656,77.5046666666667,3.11215466666667,0.8857,45155.889,7.11071733333333,0.9074,7581.64096,33,0.008333333
311,1264.29,0.850980392,6.880002667,995.333,0.842420611,7.092488,154,4.26808,0.8432,45549.1666666667,7.10498666666667,0.9012,7581.64096,33,0.008333333
312,1301.66,0.868405094,7.565752,1366.24,0.883829539,6.993709333,181.895,4.221936,0.8581,45944.4443333333,7.13123733333333,0.8957,7581.64096,33,0.008333333
313,1325.32,0.850490196,7.08816,837.006,0.893789901,5.348741333,165.233333333333,3.99187733333333,0.8908,46362.4443333333,7.32760533333333,0.8889,7581.64096,33,0.008333333
314,1595.33,0.859671302,7.299282667,603.112,0.886363636,2.840901333,76.751,3.96041066666667,0.8757,46791.7776666667,6.71570666666667,0.9058,7581.64096,33,0.008333333
315,1799.24,0.841239722,7.037549333,342.709,0.791970803,2.928186667,60.3546666666667,3.16723466666667,0.8822,47219.7,7.196744,0.9282,7749.16512,33,0.00999524
316,1680.84,0.856782334,7.327810667,335.023,0.792945787,3.191112,63.0406666666667,3.10611733333333,0.8583,47671.5556666667,7.666032,0.9218,7749.16512,33,0.00999524
317,1631.2,0.84216657,6.971077333,129.348,0.757410768,3.516997333,102.808333333333,4.32108266666667,0.8706,48118.4333333333,6.811848,0.9293,7749.16512,33,0.00999524
318,1507.47,0.839667458,7.374426667,350.914,0.781212842,6.315624,64.4333333333333,3.37585066666667,0.854,48561.6553333333,7.35385066666667,0.9344,7749.16512,33,0.00999524
319,1527.19,0.8424821,6.975136,659.603,0.814730878,7.951533333,70.1333333333333,3.78831733333333,0.8526,49004.789,6.86126133333333,0.9097,7749.16512,33,0.00999524
320,1480.47,0.813596491,7.267149333,1121.9,0.843503937,6.680338667,157.311,4.09186666666667,0.8635,49457.7776666667,7.34725066666667,0.9405,7442.81776,33,0.003472976
321,1553.3,0.876727474,7.090088,1239.82,0.869239014,6.617688,102.489,4.61331733333333,0.855,49947,6.94342133333333,0.9273,7442.81776,33,0.003472976
322,1560.67,0.90052356,6.845378667,806.688,0.906590258,5.974989333,64.8666666666667,3.21491466666667,0.8742,50443.4333333333,7.29396,0.9212,7442.81776,33,0.003472976
323,1574.71,0.808402292,7.543485333,889.013,0.787128713,5.201669333,63.6,3.33074666666667,0.8727,50914.611,7.38481333333333,0.9333,7442.81776,33,0.003472976
324,1669.36,0.796576695,7.225072,846.085,0.751507033,4.972557333,64.1333333333333,3.39295733333333,0.8345,51376.589,6.96892,0.9533,7442.81776,33,0.003472976
325,1636.22,0.827586207,7.158458667,424.978,0.753196931,3.42912,67.7333333333333,3.35452533333333,0.8417,51831.7776666667,7.301848,0.9309,7608.51608,33,0.001430274
326,1554.47,0.844756883,7.045677333,472.879,0.79977182,4.806826667,99.0583333333333,4.42364266666667,0.8783,52270.8776666667,6.814408,0.8904,7608.51608,33,0.001430274
327,1592.25,0.856991525,7.324912,598.927,0.802265706,5.267872,60.2,3.28922933333333,0.8309,52703.5553333333,7.57678666666667,0.903,7608.51608,33,0.001430274
328,1507.04,0.86993865,7.045133333,307.264,0.823129252,4.682922667,63.3,3.69391733333333,0.8513,53147.1556666667,6.80682666666667,0.88,7608.51608,33,0.001430274
329,1509.85,0.849401386,7.124928,670.221,0.845373134,4.57056,68.5666666666667,4.093568,0.8183,53585.1446666667,7.32513066666667,0.8895,7608.51608,33,0.001430274
330,1449.43,0.813159528,7.292989333,192.169,0.837821664,3.962037333,128.255666666667,3.521928,0.8339,54051.1666666667,7.62716533333333,0.901,7603.97808,33,0.006882312
331,1560.53,0.862068966,7.149277333,359.414,0.867276888,4.186464,151.383333333333,5.938992,0.8275,54495.5776666667,6.75677866666667,0.9338,7603.97808,33,0.006882312
332,1654.46,0.829135466,6.476096,419.35,0.735936466,4.56756,56.2,2.839544,0.8688,54918.4776666667,7.13783733333333,0.8966,7603.97808,33,0.006882312
333,1610.71,0.845272206,7.767722667,243.493,0.689470154,3.803866667,53.6,2.910728,0.8276,55359.6,7.20397333333333,0.9227,7603.97808,33,0.006882312
334,1665.47,0.832515767,7.285653333,519.417,0.737777778,7.395328,54.6333333333333,3.13961066666667,0.8339,55796.8776666667,6.836936,0.9113,7603.97808,33,0.006882312
335,1650.34,0.854744997,7.205386667,576.075,0.825641026,6.111314667,54.6363333333333,3.162344,0.8597,56244,7.72989866666667,0.9014,7712.48864,33,0.002606882
336,1603.03,0.889200561,7.177157333,565.379,0.891260841,5.531128,64.3333333333333,3.38557066666667,0.9066,56706.7333333333,6.982728,0.9091,7712.48864,33,0.002606882
337,1575.07,0.844720497,7.057333333,884.016,0.845953003,4.702672,70.4303333333333,3.93569866666667,0.85,57173.3333333333,7.20449066666667,0.9063,7712.48864,33,0.002606882
338,1517.52,0.847977685,7.185338667,1180.7,0.854264607,7.926362667,77.5666666666667,4.29354133333333,0.8549,57650.011,7.19142133333333,0.9343,7712.48864,33,0.002606882
339,1512.83,0.842592593,7.096901333,868.765,0.860228717,6.282253333,103.375,3.35893866666667,0.8131,58143.861,7.16947466666667,0.862,7712.48864,33,0.002606882
340,1508.47,0.792534099,7.418965333,223.853,0.803499327,2.960741333,205.677,6.366224,0.8974,58627.811,7.34348,0.9104,7461.3288,33,0.003135615
341,1498.79,0.8245497,7.093589333,445.536,0.759096612,3.062704,165.333333333333,4.73829866666667,0.9079,59114.778,7.31886133333333,0.9101,7461.3288,33,0.003135615
342,1544.84,0.840778923,6.724096,452.776,0.803252033,3.965954667,206.022333333333,4.43719733333333,0.9259,59545.1333333333,6.65808,0.9258,7461.3288,33,0.003135615
343,1529.65,0.833333333,7.523157333,449.025,0.781464531,4.107904,78.6483333333333,3.50009066666667,0.8506,59959.7776666667,7.09524,0.8952,7461.3288,33,0.003135615
344,1497.33,0.842883549,7.196189333,275.653,0.789115646,5.448274667,51.806,2.79754666666667,0.8482,60407.5,7.62400533333333,0.9039,7461.3288,33,0.003135615
345,1348.87,0.822580645,7.183621333,453.449,0.806020067,5.733029333,52.4816666666667,2.98632533333333,0.8257,60853.7776666667,6.83387466666667,0.9474,6704.92112,33,0
346,1364.12,0.838300571,7.194237333,702.614,0.854390935,5.289357333,54.5666666666667,2.97254133333333,0.8504,61288.3223333333,7.21552266666667,0.9196,6704.92112,33,0
347,1511.52,0.81462141,7.155317333,833.169,0.856070088,6.408546667,59.3,3.44008533333333,0.8682,61755.111,7.722568,0.9022,6704.92112,33,0
348,1371.9,0.783018868,7.201408,218.351,0.848351648,2.996989333,68.3666666666667,3.86746133333333,0.812,62201.289,6.80942933333333,0.9242,6704.92112,33,0
349,1418.33,0.821829856,7.023245333,264.885,0.818330606,3.243298667,81.2853333333333,4.44799466666667,0.8312,62630.911,7.11137066666667,0.9459,6704.92112,33,0
350,1480.43,0.851376147,7.100016,391.841,0.754966887,3.699464,179.916666666667,4.96122666666667,0.8379,63070.4443333333,7.487848,0.9236,7180.7444,33,0.008153757
351,1399.85,0.852965069,6.995706667,668.802,0.780715397,4.948453333,91.672,3.821288,0.8934,63498.2333333333,6.649344,0.8769,7180.7444,33,0.008153757
352,1460.88,0.80235492,7.54168,753.41,0.754047803,6.702136,52.0636666666667,2.71816533333333,0.8812,63917.722,7.15580533333333,0.9109,7180.7444,33,0.008153757
353,1448.49,0.798457088,7.07276,669.291,0.789699571,6.544914667,50.3,2.423704,0.8221,64353.4443333333,7.47272266666667,0.911,7180.7444,33,0.008153757
354,1296.96,0.858143608,7.215016,506.641,0.901116427,4.707189333,49.9333333333333,2.37061866666667,0.8819,64792.778,7.36713066666667,0.8846,7180.7444,33,0.008153757
355,1366.64,0.792943361,7.22336,865.242,0.850957535,5.180944,54.3,2.73335466666667,0.8843,65208.2446666667,6.91668266666667,0.9266,7619.15616,33,0.081529379
356,1480.35,0.858603066,7.016954667,440.33,0.88503937,3.896381333,57.9333333333333,3.07930933333333,0.8246,65630.722,7.36784266666667,0.9085,7619.15616,33,0.081529379
357,1456.97,0.841402337,7.204528,491.153,0.892913386,4.754002667,66.8333333333333,3.58556266666667,0.8571,66113.6666666667,7.012424,0.9108,7619.15616,33,0.081529379
358,1445.99,0.899653979,7.350645333,689.942,0.80565371,5.058376,87.5666666666667,4.06284266666667,0.8548,66585.911,6.94610933333333,0.9272,7619.15616,33,0.081529379
359,1494.83,0.859685147,7.035904,202.781,0.836454432,3.685101333,117.029333333333,4.11378133333333,0.9055,66989.2776666667,7.32144266666667,0.9161,7619.15616,33,0.081529379
360,1627.29,0.842733908,7.342024,341.114,0.798679868,4.864594667,96.848,4.13981333333333,0.8701,67404.4446666667,7.24650666666667,0.9272,7346.802,33,0.016460905
361,1564.46,0.85620915,7.048637333,439.809,0.830188679,4.812757333,72.8666666666667,3.477672,0.85,67826.6113333333,7.32568266666667,0.9056,7346.802,33,0.016460905
362,1523.84,0.852130326,7.119928,313.829,0.877412032,4.348021333,51.0666666666667,2.554184,0.8767,68253.5553333333,7.27680266666667,0.9441,7346.802,33,0.016460905
363,1534.99,0.844636252,7.177325333,553.519,0.870220162,6.261962667,54.1333333333333,2.781552,0.8927,68657.689,6.80609066666667,0.9091,7346.802,33,0.016460905
364,1383.34,0.850560399,7.122026667,516.519,0.870042709,5.852738667,56.1,2.927648,0.8723,69063.9996666667,7.317312,0.9296,7346.802,33,0.016460905
365,1370.38,0.837617555,7.255112,891.667,0.87030303,8.117570667,58.0666666666667,3.091824,0.8677,69478.7666666667,6.96321066666667,0.8941,7611.13752,33,0.01097852
366,1346.07,0.856782334,6.985338667,1178.13,0.848520023,6.992077333,67.5583333333333,3.444896,0.8449,69887.5,6.94009866666667,0.8983,7611.13752,33,0.01097852
367,1373,0.853672643,7.262730667,1216.21,0.870164282,7.395074667,132.371333333333,4.633184,0.8662,70314.111,7.47548,0.9383,7611.13752,33,0.01097852
368,1449.23,0.845882353,7.149101333,457.94,0.886498117,2.812418667,72.1,3.89380533333333,0.8645,70759.5,7.41150133333333,0.9195,7611.13752,33,0.01097852
369,1486.18,0.837485172,7.038312,174.329,0.873629544,3.470426667,93.7,3.57495733333333,0.8467,71188.911,6.985168,0.9481,7611.13752,33,0.01097852
370,1505.04,0.82487725,7.255752,213.037,0.810230179,4.160421333,122.266666666667,5.311488,0.8575,71605.3,6.97890933333333,0.8571,7206.24168,33,0
371,1480.82,0.872646733,7.327069333,349.814,0.863930886,4.524962667,83.003,4.02997866666667,0.8712,72033.4223333333,7.21639733333333,0.9091,7206.24168,33,0
372,1529.21,0.903112155,6.720232,850.111,0.859770115,7.200573333,60.697,3.28742133333333,0.8862,72494,7.72217333333333,0.9195,7206.24168,33,0
373,1669.57,0.81414791,7.408173333,916.931,0.832246592,7.283381333,57.9,2.958256,0.8345,72931.322,6.81832,0.8738,7206.24168,33,0
374,1635.34,0.792922674,7.183304,1220.09,0.832844575,7.241456,59.6333333333333,3.144856,0.8514,73327.7113333333,7.033832,0.9018,7206.24168,33,0
375,1576.75,0.827218145,7.367946667,1117.36,0.829239065,6.942184,64.6,3.36998666666667,0.833,73737.7666666667,7.32176,0.915,5582.56696,33,0
376,1534.48,0.847813411,7.207042667,815.201,0.853957637,4.428565333,69.0333333333333,3.70352,0.8396,74154.0556666667,7.36065333333333,0.9208,5582.56696,33,0
377,1530.86,0.863370548,7.098592,388.038,0.861755802,3.959485333,76.643,3.78599733333333,0.8452,74563.6666666667,7.05782133333333,0.9237,5582.56696,33,0
378,1506.9,0.867647059,6.884701333,749.905,0.799001248,4.568629333,168.989,5.26313333333333,0.9412,74939.9126666667,7.20467733333333,0.88,5582.56696,33,0
379,1438.68,0.847328244,7.341648,221.574,0.798969072,4.266741333,223.411,6.035176,0.9759,75321.754,7.290288,0.8632,5582.56696,33,0
380,1481.92,0.814861461,7.238445333,251.565,0.733910891,4.552330667,220.168333333333,5.5038,0.9425,75717.111,7.03433066666667,0.9386,5601.00184,33,0.083531275
381,1545.46,0.85940353,7.004896,492.189,0.784596871,6.086584,193.972666666667,5.00786933333333,0.8829,76108.6553333333,6.86605066666667,0.9421,5601.00184,33,0.083531275
382,1540.35,0.817146685,6.961304,510.748,0.794060684,4.431317333,69.1636666666667,3.216416,0.8453,76522.0446666667,6.93972,0.9157,5601.00184,33,0.083531275
383,1592.71,0.841954023,7.454421333,474.014,0.822006473,5.351821333,59.6,3.006352,0.8251,76935.778,7.284192,0.8536,5601.00184,33,0.083531275
384,1524.9,0.816920943,7.052154667,761.48,0.861820563,5.043576,60.0666666666667,3.061072,0.839,77384.3443333333,6.07719466666667,0.9055,5601.00184,33,0.083531275
385,1736.21,0.866666667,4.590288,804.068,0.902948403,4.727773333,63.6,3.033088,0.9032,77972.4166666667,4.85032533333333,0.9326,5899.04696,33,0.003568697
386,1976.97,0.896167247,4.780618667,986.195,0.908339077,4.157312,84.4666666666667,3.28256266666667,0.8845,78589.8333333333,4.86576533333333,0.9162,5899.04696,33,0.003568697
387,2235.79,0.840440165,4.948781333,702.746,0.849385908,3.690866667,94.5666666666667,3.779376,0.8582,79194,4.773832,0.9036,5899.04696,33,0.003568697
388,2640.3,0.841004184,4.747226667,1078.97,0.693905817,4.178677333,101.866666666667,4.14725866666667,0.8172,79800.8333333333,4.68841866666667,0.9545,5899.04696,33,0.003568697
389,2829.82,0.842592593,4.657597333,963.677,0.761220826,4.219141333,132.223666666667,3.831968,0.8608,80408.2166666667,5.03588266666667,0.9697,5899.04696,33,0.003568697
390,3021.25,0.784,4.895794667,1056.12,0.752488388,3.768586667,372.064666666667,4.31897066666667,0.8302,80986.9166666667,4.75841866666667,0.9372,5317.63896,33,0.001553197
391,3231.57,0.820095044,4.867349333,573.687,0.76466877,3.985373333,285.256333333333,4.82330666666667,0.8485,81567.75,4.89671733333333,0.9323,5317.63896,33,0.001553197
392,3400.75,0.840778923,4.487386667,779.357,0.831600832,3.505112,77.8183333333333,2.71577333333333,0.8411,82143.8333333333,4.54377333333333,0.9067,5317.63896,33,0.001553197
393,3562.54,0.824705882,4.944904,1050.61,0.843243243,3.783074667,74.1423333333333,2.967464,0.8682,82708,4.54807466666667,0.9479,5317.63896,33,0.001553197
394,3757.17,0.842883549,4.689229333,698,0.867724868,3.432754667,73.515,2.836408,0.8144,83330.4443333333,4.75910133333333,0.9082,5317.63896,33,0.001553197
395,4019.88,0.831781502,4.905413333,1322.9,0.844496214,4.111474667,75.0666666666667,2.82367733333333,0.8428,83929.7776666667,4.41093866666667,0.9012,5308.10544,33,0.006110458
396,4185.11,0.846153846,4.658642667,593.711,0.912751678,2.633488,84.3,3.27251466666667,0.8634,84605.2333333333,5.416304,0.89,5308.10544,33,0.006110458
397,4327.15,0.81462141,4.848378667,428.726,0.704960836,2.626432,93.3,3.74744266666667,0.8486,85179.25,4.48257333333333,0.9217,5308.10544,33,0.006110458
398,4488.32,0.784222738,4.830573333,872.579,0.747650036,3.96868,101.6,4.20384266666667,0.8082,85789.8666666667,5.35710133333333,0.8929,5308.10544,33,0.006110458
399,4612.27,0.814159292,4.688704,276.691,0.775405636,2.642394667,156.752,3.99144533333333,0.8454,86407.3333333333,4.67761333333333,0.9322,5308.10544,33,0.006110458
400,4785.88,0.851376147,4.925253333,530.55,0.825932504,3.865941333,417.791666666667,5.08466666666667,0.8898,86988.9166666667,4.75278133333333,0.9339,5416.12824,33,0.006922411
401,4936.68,0.834810637,4.750549333,754.943,0.782417582,3.49108,131.944666666667,3.87907733333333,0.8927,87581.5,4.72134666666667,0.9685,5416.12824,33,0.006922411
402,5110.39,0.803030303,4.617565333,996.799,0.823444284,3.264002667,68.0333333333333,2.46372,0.8416,88181.0833333333,4.72228533333333,0.945,5416.12824,33,0.006922411
403,5280.76,0.8,4.94092,632.517,0.826825127,3.752810667,66.7,2.43528,0.8527,88776.9166666667,4.70679466666667,0.8879,5416.12824,33,0.006922411
404,5444.91,0.841441441,4.484282667,840.671,0.914805625,3.236632,66.4333333333333,2.43010933333333,0.905,89367.8333333333,4.74518666666667,0.9292,5416.12824,33,0.006922411
405,5634.69,0.782205746,5.06256,275.776,0.813397129,2.358341333,69.1333333333333,2.61281866666667,0.8337,89955.4166666667,4.75332,0.8947,5492.24512,33,0.091304348
406,5818.8,0.847918437,4.772333333,601.857,0.794851167,3.439362667,80.0666666666667,3.13138666666667,0.8547,90545.9166666667,4.71639466666667,0.887,5492.24512,33,0.091304348
407,6024.14,0.830508475,4.701504,859.381,0.810318665,3.493570667,86.7333333333333,3.415888,0.8356,91153.5,4.79868533333333,0.9036,5492.24512,33,0.091304348
408,6180.97,0.818668707,4.617133333,406.611,0.793079585,3.127133333,86.3786666666667,3.53793066666667,0.8834,91783.5833333333,4.927176,0.8879,5492.24512,33,0.091304348
409,6308.01,0.848990953,5.062424,679.561,0.838254172,3.823768,152.833333333333,2.962072,0.891,92444.5,5.09626933333333,0.9,5492.24512,33,0.091304348
410,6436.17,0.842733908,4.668584,1103.63,0.840273462,4.565328,203.165666666667,3.77837066666667,0.8595,93016.4443333333,3.82381333333333,0.931,5691.77832,33,0.078431373
411,6600.62,0.830829523,4.864162667,1093.49,0.852703543,3.899376,101.801333333333,3.71832266666667,0.8598,93597.6666666667,5.01253333333333,0.9262,5691.77832,33,0.078431373
412,6721.09,0.851875397,4.595856,781.844,0.904061213,2.380298667,70.1,2.616008,0.8974,94260.5833333333,5.046712,0.9205,5691.77832,33,0.078431373
413,6856.85,0.844636252,4.874298667,359.763,0.85928489,3.034693333,72.5,2.69728,0.8644,94931.5,5.15031733333333,0.92,5691.77832,33,0.078431373
414,6983.93,0.859671302,4.935117333,407.176,0.787839586,2.899549333,72.4,2.68776533333333,0.8897,95574.4166666667,4.754104,0.9456,5691.77832,33,0.078431373
415,7115.41,0.830283912,4.602173333,735.855,0.719790986,3.092296,77.1333333333333,2.95368266666667,0.8529,96169.4166666667,4.23266133333333,0.9405,5912.01944,33,0.044227089
416,7227.78,0.856782334,4.799274667,390.803,0.776803776,3.564693333,92.7666666666667,3.73866933333333,0.8488,96799.8333333333,5.13263466666667,0.898,5912.01944,33,0.044227089
417,7327.32,0.840630473,4.586637333,512,0.781267847,3.245093333,94.3,3.82351466666667,0.854,97457.861,4.79388,0.9386,5912.01944,33,0.044227089
418,7511.69,0.835008871,4.99728,791.12,0.824427481,4.091037333,141.022333333333,3.55195733333333,0.8947,98055.75,4.33401066666667,0.9492,5912.01944,33,0.044227089
419,7683.08,0.841055719,4.811914667,1195.52,0.824591089,4.810224,180.217,3.87832,0.8525,98695,5.20494133333333,0.9132,5912.01944,33,0.044227089
420,7779.99,0.813596491,4.793464,1017.06,0.861068702,3.081962667,250.751333333333,4.589568,0.8474,99464.9443333333,5.19263466666667,0.9299,5694.85312,33,0.03064861
421,7900.69,0.872989462,4.695682667,287.356,0.852791878,3.219629333,178.154666666667,3.64241066666667,0.8826,100065.833333333,3.456552,0.9254,5694.85312,33,0.03064861
422,8010.56,0.896913221,4.693530667,422.296,0.822561692,2.784682667,106.566666666667,2.71154933333333,0.8697,100681.166666667,5.52258933333333,0.9106,5694.85312,33,0.03064861
423,8129.64,0.81414791,4.714424,1388.79,0.718922229,4.829781333,104.344333333333,2.674056,0.8293,101343.361,4.837216,0.9508,5694.85312,33,0.03064861
424,8269.53,0.796052632,4.699136,547.97,0.749672346,3.033842667,110.7,2.9192,0.839,101988.861,4.80914133333333,0.9494,5694.85312,33,0.03064861
425,8448.87,0.826435247,5.113453333,642.254,0.786346397,3.950661333,110.844333333333,3.014968,0.8547,102628.833333333,4.81363733333333,0.9677,5816.78136,33,0.037633285
426,8652.58,0.844807468,4.769853333,975.406,0.790595954,3.227568,113.955666666667,3.19114133333333,0.8309,103287.833333333,5.144144,0.91,5816.78136,33,0.037633285
427,8848.94,0.856991525,4.772976,371.4,0.827045566,2.803565333,166.044666666667,3.03493866666667,0.8738,103938.111,4.627952,0.887,5816.78136,33,0.037633285
428,9059.91,0.867647059,4.459613333,914.036,0.84565346,3.54228,218.963,3.696192,0.8337,104509.278,4.25003466666667,0.908,5816.78136,33,0.037633285
429,9266.5,0.849656893,4.885570667,264.462,0.865026995,3.203738667,125.521333333333,3.533688,0.8338,105109,5.025192,0.8991,5816.78136,33,0.037633285
430,9563.92,0.814861461,5.081546667,376.45,0.713085234,3.575773333,192.5,3.63368,0.8275,105777.833333333,5.07448533333333,0.8818,10635.25544,33,0.031888951
431,9844.4,0.862068966,4.550968,698.595,0.761670762,3.676592,152.099333333333,4.095376,0.8655,106426.444333333,4.68905333333333,0.8814,10635.25544,33,0.031888951
432,10086.1,0.823050848,4.743061333,1012.4,0.780039396,4.290112,76.9,2.934688,0.8291,107023.638666667,4.37160533333333,0.8957,10635.25544,33,0.031888951
433,10291.1,0.841954023,4.798773333,695.304,0.786469345,3.884610667,77.9666666666667,3.024872,0.8324,107639.333333333,5.08106933333333,0.9014,10635.25544,33,0.031888951
434,10485,0.820833333,4.734944,1111.23,0.826415094,3.721488,79.1333333333333,3.031664,0.8597,108313.75,5.07521333333333,0.9194,10635.25544,33,0.031888951
435,10689.1,0.854744997,4.846712,824.203,0.895249696,2.737296,80.2,3.116296,0.9066,108954.694333333,4.63528,0.9256,13806.77384,33,0.008804449
436,10896.5,0.889506602,4.792029333,112.547,0.908850727,2.062221333,89,3.57586133333333,0.85,109531.5,4.24093066666667,0.8973,13806.77384,33,0.008804449
437,11096,0.840440165,4.728994667,196.333,0.725530459,2.483866667,91.2,3.67056533333333,0.8549,110134.333333333,5.05073333333333,0.8897,13806.77384,33,0.008804449
438,11285.4,0.835549335,4.729586667,346.181,0.689702833,3.517365333,93.4333333333333,3.79890666666667,0.8333,110805.75,5.11197866666667,0.9386,13806.77384,33,0.008804449
439,11489.3,0.842592593,4.782253333,701.943,0.755236385,3.347845333,141.203666666667,3.05872533333333,0.8447,111455.666666667,4.65410666666667,0.9091,13806.77384,33,0.008804449
440,11693.6,0.784,4.870810667,1108.57,0.763491006,5.638669333,350.142666666667,4.73257333333333,0.8392,112040.111,4.307384,0.9333,12484.82944,33,0.014177215
441,11918.7,0.820095044,4.831237333,1837.65,0.758276078,5.324154667,158.461666666667,3.76579733333333,0.8409,112648.333333333,5.088304,0.8843,12484.82944,33,0.014177215
442,12163.4,0.840778923,4.398530667,1014.88,0.839211618,4.008770667,72.7333333333333,2.752232,0.8567,113310.055666667,4.76274666666667,0.9083,12484.82944,33,0.014177215
443,12464.8,0.824705882,4.950762667,804.007,0.849360756,2.741765333,71.3666666666667,2.716584,0.8391,113963.222333333,4.942112,0.9212,12484.82944,33,0.014177215
444,12640.1,0.842883549,7.451952,651.566,0.883086053,1.619602667,72.9,2.789792,0.8257,114319.706,14.6076666666667,0.9104,12484.82944,33,0.014177215
445,10862.6,0.831781502,23.94098667,80.3152,0.786182251,4.230626667,63,3.273344,0.8524,113828.680333333,23.9534026666667,0.9029,12525.57608,33,0.44
446,7777.44,0.846153846,23.74335733,48.022,0.754950495,6.487282667,32.789,3.43797066666667,0.8737,112995.438666667,23.9865786666667,0.9155,12525.57608,33,0.44
447,4671.02,0.81462141,24.04734133,52.1778,0.704960836,8.986042667,46.1726666666667,4.03452533333333,0.8033,112133.527333333,23.8122213333333,0.9155,12525.57608,33,0.44
448,1701,0.782745098,24.042664,53.9101,0.731601732,11.38373067,41.4,4.706096,0.8319,111266.596333333,23.84732,0.9137,12525.57608,33,0.44
449,133.517,0.817082998,15.46060533,51.4615,0.771902131,11.68866933,71.3776666666667,7.22832266666667,0.8854,110376.345333333,23.5043226666667,0.9087,12525.57608,33,0.44
450,45.9121,0.87431694,12.960992,55.6092,0.810631229,11.61391467,95.3333333333333,4.40124,0.9412,109502.689,23.636264,0.9118,13553.52424,33,0.702529391
451,46.7253,0.893280632,13.35763467,52.0909,0.879038317,11.71755733,75.3336666666667,6.5588,0.9524,108605.1,24.7044133333333,0.9222,13553.52424,33,0.702529391
452,45.1573,0.846921797,12.107936,55.6739,0.846645367,12.25366933,73.6666666666667,6.192576,0.9217,107643.1,24.3692426666667,0.9175,13553.52424,33,0.702529391
453,45.3111,0.848920863,11.55072533,52.5843,0.853195164,11.89457867,78.1113333333333,6.41313066666667,0.9483,106714.754333333,23.510848,0.917,13553.52424,33,0.702529391
454,44.9444,0.898431049,11.24674933,53.1236,0.934306569,11.636984,73.9996666666667,6.80470666666667,0.9836,105814.386,23.9961946666667,0.9054,13553.52424,33,0.702529391
455,44.5444,0.858784893,11.162688,51.8667,0.851098454,11.622264,74.889,6.87603733333333,0.9256,104890.414333333,24.1437173333333,0.9036,13544.49776,33,0.895522388
456,45.0444,0.877850163,11.09694667,50.7444,0.88503937,11.60539467,70.6666666666667,6.75565866666667,0.9516,103911.140333333,23.488392,0.9051,13544.49776,33,0.895522388
457,44.7253,0.873239437,11.18344267,52.4713,0.88923802,11.77538667,48,8.54196,0.9614,102914.831,24.0886853333333,0.924,13544.49776,33,0.895522388
458,45.4045,0.899653979,11.23634933,52.7174,0.906144497,12.29757333,45.2666666666667,8.696304,0.9349,101944.316666667,23.73548,0.8957,13544.49776,33,0.895522388
459,45.0889,0.882468812,11.649224,50.7778,0.900831734,11.59583467,46.1333333333333,9.024152,0.9389,100947.797666667,24.1419946666667,0.9394,13544.49776,33,0.895522388
460,46.3333,0.854689564,12.20486133,54.6023,0.897160883,11.86550133,49.9333333333333,9.985792,0.9302,99932.033,23.7300346666667,0.9163,13558.01224,33,0.903108881
461,46.8,0.877537656,12.51372533,51.1111,0.877642537,11.648824,45.8666666666667,9.0182,0.9306,98946.707,24.0872453333333,0.9201,13558.01224,33,0.903108881
462,45.8889,0.877300614,12.26751467,51.6023,0.90157251,11.95652,47.3333333333333,9.42961866666667,0.9716,97951.4166666667,23.4713893333333,0.9195,13558.01224,33,0.903108881
463,45.5222,0.858858859,12.549152,51.3516,0.902411022,12.37725867,69,9.66497333333333,0.9314,97001.587,24.3461626666667,0.9028,13558.01224,33,0.903108881
464,44.7556,0.87144623,12.57415733,50.6778,0.889957907,12.39309067,39.4,11.8657013333333,0.8971,96118.3146666667,23.9739493333333,0.9294,13558.01224,33,0.903108881
465,45.0778,0.856608479,12.646872,50.4556,0.873703478,12.54349067,37.2333333333333,12.416616,0.8998,95308.24,23.7550586666667,0.9258,13601.4392,33,0.900350284
466,45.4667,0.875,13.147128,50.7955,0.886322188,12.49026667,37.8333333333333,12.670304,0.9261,94538.7923333333,24.079528,0.9435,13601.4392,33,0.900350284
467,45.5333,0.876136364,13.43408,53.0341,0.911877395,12.81701067,37.9,12.7824,0.9357,93721.5156666667,23.477576,0.8883,13601.4392,33,0.900350284
468,45.6333,0.847926267,13.61018933,53.3261,0.912493121,13.816744,38.2333333333333,12.919904,0.9257,92868.614,24.1645866666667,0.9131,13601.4392,33,0.900350284
469,46.1667,0.857475276,13.80988,53.2556,0.891032917,12.910848,38.0666666666667,13.099168,0.9182,92002.4736666667,24.359576,0.9039,13601.4392,33,0.900350284
470,47.5889,0.867420349,14.03857067,52.4713,0.878695209,12.31636267,40.9333333333333,14.162432,0.9376,91193.1353333333,23.720888,0.9129,13748.38744,33,0.88465352
471,47.7889,0.874511991,14.324272,52.5376,0.908008658,13.744256,38.0483333333333,13.4798853333333,0.9404,90438.7886666667,23.5148906666667,0.9012,13748.38744,33,0.88465352
472,45.5333,0.904205608,13.61781333,50.9111,0.910857143,12.85378133,37.6696666666667,13.4475866666667,0.897,89615.5613333333,24.035184,0.9145,13748.38744,33,0.88465352
473,45.5222,0.827244582,13.574992,51.2921,0.834017595,12.63736,37.8,12.759664,0.881,88752.502,23.8025413333333,0.9173,13748.38744,33,0.88465352
474,46.6111,0.825766871,13.84452533,52.0444,0.845508982,12.76613867,38.1,12.830312,0.9139,87877.4316666667,24.2724506666667,0.9137,13748.38744,33,0.88465352
475,45.9663,0.827629911,13.74014133,50.8778,0.867995019,13.02384533,37.8666666666667,12.63296,0.9025,86984.337,23.0624533333333,0.9066,13599.46544,33,0.880760438
476,46.1778,0.843559978,13.73722133,50.8556,0.886620097,13.17049867,37.9666666666667,12.79452,0.9256,86105.113,24.4892773333333,0.9137,13599.46544,33,0.880760438
477,46.3778,0.85535248,13.81071733,54.4773,0.878757515,12.874696,38.6,12.762088,0.9009,85218.263,23.5159386666667,0.9225,13599.46544,33,0.880760438
478,46.2889,0.865060241,13.80079467,54.5,0.874853801,13.022016,38.8333333333333,13.436656,0.9272,84278.15,24.3691253333333,0.9174,13599.46544,33,0.880760438
479,46.0222,0.864898211,13.64961333,52.0111,0.888358209,12.86809067,38.9,13.420336,0.8808,83347.5613333333,23.478384,0.9181,13599.46544,33,0.880760438
480,47.0769,0.845002992,14.188224,51.0111,0.846420323,12.995752,40.1666666666667,13.8504,0.9128,82437.0316666667,24.4193493333333,0.9049,13795.70008,33,0.887226567
481,47.7978,0.888231816,14.132456,52.2111,0.888382688,13.14524267,37.5303333333333,12.95104,0.9062,81512.786,23.902376,0.9003,13795.70008,33,0.887226567
482,45.8778,0.844267727,13.576624,51.1222,0.880606444,12.59529867,37.8576666666667,13.666192,0.9236,80548.0086666667,23.3906533333333,0.911,13795.70008,33,0.887226567
483,45.8352,0.866152768,13.86766667,51.7333,0.886639676,12.573104,37.9,12.795608,0.9101,79552.7476666667,23.965344,0.9199,13795.70008,33,0.887226567
484,45.6517,0.852525253,13.72842133,52.7444,0.8828125,12.61320267,37.9,12.77556,0.9295,78573.2833333333,24.2220986666667,0.8942,13795.70008,33,0.887226567
485,46.1429,0.846446701,13.940376,51.9,0.910216718,12.44985333,37.5333333333333,12.481672,0.9087,77585.9033333333,23.3949226666667,0.9393,13578.49744,33,0.908832277
486,45.7889,0.880886427,13.611088,51.4667,0.916275955,12.37763467,37.6333333333333,12.573552,0.9094,76566.2546666667,24.5667226666667,0.9184,13578.49744,33,0.908832277
487,45.5556,0.858099063,13.538864,52.7191,0.867875648,12.74682667,37.4,12.379696,0.8968,75573.586,23.644656,0.9162,13578.49744,33,0.908832277
488,46.0667,0.817039106,13.31318133,53.0652,0.861863847,13.09060267,37.1333333333333,12.221856,0.9186,74577.3833333333,23.8336933333333,0.9211,13578.49744,33,0.908832277
489,45.7444,0.837662338,13.24228533,49.7556,0.89059501,12.15874667,39.7333333333333,14.077888,0.9151,73633.6676666667,23.4723573333333,0.9043,13578.49744,33,0.908832277
490,46.8352,0.856562923,13.84453067,51.3,0.857877814,12.22782933,36.6,11.774336,0.9205,72755.7193333333,24.2751466666667,0.9317,12346.34824,33,0.885446498
491,47.1222,0.852830189,13.75694933,52.6222,0.873873874,12.586544,36.9696666666667,13.22884,0.9157,71935.495,23.7421653333333,0.9202,12346.34824,33,0.885446498
492,44.9663,0.84496124,12.80292267,50.4333,0.895799236,12.23332,37.0333333333333,12.176208,0.9291,71164.0833333333,24.1877306666667,0.9442,12346.34824,33,0.885446498
493,45.0111,0.806004619,12.99155467,51.236,0.893271462,12.35165067,36.9666666666667,12.094776,0.912,70334.0173333333,24.2430506666667,0.8935,12346.34824,33,0.885446498
494,45.4111,0.831139096,12.95333333,50.8132,0.885361552,12.25909333,37.6333333333333,12.257208,0.9119,69480.269,23.33524,0.9101,12346.34824,33,0.885446498
495,45.7889,0.826285714,13.10503733,50.7333,0.883131837,12.481448,37.3,12.4422,0.9236,68636.376,23.9917146666667,0.9072,12796.42168,33,0.892340526
496,45.5333,0.85884455,13.23943467,51.5778,0.910938434,12.31226933,37.3666666666667,12.4102,0.9058,67824.235,24.0497466666667,0.913,12796.42168,33,0.892340526
497,45.2111,0.850718301,13.32979467,51.0682,0.878655881,11.94763733,37.4333333333333,12.4258,0.9038,67055.0153333333,24.0337413333333,0.8974,12796.42168,33,0.892340526
498,45.9222,0.806671721,13.29102133,52.2717,0.848351648,12.792056,38.0333333333333,12.62148,0.8952,66224.7896666667,24.0329013333333,0.9117,12796.42168,33,0.892340526
499,45.4,0.865177833,13.22301867,50.0659,0.859594384,11.999192,37.6333333333333,12.600808,0.9128,65361.0186666667,23.8001893333333,0.9191,12796.42168,33,0.892340526
500,47.0111,0.87431694,12.87282667,49.9778,0.885159011,11.704624,37.8666666666667,12.2616773333333,0.9165,64494.2983333333,23.8380773333333,0.9146,13551.65224,33,0.869382864
501,46.3667,0.893280632,13.17446933,50.2889,0.91048202,12.37654667,36.5666666666667,11.381432,0.8863,63602.895,23.4764346666667,0.9038,13551.65224,33,0.869382864
502,44.6222,0.846921797,12.242072,49.5667,0.882123341,11.98998667,37.1666666666667,11.588616,0.9144,62720.194,24.1742506666667,0.919,13551.65224,33,0.869382864
503,44.4889,0.848920863,11.56434933,50.3444,0.853195164,11.93024533,37.8333333333333,12.1868933333333,0.9412,61825.944,24.2692506666667,0.9173,13551.65224,33,0.869382864
504,45.0444,0.898431049,11.244112,50.2556,0.934306569,11.784472,37.8333333333333,12.1351093333333,0.8535,60886.151,23.5890693333333,0.9205,13551.65224,33,0.869382864
505,44.5111,0.858784893,11.16106933,50.9444,0.851098454,11.70056267,38.1333333333333,12.132632,0.9295,59962.887,23.8735546666667,0.9204,13419.55128,33,0.899094871
506,44.8333,0.877850163,11.09881333,49.1667,0.88503937,11.64600533,37.6666666666667,11.965488,0.9352,59061.4736666667,23.518032,0.9026,13419.55128,33,0.899094871
507,44.8333,0.873239437,11.06971733,51.4535,0.88923802,11.33286133,36.7303333333333,11.7160266666667,0.9474,58148.8466666667,24.0161306666667,0.8988,13419.55128,33,0.899094871
508,45.4556,0.899653979,11.35113067,51.7391,0.906144497,12.41702667,36.9726666666667,11.7501786666667,0.9251,57172.4306666667,23.7574,0.9124,13419.55128,33,0.899094871
509,45.1111,0.882468812,11.64919467,49.2111,0.900831734,11.519752,39.1333333333333,12.9865546666667,0.9073,56174.5333333333,23.9134133333333,0.9195,13419.55128,33,0.899094871
510,46.3407,0.854689564,12.33454667,50.2727,0.897160883,11.247128,37.3816666666667,11.777992,0.9061,55193.7333333333,24.3035466666667,0.8947,13576.49256,33,0.90358588
511,46.4719,0.877537656,12.38774667,55.6444,0.877642537,12.222688,37.1333333333333,11.643072,0.9382,54200.893,23.8049706666667,0.9374,13576.49256,33,0.90358588
512,45.2333,0.877300614,12.26646933,49.9778,0.90157251,11.93854133,37.8333333333333,11.87616,0.9253,53183.8096666667,23.644408,0.9205,13576.49256,33,0.90358588
513,44.7889,0.858858859,12.54578933,50.3444,0.902411022,12.34199733,37.4666666666667,11.775984,0.9005,52200.8813333333,24.2091146666667,0.9138,13576.49256,33,0.90358588
514,44.8556,0.87144623,12.57564,49.5444,0.889957907,12.42157067,37.7666666666667,12.05956,0.9025,51205.3833333333,23.8064853333333,0.9263,13576.49256,33,0.90358588
515,45.5111,0.856608479,12.648232,49.6889,0.873703478,12.50496267,38.6,12.602744,0.9154,50253.18,23.7473786666667,0.9005,13809.34576,33,0.911100432
516,45.6333,0.875,13.14854667,50.7778,0.886322188,12.81959733,38.6333333333333,12.666768,0.9211,49374.7193333333,23.8226666666667,0.93,13809.34576,33,0.911100432
517,45.2333,0.876136364,13.44162667,54.2333,0.911877395,13.313416,39.0726666666667,13.298112,0.9246,48555.025,24.2213786666667,0.9241,13809.34576,33,0.911100432
518,45.9556,0.847926267,13.59851733,52.7222,0.912493121,13.33963733,38.924,13.820136,0.931,47785.551,23.7233386666667,0.941,13809.34576,33,0.911100432
519,46.1,0.857475276,13.79607733,52.7111,0.891032917,12.85814667,40.7333333333333,14.149208,0.925,46966.2806666667,24.2681466666667,0.8964,13809.34576,33,0.911100432
520,46.9444,0.867420349,14.06659733,52.4382,0.878695209,12.81198667,39.4333333333333,13.216496,0.9569,46114.039,23.400376,0.9052,13537.9204,33,0.902592388
521,47.5556,0.874511991,14.33123467,52.9444,0.908008658,13.25072267,38.8666666666667,12.849944,0.8995,45269.421,23.964984,0.9133,13537.9204,33,0.902592388
522,45.8315,0.904205608,13.442952,52.0556,0.910857143,12.83596533,38.6333333333333,12.611448,0.8909,44455.1906666667,23.954792,0.913,13537.9204,33,0.902592388
523,45.9556,0.827244582,13.58838667,51.2556,0.834017595,12.69534933,39.0666666666667,12.84488,0.8941,43687.1636666667,24.1581706666667,0.8918,13537.9204,33,0.902592388
524,45.4505,0.825766871,13.98304533,50.1,0.845508982,12.76334933,38.8666666666667,12.74728,0.9265,42882.1806666667,23.21748,0.9126,13537.9204,33,0.902592388
525,46.0444,0.827629911,13.89348,50.2889,0.867995019,13.01779467,38.7333333333333,12.67416,0.9045,42047.3506666667,24.096384,0.9208,13789.02072,33,0.892536241
526,46,0.843559978,13.58987733,50.3333,0.886620097,13.16573067,39,12.731968,0.9058,41173.9296666667,23.8716293333333,0.9121,13789.02072,33,0.892536241
527,45.6778,0.85535248,13.806952,54.6333,0.878757515,13.34258133,39.6,13.134752,0.9094,40284.228,23.6191333333333,0.9036,13789.02072,33,0.892536241
528,45.4667,0.865060241,13.81149867,54.3667,0.874853801,13.000896,40.4546666666667,15.132144,0.8969,39408.7193333333,23.886792,0.9196,13789.02072,33,0.892536241
529,45.6484,0.864898211,13.810416,51.5889,0.888358209,12.884392,40.6,13.967664,0.9097,38523.5796666667,24.169952,0.9172,13789.02072,33,0.892536241
530,47.8333,0.845002992,14.012688,50.7,0.846420323,13.00553333,38.4,12.515688,0.914,37586.22,23.5223866666667,0.9209,13549.82056,33,0.887226567
531,46.9222,0.888231816,14.28874133,52.8556,0.888382688,13.16829067,38.4666666666667,12.651808,0.9113,36662.2536666667,23.7626106666667,0.9188,13549.82056,33,0.887226567
532,45.7444,0.844267727,13.56892267,51.2222,0.880606444,12.585224,38.7666666666667,12.716552,0.9249,35744.971,24.4037413333333,0.9056,13549.82056,33,0.887226567
533,45.4778,0.866152768,13.74456,51.7841,0.886639676,12.16546133,38.8333333333333,12.855064,0.9141,34816.285,24.0821493333333,0.8988,13549.82056,33,0.887226567
534,45.3667,0.852525253,13.86172267,52.4444,0.8828125,12.594992,38.7666666666667,12.60904,0.9435,33843.198,23.7662853333333,0.9168,13549.82056,33,0.887226567
535,45.7444,0.846446701,13.78049867,51.7391,0.910216718,12.92701067,38.3333333333333,12.507784,0.8858,32854.3153333333,23.5611546666667,0.9149,13543.21696,33,0.908832277
536,46.0222,0.880886427,13.63202933,51.2273,0.916275955,11.93464,38.5333333333333,12.530336,0.9095,31886.2963333333,23.9191973333333,0.8928,13543.21696,33,0.908832277
537,45.6629,0.858099063,13.3564,52.8696,0.867875648,13.26653867,38.085,12.613928,0.908,30895.7126666667,24.1853546666667,0.937,13543.21696,33,0.908832277
538,45.7667,0.817039106,13.34479733,52.8333,0.861863847,12.65094667,37.9816666666667,13.158416,0.9107,29872.184,23.6597626666667,0.9205,13543.21696,33,0.908832277
539,45.967,0.837662338,13.38649867,49.9889,0.89059501,12.15043467,39.8666666666667,13.551824,0.9094,28885.4166666667,24.098024,0.9157,13543.21696,33,0.908832277
540,45.7528,0.856562923,13.53942667,51.4556,0.857877814,12.22542667,38.0333333333333,12.036936,0.928,27890.9833333333,23.7617706666667,0.9246,12386.96768,33,0.883605487
541,47.1111,0.852830189,13.75916533,52.9222,0.873873874,12.61409067,38.1333333333333,12.21436,0.9309,26927.944,24.1219066666667,0.9011,12386.96768,33,0.883605487
542,45.1758,0.84496124,13.09677867,50.3778,0.895799236,12.22329867,37.9666666666667,12.057384,0.9236,26039.2076666667,23.7904746666667,0.93,12386.96768,33,0.883605487
543,45.1222,0.806004619,12.99419467,50.6333,0.893271462,12.342088,38.1,12.209872,0.8982,25224.0556666667,23.8483786666667,0.925,12386.96768,33,0.883605487
544,45.0667,0.831139096,12.95746933,51.8,0.885361552,12.28123467,38.2333333333333,12.345032,0.9288,24450.2406666667,24.054616,0.9391,12386.96768,33,0.883605487
545,45.5,0.826285714,13.09669067,49.2308,0.883131837,12.43656,38.2666666666667,12.411216,0.925,23642.459,23.5331066666667,0.9015,12793.39576,33,0.853542151
546,45.382,0.85884455,13.109816,51.4368,0.910938434,11.86744,38.3666666666667,12.326504,0.8703,22789.7193333333,24.2715786666667,0.8996,12793.39576,33,0.853542151
547,45.4066,0.850718301,13.46042667,51.5484,0.878655881,12.86590133,39.006,13.702064,0.9091,21938.8926666667,23.4607306666667,0.9131,12793.39576,33,0.853542151
548,45.5889,0.806671721,13.28522667,51.4432,0.848351648,12.27525067,37.588,12.320496,0.8957,21129.908,23.9452986666667,0.9109,12793.39576,33,0.853542151
549,45.3596,0.865177833,13.092552,50.2333,0.859594384,12.04381333,39,11.659208,0.9306,20366.1073333333,24.0237866666667,0.8938,12793.39576,33,0.853542151
550,47.011,0.87431694,13.02081333,50.1333,0.885159011,11.79213067,37.6333333333333,11.947752,0.9116,19554.2456666667,23.7450746666667,0.9106,13544.5124,33,0.82157805
551,46.236,0.893280632,12.98429867,49.8571,0.91048202,12.27855733,36.8666666666667,11.25452,0.8675,18682.333,24.165784,0.9213,13544.5124,33,0.82157805
552,45.0778,0.846921797,12.29889867,50.0111,0.882123341,12.09156267,37.3333333333333,11.81628,0.9415,17810.07,23.946224,0.9172,13544.5124,33,0.82157805
553,44.5934,0.848920863,11.68774667,50.0562,0.853195164,11.78617333,38.1666666666667,12.400544,0.9007,16913.107,24.0404453333333,0.9015,13544.5124,33,0.82157805
554,43.5889,0.898431049,11.246264,50.2308,0.934306569,11.839536,37.5456666666667,13.206288,0.9017,16036.5293333333,22.8761173333333,0.917,13544.5124,33,0.82157805
555,44.2967,0.858784893,11.28045333,49.4222,0.851098454,11.72590133,37.9,12.110592,0.9129,15160.735,24.6810506666667,0.9183,13415.09976,33,0.899094871
556,44.4157,0.877850163,10.97075467,49.3218,0.88503937,11.163896,37.0333333333333,11.676792,0.9533,14215.9333333333,23.960384,0.9223,13415.09976,33,0.899094871
557,43.7473,0.873239437,11.21452533,51.3656,0.88923802,12.615296,36.3333333333333,11.15088,0.926,13283.7683333333,23.8177226666667,0.9184,13415.09976,33,0.899094871
558,45,0.899653979,11.21933867,51.4778,0.906144497,12.06074667,36.9333333333333,11.411128,0.9205,12382.2456666667,23.5818426666667,0.9016,13415.09976,33,0.899094871
559,44.3889,0.882468812,11.64230133,48.9778,0.900831734,11.480008,39.0666666666667,13.025864,0.906,11471.3956666667,24.1477946666667,0.9009,13415.09976,33,0.899094871
560,45.6222,0.854689564,12.21836267,49.4889,0.897160883,11.702432,37.0333333333333,11.470256,0.9207,10493.821,24.222632,0.9205,13807.43424,33,0.90358588
561,46.4333,0.877537656,12.50877333,52.1333,0.877642537,12.229512,37.7,11.859544,0.9503,9495.266,23.5064773333333,0.908,13807.43424,33,0.90358588
562,46.0556,0.877300614,12.271016,48.9222,0.90157251,11.95804,37.7666666666667,11.822184,0.9038,8526.27733333333,23.85112,0.8999,13807.43424,33,0.90358588
563,45.1667,0.858858859,12.53975733,50.0889,0.902411022,12.320264,37.5243333333333,12.180064,0.8971,7540.33733333333,24.2730933333333,0.9318,13807.43424,33,0.90358588
564,44.8222,0.87144623,12.570016,48.6932,0.889957907,12.05350133,38.197,13.29092,0.9046,6509.058,24.0584986666667,0.9232,13807.43424,33,0.90358588
565,45.5,0.856608479,12.67178667,49.7111,0.873703478,12.508952,38.6333333333333,12.65156,0.9236,5530.015,23.3347813333333,0.9133,13583.82128,33,0.910116405
566,45.1333,0.875,13.13311733,51.6222,0.886322188,13.295872,38.9,12.791208,0.9386,4543.47766666667,24.0970506666667,0.9277,13583.82128,33,0.910116405
567,45.5889,0.876136364,13.44561867,51.5,0.911877395,12.77164533,39.1333333333333,12.931752,0.9236,3570.421,23.9919733333333,0.8984,13583.82128,33,0.910116405
568,45.8889,0.847926267,13.59369333,52.5333,0.912493121,13.346104,39.4333333333333,13.110664,0.9224,2712.726,22.982912,0.9332,13583.82128,33,0.910116405
569,46.3333,0.857475276,13.80368,52.1,0.891032917,12.842912,40.8333333333333,14.15952,0.9374,1935.49433333333,23.7891706666667,0.9213,13583.82128,33,0.910116405
570,47.2778,0.867420349,14.07512267,52.3,0.878695209,12.809176,39.2,13.077232,0.9322,1155.40233333333,24.0579893333333,0.9395,13546.75352,33,0.898026678
571,47.6556,0.874511991,14.31506933,52.5111,0.908008658,13.21993867,38.4333333333333,12.577544,0.8968,474.503333333333,19.7452613333333,0.9032,13546.75352,33,0.898026678
572,46.2778,0.904205608,13.5882,51.9556,0.910857143,12.83619467,38.8,12.759664,0.881,140.433333333333,14.8458506666667,0.881,13546.75352,33,0.898026678
573,45.8889,0.827244582,13.59548,51.2111,0.834017595,12.754496,38.6666666666667,12.830312,0.9139,69.8,12.755992,0.9139,13546.75352,33,0.898026678
574,46.1667,0.825766871,13.82613067,51.2667,0.845508982,12.75802133,38.7576666666667,14.050216,0.9096,69.4666666666667,12.6933413333333,0.9025,13546.75352,33,0.898026678
575,46.1,0.827629911,13.89348,50.6854,0.867995019,13.02229067,38.6666666666667,12.814104,0.9209,69.9576666666667,13.2770693333333,0.9256,14012.6076,33,0.891736527
576,45.4889,0.843559978,13.74750667,52.1667,0.886620097,13.726768,38.9,12.805328,0.8963,71.1333333333333,13.00408,0.9009,14012.6076,33,0.891736527
577,46.2222,0.85535248,13.800296,52.6484,0.878757515,13.152704,40.0666666666667,13.444824,0.9225,75.3666666666667,13.980064,0.9272,14012.6076,33,0.891736527
578,46.4111,0.865060241,13.80278133,53.7444,0.874853801,13.022136,42.6,15.058704,0.8854,71.8056666666667,12.8928,0.8808,14012.6076,33,0.891736527
579,45.9444,0.864898211,13.669264,51.0562,0.888358209,12.43545333,37.5666666666667,12.12548,0.9178,75.2516666666667,13.8682293333333,0.9128,14012.6076,33,0.891736527
580,47.8539,0.845002992,13.856264,50.0659,0.846420323,13.429928,38.4333333333333,12.503704,0.9066,68.9393333333333,13.0531573333333,0.9101,13575.40232,33,0.763243243
581,47.4556,0.888231816,14.29169333,52.4778,0.888382688,13.18565067,38.6333333333333,12.711824,0.921,69.4,12.7309493333333,0.921,13575.40232,33,0.763243243
582,45.1667,0.844267727,13.57496533,50.7889,0.880606444,12.57896,39,12.795608,0.9101,69.8,12.7909706666667,0.9101,13575.40232,33,0.763243243
583,45.1667,0.866152768,13.73786933,51.3222,0.886639676,12.57724,38.606,13.1813066666667,0.9295,69,12.6752,0.9295,13575.40232,33,0.763243243
584,46.2111,0.852525253,13.862576,51.5556,0.8828125,12.56411467,38.2273333333333,13.2859733333333,0.9081,68.5576666666667,12.9092426666667,0.9087,13575.40232,33,0.763243243
585,45.6222,0.846446701,13.76559467,51.5,0.910216718,12.07241333,38.4666666666667,12.554336,0.9109,68.5,12.5029626666667,0.9094,13301.3412,33,0.804415974
586,45.7111,0.880886427,13.645368,53.6742,0.916275955,12.56596267,38.3,12.381,0.8946,67.615,12.7330826666667,0.8968,13301.3412,33,0.804415974
587,45.4889,0.858099063,13.50946133,50.6044,0.867875648,12.613968,38.1666666666667,12.226992,0.9189,70.1333333333333,12.6814666666667,0.9186,13301.3412,33,0.804415974
588,45.7222,0.817039106,13.33389067,52.7222,0.861863847,12.69451467,40.3333333333333,13.69684,0.9181,72.9333333333333,13.3191066666667,0.9151,13301.3412,33,0.804415974
589,45.3,0.837662338,13.24944267,49.8667,0.89059501,12.14741333,38,12.100312,0.9234,66.8453333333333,12.3828826666667,0.9238,13301.3412,33,0.804415974
590,46.8333,0.856562923,13.68646133,51.1778,0.857877814,12.22254133,38.1333333333333,12.08664,0.9118,66.5666666666667,12.0925893333333,0.9118,12234.47944,33,0.78881743
591,47.0556,0.852830189,13.76033867,52.4505,0.873873874,12.62244533,37.9333333333333,12.176208,0.9291,66.8,12.1564346666667,0.9291,12234.47944,33,0.78881743
592,45.6444,0.84496124,12.95349867,49.8667,0.895799236,12.24257333,38.6333333333333,12.094776,0.912,66.8666666666667,12.157552,0.912,12234.47944,33,0.78881743
593,45.1111,0.806004619,12.99075467,51.0667,0.893271462,12.35057867,38.4183333333333,12.6617413333333,0.9119,67.1333333333333,12.3143093333333,0.9119,12234.47944,33,0.78881743
594,44.8,0.831139096,12.95822933,50.2198,0.885361552,12.29185333,38.2,13.2375786666667,0.9211,67.491,12.8338666666667,0.9236,12234.47944,33,0.78881743
595,45.3222,0.826285714,13.09972533,50.1461,0.883131837,12.38654667,38.2333333333333,12.417288,0.9031,67.7666666666667,12.4675653333333,0.9058,12926.57408,33,0.821957041
596,45.5444,0.85884455,13.24336533,52.7614,0.910938434,12.597528,38.5,12.575208,0.9124,67.9453333333333,12.8461786666667,0.9038,12926.57408,33,0.821957041
597,44.9444,0.850718301,13.31869333,51.0769,0.878655881,12.12604533,38.4333333333333,12.42608,0.891,69.2666666666667,12.2113253333333,0.8952,12926.57408,33,0.821957041
598,45.2889,0.806671721,13.286432,51.7,0.848351648,12.26081067,38.889,11.4398,0.9127,68.7223333333333,12.0818266666667,0.9128,12926.57408,33,0.821957041
599,45.1444,0.865177833,13.240848,50.2747,0.859594384,12.45412267,37.0333333333333,12.261944,0.9165,65.4,11.92208,0.9165,12926.57408,33,0.821957041
600,46.2778,0.87431694,12.887192,50.0333,0.885159011,11.46979733,35.5453333333333,12.444144,0.8898,63.2273333333333,11.8034053333333,0.8863,13556.04032,33,0.762555626
601,46.5714,0.893280632,13.26136533,50.7283,0.91048202,12.55274933,36,11.58464,0.9202,65.1333333333333,11.840096,0.9144,13556.04032,33,0.762555626
602,44.3146,0.846921797,12.15134133,49.5222,0.882123341,12.25905333,37.0666666666667,12.346632,0.9336,67.6333333333333,12.2341173333333,0.9412,13556.04032,33,0.762555626
603,44.8,0.848920863,11.56897867,48.5222,0.853195164,11.73311467,36.9,12.16896,0.8628,66.7363333333333,12.5490666666667,0.8535,13556.04032,33,0.762555626
604,44.7222,0.898431049,11.24662933,48.8977,0.934306569,11.75410133,36.7333333333333,12.121544,0.9251,66.5666666666667,12.0875733333333,0.9295,13556.04032,33,0.762555626
605,44.6556,0.858784893,11.16894667,50.044,0.851098454,11.71255733,36.6,11.975152,0.9376,64.5333333333333,11.6532906666667,0.9352,13411.08864,33,0.886332882
606,44.2222,0.877850163,11.08596267,50.3596,0.88503937,11.71383467,35.2666666666667,11.19616,0.9437,62.8816666666667,11.6850506666667,0.9447,13411.08864,33,0.886332882
607,44.3444,0.873239437,11.096472,49.7865,0.88923802,11.70585867,35.7666666666667,11.38712,0.9259,66.5333333333333,11.9150453333333,0.9259,13411.08864,33,0.886332882
608,44.3222,0.899653979,11.33385067,52.3043,0.906144497,12.56879467,38.2333333333333,12.983016,0.8971,70.2333333333333,12.464936,0.8971,13411.08864,33,0.886332882
609,44.3667,0.882468812,11.64477333,48.6705,0.900831734,11.08336533,35.9483333333333,11.7819813333333,0.9137,63.8,11.5088,0.9137,13411.08864,33,0.886332882
610,46.2418,0.854689564,12.34027467,49.011,0.897160883,11.683504,36.2726666666667,12.4372426666667,0.9422,64.4636666666667,12.1026586666667,0.9382,13782.45456,33,0.903597527
611,46.236,0.877537656,12.37860533,51.6333,0.877642537,12.215264,36.6,11.85896,0.9225,65.0333333333333,11.839232,0.9253,13782.45456,33,0.903597527
612,44.5222,0.877300614,12.26362933,49.6,0.90157251,11.98862667,36.3333333333333,11.782576,0.8955,65.0333333333333,11.889856,0.9005,13782.45456,33,0.903597527
613,45.2556,0.858858859,12.53885333,49.9775,0.902411022,12.309168,36.7666666666667,12.111008,0.8979,67.2,12.2658106666667,0.9025,13782.45456,33,0.903597527
614,44.7778,0.87144623,12.570256,48.8022,0.889957907,12.43877867,37.5,12.626864,0.9202,68.8756666666667,13.1185333333333,0.9154,13782.45456,33,0.903597527
615,45.044,0.856608479,12.81000533,49.9556,0.873703478,12.497736,37.6666666666667,12.704784,0.9261,69.1666666666667,12.762888,0.9211,13595.78296,33,0.907066796
616,45.4667,0.875,13.13311733,51.7889,0.886322188,13.12652267,37.9333333333333,12.884248,0.9226,69.8183333333333,13.346408,0.9265,13595.78296,33,0.907066796
617,45.5333,0.876136364,13.44561867,50.4886,0.911877395,12.41943733,38.0666666666667,12.968152,0.9295,73,13.3503813333333,0.9295,13595.78296,33,0.907066796
618,45.7,0.847926267,13.59369333,52.3478,0.912493121,13.79337067,40.2,14.149208,0.925,76.6666666666667,13.8262746666667,0.925,13595.78296,33,0.907066796
619,46.1444,0.857475276,13.80368,52.0568,0.891032917,12.368928,38.5666666666667,13.216496,0.9569,70.6,13.0872586666667,0.9569,13595.78296,33,0.907066796
620,47.0444,0.867420349,14.07512267,52.1209,0.878695209,13.26740267,38.0606666666667,14.249128,0.9006,69.4333333333333,12.780256,0.8995,13795.84208,33,0.891157989
621,46.8989,0.874511991,14.15329067,52.6222,0.908008658,13.24317333,37.5333333333333,12.64088,0.8861,69.1666666666667,13.1661093333333,0.8909,13795.84208,33,0.891157989
622,45.3407,0.904205608,13.74997867,50.2111,0.910857143,12.85805333,37.8333333333333,12.846816,0.8974,70.5666666666667,12.797816,0.8941,13795.84208,33,0.891157989
623,45.5889,0.827244582,13.59548,50.4111,0.834017595,12.76650667,37.6,12.701752,0.9168,70.3576666666667,13.127824,0.9265,13795.84208,33,0.891157989
624,45.4111,0.825766871,13.82613067,51.5333,0.845508982,12.77730667,37.6,12.720944,0.9141,69.1,12.703056,0.9045,13795.84208,33,0.891157989
625,45.6889,0.827629911,13.89348,49.4333,0.867995019,13.02784,37.5333333333333,12.707896,0.9078,70.3,12.9198133333333,0.9058,13550.93448,33,0.868538378
626,45.7111,0.843559978,13.74750667,52.7667,0.886620097,13.58921067,38.5,13.181128,0.9045,72.2666666666667,13.30244,0.9094,13550.93448,33,0.868538378
627,45.9444,0.85535248,13.800296,51.4659,0.878757515,12.362456,39.2333333333333,13.67804,0.8976,75.497,14.2402,0.8969,13550.93448,33,0.868538378
628,45.8111,0.865060241,13.80278133,53.4783,0.874853801,13.49529067,39.5666666666667,13.967664,0.9097,75.5333333333333,13.4786426666667,0.9097,13550.93448,33,0.868538378
629,45.5169,0.864898211,13.50797867,51.4222,0.888358209,12.79619467,37.415,12.9154106666667,0.914,68.5333333333333,12.5680213333333,0.914,13550.93448,33,0.868538378
