time,js.latency,js.accuracy,js.throughput,jet.latency,jet.accuracy,jet.throughput
5,45.1573,0.858784893,11.04639733,48.6818,0.851098454,11.505248
6,45.5824,0.877850163,11.24853067,51.0899,0.88503937,10.72097867
7,44.6136,0.873239437,10.742896,50.0769,0.88923802,11.81689067
8,45.6778,0.899653979,11.34081067,56.8556,0.906144497,13.00660533
9,45.4348,0.882468812,11.79554667,51.9545,0.900831734,11.08413333
10,45.8427,0.854689564,11.79236,50.9451,0.897160883,11.79164267
11,48.0674,0.877537656,12.61498933,51.4157,0.877642537,11.83432267
12,45.9333,0.877300614,12.188296,50.0333,0.90157251,11.79466133
13,45.9444,0.858858859,12.54469333,52.3333,0.902411022,12.28351733
14,46.0889,0.87144623,12.60407733,52.2637,0.889957907,12.65653867
15,46.4556,0.856608479,12.49790667,52.6067,0.873703478,12.74738667
16,46.1648,0.875,13.260024,52.2556,0.886322188,12.91354133
17,46.5111,0.876136364,13.42326133,54.5,0.911877395,13.049384
18,46.5,0.847926267,13.53165333,58.7444,0.912493121,14.13277867
19,46.8778,0.857475276,13.82277867,53.9556,0.891032917,13.09873067
20,46.967,0.867420349,13.94488,53.3678,0.878695209,12.3016
21,49.6,0.874511991,14.57114667,53.7363,0.908008658,12.67317333
22,46.1222,0.904205608,13.644896,53.8889,0.910857143,12.85329867
23,46.4889,0.827244582,13.51173333,52.0111,0.834017595,12.69088533
24,46.8022,0.825766871,13.97366933,52.7033,0.845508982,12.714568
25,46.7865,0.827629911,13.82286133,53.4831,0.867995019,12.708096
26,46.7444,0.843559978,13.67939733,52.7444,0.886620097,13.31381867
27,46.3667,0.85535248,13.82898133,53.1556,0.878757515,13.54984533
28,47.1111,0.865060241,13.84197067,61.1011,0.874853801,13.961448
29,47.3333,0.864898211,13.63859467,52.9889,0.888358209,12.505072
30,47.2667,0.845002992,13.76993867,52.9341,0.846420323,12.64822133
31,49.8667,0.888231816,14.603472,53.2778,0.888382688,12.782032
32,46.3556,0.844267727,13.48850133,53.1136,0.880606444,12.81697867
33,46.6111,0.866152768,13.68146667,53.011,0.886639676,12.59152
34,47.1818,0.852525253,13.602016,52.9205,0.8828125,12.11760267
35,47.1538,0.846446701,14.010928,52.978,0.910216718,12.47841067
36,46.4944,0.880886427,13.43866133,52.7111,0.916275955,12.23602133
37,46.5556,0.858099063,13.572688,53.2333,0.867875648,12.35369867
38,46.4778,0.817039106,13.38275733,58.7667,0.861863847,13.55429333
39,46.2444,0.837662338,13.15350667,52.1444,0.89059501,12.06179733
40,46.0562,0.856562923,13.32417867,51.7333,0.857877814,12.214016
41,49.9556,0.852830189,14.15332,51.6444,0.873873874,12.049728
42,46.3222,0.84496124,12.86403467,51.2444,0.895799236,12.19685867
43,46.2556,0.806004619,13.06296,53.5444,0.893271462,12.33563733
44,46.3444,0.831139096,12.889528,52.8778,0.885361552,12.42033067
45,46.4945,0.826285714,13.22287467,54.6556,0.883131837,12.35394133
46,46.1573,0.85884455,13.05965067,52.3034,0.910938434,12.83700267
47,46.7582,0.850718301,13.56429067,54.6556,0.878655881,12.00135733
48,46.3596,0.806671721,12.96907733,56.0889,0.848351648,12.747392
49,46.6703,0.865177833,13.66292533,52.0444,0.859594384,12.022848
50,46.0333,0.87431694,12.46881333,48.5111,0.885159011,11.34508533
51,49.2333,0.893280632,13.586848,49.5444,0.91048202,11.62423733
52,45.9556,0.846921797,12.40785067,52.3222,0.882123341,12.39567467
53,46.1236,0.848920863,11.515424,51.2667,0.853195164,12.02729067
54,45.5778,0.898431049,11.27074667,51.8667,0.934306569,12.11468533
55,44.8222,0.858784893,11.161792,52.7,0.851098454,11.90630133
56,45.1429,0.877850163,11.25448267,51.8111,0.88503937,11.139688
57,45.5056,0.873239437,10.87002133,51.0444,0.88923802,11.417264
58,45.3667,0.899653979,11.32708,57.4556,0.906144497,13.001912
59,45.8667,0.882468812,11.52050133,50.4886,0.900831734,11.07037867
60,46.4222,0.854689564,11.942808,52.2308,0.897160883,12.13304533
61,48.3,0.877537656,12.74294667,52.8778,0.877642537,11.841176
62,45.9326,0.877300614,12.04790133,50.8889,0.90157251,11.80155467
63,46.1648,0.858858859,12.67397067,50.6593,0.902411022,12.649896
64,46.2778,0.87144623,12.60015733,52.9674,0.889957907,12.65201067
65,46.1556,0.856608479,12.508352,51.4773,0.873703478,12.32481067
66,46.0778,0.875,13.09445067,53.3444,0.886322188,12.89274933
67,46.4,0.876136364,13.41262667,53.5761,0.911877395,13.45934667
68,46.3111,0.847926267,13.536768,58.2889,0.912493121,14.17216
69,47.1111,0.857475276,13.81847467,51.3667,0.891032917,13.091688
70,46.8556,0.867420349,13.76746133,53.1236,0.878695209,12.764408
71,49.6556,0.874511991,14.60658667,51,0.908008658,12.68308267
72,46.7889,0.904205608,13.634608,51.4556,0.910857143,12.83709067
73,46.4778,0.827244582,13.52563467,53.5056,0.834017595,12.687912
74,46.6,0.825766871,13.802752,52.4348,0.845508982,12.713672
75,47.2556,0.827629911,13.97457867,52.2472,0.867995019,12.74692
76,46.3736,0.843559978,13.84544533,52.7363,0.886620097,13.271408
77,46.6477,0.85535248,13.505928,52.6667,0.878757515,13.487576
78,47.2967,0.865060241,14.00939733,59.5333,0.874853801,14.03183733
79,47.0667,0.864898211,13.65562933,52.3556,0.888358209,12.51411467
80,47.1444,0.845002992,13.72833333,51.5667,0.846420323,12.620104
81,50.0556,0.888231816,14.62481867,54.6207,0.888382688,12.403664
82,46.4333,0.844267727,13.49734667,53.967,0.880606444,12.77026133
83,46.4556,0.866152768,13.675336,78.3214,0.886639676,11.74671467
84,47.0879,0.852525253,14.052176,71.5521,0.8828125,13.39708267
85,47.0222,0.846446701,13.853568,54.4556,0.910216718,12.46571467
86,46.4831,0.880886427,13.45289333,51.5222,0.916275955,12.26147467
87,46.7363,0.858099063,13.719896,52.7222,0.867875648,12.34519467
88,46.3111,0.817039106,13.37919733,58.9556,0.861863847,13.56901333
89,46.6854,0.837662338,13.01682667,54.8778,0.89059501,12.05327467
90,46.3,0.856562923,13.45912267,50.9667,0.857877814,12.17788267
91,49.5955,0.852830189,14.008016,54.8876,0.873873874,12.090824
92,46.2778,0.84496124,12.875048,52.1,0.895799236,12.18181067
93,46.3111,0.806004619,13.04684267,52.3222,0.893271462,12.345144
94,46.4222,0.831139096,12.90890133,65.8861,0.885361552,10.75494933
95,46.2111,0.826285714,13.06587467,206.577,0.883131837,10.68060533
96,46.3667,0.85884455,13.20004267,162.712,0.910938434,13.63870133
97,46.4667,0.850718301,13.413528,54.3333,0.878655881,12.15154667
98,46.1444,0.806671721,13.11131467,54.7333,0.848351648,12.88128
99,46.7667,0.865177833,13.55897333,51.0333,0.859594384,11.844416
100,45.6667,0.87431694,12.46927467,48.5111,0.885159011,11.47594667
101,48.5,0.893280632,13.542008,50.2111,0.91048202,11.71829067
102,46.3222,0.846921797,12.45951467,50.8889,0.882123341,12.16866933
103,45.9889,0.848920863,11.64290667,51.3956,0.853195164,12.49765867
104,45.1798,0.898431049,11.154112,50.7889,0.934306569,12.06720267
105,45.022,0.858784893,11.28391733,50.6444,0.851098454,11.84766933
106,45.0899,0.877850163,11.01761333,51.7614,0.88503937,10.86566933
107,45.2667,0.873239437,10.99412,51.4222,0.88923802,11.463176
108,45.4222,0.899653979,11.30052,54.2556,0.906144497,12.47626667
109,45.2418,0.882468812,11.66469867,52.0659,0.900831734,12.357856
110,45.6742,0.854689564,11.81004533,49.7912,0.897160883,11.745496
111,48.3804,0.877537656,12.995536,52.1868,0.877642537,11.827056
112,45.6889,0.877300614,12.182008,50.8222,0.90157251,11.82064533
113,46,0.858858859,12.53648267,51.5333,0.902411022,12.26056
114,46.1818,0.87144623,12.316296,88.2841,0.889957907,12.14092
115,46.1333,0.856608479,12.52162933,84.0444,0.873703478,12.75891467
116,46.1111,0.875,13.06324267,52.4333,0.886322188,12.87634133
117,46.5667,0.876136364,13.42016533,52.0114,0.911877395,12.56025333
118,46.5556,0.847926267,13.517848,56.9674,0.912493121,14.27562133
119,46.7033,0.857475276,13.973904,54.8791,0.891032917,13.45146667
120,47.2022,0.867420349,13.63601867,53.7978,0.878695209,12.78307467
121,49.3587,0.874511991,14.90869067,51.5934,0.908008658,12.69470133
122,46.3667,0.904205608,13.626416,53.3409,0.910857143,12.79722933
123,46.7,0.827244582,13.53657067,52.9674,0.834017595,12.70329333
124,46.7889,0.825766871,13.79252533,53.1011,0.845508982,12.72268533
125,47.1,0.827629911,13.97175467,52.1099,0.867995019,12.76833067
126,47.1461,0.843559978,13.542808,52.1889,0.886620097,13.202272
127,46.6,0.85535248,13.803384,52.9425,0.878757515,12.965496
128,47.0667,0.865060241,13.839808,57.1183,0.874853801,14.19220533
129,47,0.864898211,13.66818667,54.4157,0.888358209,12.95094667
130,46.9444,0.845002992,13.72381867,51.9444,0.846420323,12.61223467
131,49.7333,0.888231816,14.631504,52.2778,0.888382688,12.77414133
132,46.3778,0.844267727,13.50581867,51.0111,0.880606444,12.80666933
133,46.5778,0.866152768,13.689432,53.4,0.886639676,12.60325067
134,46.8333,0.852525253,13.865152,50.6111,0.8828125,12.545824
135,47.3,0.846446701,13.870096,52.6444,0.910216718,12.45421867
136,46.6222,0.880886427,13.60294667,52.4111,0.916275955,12.27407733
137,46.4667,0.858099063,13.56171733,54.4444,0.867875648,12.89216533
138,46.7,0.817039106,13.40952267,54.1222,0.861863847,12.57862133
139,46.2889,0.837662338,13.160008,53.1444,0.89059501,12.51006667
140,46.0556,0.856562923,13.45065333,51.7333,0.857877814,12.16101333
141,48.8571,0.852830189,14.302464,52.0111,0.873873874,12.10941867
142,45.7,0.84496124,12.875496,52.7778,0.895799236,12.17409867
143,45.8667,0.806004619,13.05337867,52.2778,0.893271462,12.34072533
144,45.9778,0.831139096,12.90547733,53.5682,0.885361552,12.00474133
145,46.2,0.826285714,13.07730667,50.8444,0.883131837,12.372312
146,46.1556,0.85884455,13.20469067,51.7143,0.910938434,13.04891467
147,46.3667,0.850718301,13.395792,51.8111,0.878655881,12.47854933
148,45.8876,0.806671721,12.994312,53.6778,0.848351648,12.25117333
149,47.2198,0.865177833,13.69859733,52.7,0.859594384,12.093672
150,45.9773,0.87431694,12.160912,52.5111,0.885159011,11.53794133
151,48.4891,0.893280632,13.84094933,51.0879,0.91048202,11.77051467
152,45.5114,0.846921797,12.20309067,50.4333,0.882123341,12.07436
153,45.4565,0.848920863,11.89002133,50.8556,0.853195164,12.18601067
154,44.9778,0.898431049,11.28758133,51.2921,0.934306569,11.994064
155,44.0568,0.858784893,10.91731467,50.3736,0.851098454,11.852488
156,45.022,0.877850163,11.25550667,49.4333,0.88503937,11.36600533
157,44.8427,0.873239437,10.879448,51.7889,0.88923802,11.87286133
158,45.4,0.899653979,11.29810133,52.0333,0.906144497,11.92968
159,45.0333,0.882468812,11.563,52.0222,0.900831734,12.02553867
160,46.3483,0.854689564,11.75765867,51.3596,0.897160883,11.72175733
161,48.022,0.877537656,12.86686667,50.4066,0.877642537,11.81878133
162,46.1667,0.877300614,12.183464,51.5667,0.90157251,12.214192
163,45.8667,0.858858859,12.51220533,51.0667,0.902411022,12.29685333
164,45.9444,0.87144623,12.59281333,51.1444,0.889957907,12.15990933
165,46.1444,0.856608479,12.52214133,50.7391,0.873703478,13.17776
166,45.8889,0.875,13.07462133,52.1798,0.886322188,12.85974133
167,45.9556,0.876136364,13.396712,53.9318,0.911877395,13.02976533
168,46.3556,0.847926267,13.52024533,54.8043,0.912493121,13.830512
169,46.8667,0.857475276,13.817024,53.978,0.891032917,13.43690933
170,47.0337,0.867420349,13.68031733,52.9886,0.878695209,12.32835733
171,49.0659,0.874511991,14.71354933,51.3111,0.908008658,12.75571733
172,46.6044,0.904205608,13.78270933,51.0667,0.910857143,12.77668533
173,46.5333,0.827244582,13.55640267,54.0222,0.834017595,12.690848
174,46.8667,0.825766871,13.77984,54.2444,0.845508982,12.757192
175,46.9,0.827629911,13.95783467,53.1,0.867995019,12.768816
176,46.0556,0.843559978,13.71110933,51.7889,0.886620097,13.20862667
177,46.9333,0.85535248,13.806976,58.3,0.878757515,13.811744
178,47.0333,0.865060241,13.829224,56.1889,0.874853801,13.29566133
179,46.3556,0.864898211,13.70288533,54.7667,0.888358209,12.965088
180,47.5056,0.845002992,13.54547733,52.0333,0.846420323,12.637808
181,49.1522,0.888231816,14.92040533,52.1,0.888382688,12.75852
182,46.3333,0.844267727,13.514088,52.3222,0.880606444,12.80209067
183,46.2889,0.866152768,13.68957067,51.3111,0.886639676,12.596856
184,46.3222,0.852525253,13.85686933,52.6444,0.8828125,12.555352
185,46.7444,0.846446701,13.846024,51.2809,0.910216718,12.447008
186,46.7753,0.880886427,13.478232,52.8222,0.916275955,12.29092
187,45.9889,0.858099063,13.54992533,53.6667,0.867875648,12.76615467
188,46.6222,0.817039106,13.41288533,55.6111,0.861863847,12.66679467
189,46.2778,0.837662338,13.177392,54.4111,0.89059501,12.552984
190,46.2841,0.856562923,13.140672,51.5111,0.857877814,12.137
191,49.0323,0.852830189,14.591424,51.4505,0.873873874,12.52365067
192,46.4,0.84496124,12.88198667,52.6889,0.895799236,12.18037867
193,46.0899,0.806004619,12.91056,52.3778,0.893271462,12.34693867
194,46.1222,0.831139096,12.910208,51.8444,0.885361552,12.39982933
195,45.6629,0.826285714,12.92082933,53.1348,0.883131837,11.9998
196,46.1099,0.85884455,13.349216,50.8681,0.910938434,12.981024
197,45.4222,0.850718301,13.39648533,53.1111,0.878655881,12.41599467
198,46.0659,0.806671721,13.29910133,51.5,0.848351648,12.36720267
199,46.2921,0.865177833,13.39824,50.9773,0.859594384,11.55562933
200,47.0562,0.87431694,12.73193067,51.6413,0.885159011,12.09012267
201,47.7033,0.893280632,13.26643733,50.4556,0.91048202,11.728872
202,45.7143,0.846921797,12.6236,51.2584,0.882123341,11.666576
203,45.5055,0.848920863,11.76837867,50.0769,0.853195164,12.198064
204,44.9318,0.898431049,11.03785333,52.1111,0.934306569,11.99961067
205,207.551,0.825862069,7.178648,103.029,0.851098454,9.192562667
206,320.524,0.864864865,7.268754667,457.439,0.88503937,7.14188
207,233.905,0.830508475,7.13732,816.318,0.88923802,6.933589333
208,87.6548,0.829085457,7.043165333,622.34,0.906144497,7.687693333
209,153,0.855363322,7.133525333,341.365,0.900831734,6.016285333
210,82.3976,0.846256685,5.979029333,669.035,0.881733746,7.760872
211,257.767,0.856956238,7.400482667,1100.53,0.842420611,7.404525333
212,348.17,0.849590938,6.93944,1037.7,0.885630499,6.688877333
213,155.606,0.848894349,7.325701333,1234.04,0.897510133,7.107170667
214,302.014,0.850560399,7.030461333,711.157,0.868374032,4.547088
215,337.56,0.829545455,7.132397333,290.636,0.836212031,3.372504
216,234.584,0.868020305,7.223133333,332.571,0.796875,3.476746667
217,460.348,0.849012776,7.263658667,450.064,0.712230216,3.610069333
218,562.969,0.835008871,6.841549333,155.986,0.741784038,4.125352
219,514.179,0.838516746,7.416341333,316.838,0.792844778,5.61884
220,769.938,0.833972603,7.041386667,503.952,0.834894037,5.800562667
221,916.411,0.872989462,7.090677333,960.731,0.873859367,6.632218667
222,1006.84,0.913043478,7.322645333,1156.13,0.897583429,7.027330667
223,1205.85,0.815104167,7.179992,1342.12,0.827912478,7.633752
224,1449.83,0.795783926,7.104826667,815.673,0.80806846,4.872074667
225,1478.34,0.841352406,7.149064,650.065,0.79245283,3.548941333
226,1563.7,0.848449386,7.149109333,51.2135,0.773255814,1.142466667
227,1647.08,0.856084656,7.156781333,55.7816,0.800214248,2.559557333
228,1541.88,0.876459742,7.311874667,155.12,0.803357314,4.006645333
229,1569.25,0.849656893,7.247589333,258.233,0.81184454,6.254042667
230,1634.78,0.81727159,6.998429333,560.167,0.787640449,7.645192
231,1537.09,0.852976914,7.160965333,1004.75,0.830254042,7.088154667
232,1650.54,0.823050848,7.069794667,827.487,0.883396705,6.360656
233,1753.93,0.837508948,7.317656,852.14,0.868493151,4.949261333
234,1646.98,0.818559557,7.148829333,465.633,0.838709677,4.585784
235,1641.61,0.861558274,7.02028,148.234,0.896636086,3.82004
236,1594.47,0.890277778,7.368637333,363.746,0.787188612,5.494218667
237,1575.29,0.852638794,7.085168,597.694,0.735334243,6.200245333
238,1487.78,0.834612701,7.1258,901.477,0.761968085,6.677725333
239,1403.99,0.842312746,7.377930667,1059.83,0.804625685,7.489946667
240,1523.06,0.784,7.180538667,671.331,0.775612822,4.491266667
241,1549.15,0.825503356,6.836632,290.162,0.84469697,2.817882667
242,1404.93,0.841743119,7.482917333,484.131,0.88128106,3.831914667
243,1504.95,0.818501171,6.96732,503.854,0.890046296,3.55728
244,1305.94,0.84043849,7.211856,195.194,0.867724868,4.723696
245,1367.73,0.827160494,7.277381333,346.303,0.744759556,5.563429333
246,1502.83,0.83703234,7.085261333,585.955,0.756790124,5.853098667
247,1325.36,0.827357238,7.231224,714.345,0.756521739,5.805410667
248,1388.58,0.783281734,7.089645333,670.78,0.727015559,5.127624
249,1471.13,0.815533981,7.038237333,635.124,0.821834723,6.254208
250,1330.81,0.853974122,7.417957333,484.833,0.864628821,4.851557333
251,1472.05,0.834810637,7.086586667,518.848,0.894223556,4.907322667
252,1447.26,0.808798646,7.018298667,473.137,0.882123341,5.107661333
253,1365.56,0.811753903,7.425413333,397.5,0.825610784,6.825357333
254,1478.99,0.839111111,6.951090667,682.017,0.901521217,7.403944
255,1394.05,0.788213628,7.201173333,1118.95,0.853112033,7.393794667
256,1315.11,0.864864865,7.185488,1291.31,0.88503937,6.574184
257,1321.34,0.836734694,7.143704,1154,0.853950519,7.34144
258,1243.26,0.82664648,7.219805333,780.343,0.881735479,6.259845333
259,1109.69,0.858912595,7.228704,717.37,0.88630491,5.099576
260,1236.41,0.847811888,7.1312,247.122,0.780332056,3.132842667
261,1481.19,0.830829523,7.006010667,404.852,0.764089122,3.824250667
262,1468.93,0.851596744,7.130864,523.382,0.833430742,5.830682667
263,1413.28,0.8436542,7.400482667,793.887,0.828115771,4.955562667
264,1425.17,0.860935525,6.918573333,375.306,0.873035067,5.342112
265,1224.06,0.84871312,7.444365333,577.664,0.847087379,5.103466667
266,1311.92,0.859137056,7.112818667,289.275,0.877044216,3.874098667
267,1377.5,0.847262248,7.142104,593.049,0.852553069,4.755610667
268,1346.77,0.855829983,7.194826667,593.36,0.74091442,5.544922667
269,1439.72,0.841055719,7.277202667,777.2,0.786452354,7.628093333
270,1486.8,0.824561404,6.913845333,721.436,0.82322975,6.021261333
271,1390.61,0.871937639,7.242245333,685.353,0.872707659,4.064450667
272,1582.03,0.896913221,6.779842667,514.227,0.874855156,3.402448
273,1659.97,0.810572687,7.702034667,378.603,0.836171462,2.569986667
274,1638.38,0.796052632,7.101946667,99.7805,0.808877929,3.440064
275,1637.52,0.841342989,6.949682667,199.333,0.756129032,4.714906667
276,1566.98,0.846962617,7.437696,386.983,0.776811594,4.92012
277,1622.68,0.855932203,6.892890667,820.016,0.794926004,8.041477333
278,1534.74,0.87031346,7.224578667,920.822,0.836561743,6.713178667
279,1463.28,0.847265871,7.110269333,857.114,0.836912362,4.674496
280,1448.81,0.817554859,7.385928,652.071,0.817080208,4.254064
281,1529.01,0.862238622,7.118234667,372.214,0.879490151,2.220746667
282,1631.06,0.808,7.009106667,75.0602,0.867830424,2.717085333
283,1668.87,0.841954023,7.210848,154.355,0.673455533,4.108650667
284,1617.18,0.837762238,7.309149333,356.045,0.72044335,5.745133333
285,1575.17,0.86521181,7.250954667,653.211,0.806927518,7.179314667
286,1690.53,0.889506602,6.947098667,985.393,0.840522876,7.314189333
287,1661.69,0.848275862,7.302674667,1107.74,0.847757423,7.327928
288,1568.11,0.839662447,7.108442667,1156.21,0.81748072,6.426706667
289,1536.22,0.844850065,7.098114667,750.85,0.875242405,6.619581333
290,1465.93,0.786127168,7.233130667,732.067,0.834196891,5.368122667
291,1542.33,0.820095044,7.2292,375.165,0.758577667,5.600805333
292,1600.17,0.838412881,7.352250667,561.431,0.831600832,5.393090667
293,1534.8,0.824705882,6.968512,597.646,0.843243243,4.407157333
294,1550.86,0.853103872,7.108848,526.286,0.867413082,4.367277333
295,1570.53,0.826815643,7.218576,668.338,0.883131837,5.316149333
296,1393.49,0.841703751,7.287218667,645.551,0.896551724,4.442338667
297,1448.43,0.81462141,7.163850667,472.577,0.845579079,4.468144
298,1546.76,0.78369906,6.835725333,540.889,0.747650036,4.65572
299,1389.75,0.810248199,7.428552,587.075,0.776831346,5.599402667
300,1476.93,0.851376147,7.056130667,738.587,0.825932504,7.197794667
301,1474.95,0.846029173,7.1944,1061.01,0.782417582,7.350797333
302,1364.56,0.798312236,7.353213333,885.819,0.823444284,6.348461333
303,1434.66,0.8,7.003904,716.219,0.824935952,5.110717333
304,1240.03,0.859894921,7.295509333,702.109,0.914805625,4.439861333
305,1244.49,0.848689772,7.210576,46.6813,0.851273624,1.098493333
306,1480.07,0.851666667,7.119616,87.439,0.871205907,2.496952
307,1805.86,0.830508475,7.112109333,137.222,0.813069909,4.105282667
308,1665.4,0.824495893,7.060266667,287.339,0.777856636,4.715026667
309,1476.09,0.855955679,7.32064,593.043,0.828981723,8.003149333
310,1479.36,0.842733908,7.079394667,834.448,0.833962264,7.251656
311,1264.29,0.850980392,6.880002667,995.333,0.842420611,7.092488
312,1301.66,0.868405094,7.565752,1366.24,0.883829539,6.993709333
313,1325.32,0.850490196,7.08816,837.006,0.893789901,5.348741333
314,1595.33,0.859671302,7.299282667,603.112,0.886363636,2.840901333
315,1799.24,0.841239722,7.037549333,342.709,0.791970803,2.928186667
316,1680.84,0.856782334,7.327810667,335.023,0.792945787,3.191112
317,1631.2,0.84216657,6.971077333,129.348,0.757410768,3.516997333
318,1507.47,0.839667458,7.374426667,350.914,0.781212842,6.315624
319,1527.19,0.8424821,6.975136,659.603,0.814730878,7.951533333
320,1480.47,0.813596491,7.267149333,1121.9,0.843503937,6.680338667
321,1553.3,0.876727474,7.090088,1239.82,0.869239014,6.617688
322,1560.67,0.90052356,6.845378667,806.688,0.906590258,5.974989333
323,1574.71,0.808402292,7.543485333,889.013,0.787128713,5.201669333
324,1669.36,0.796576695,7.225072,846.085,0.751507033,4.972557333
325,1636.22,0.827586207,7.158458667,424.978,0.753196931,3.42912
326,1554.47,0.844756883,7.045677333,472.879,0.79977182,4.806826667
327,1592.25,0.856991525,7.324912,598.927,0.802265706,5.267872
328,1507.04,0.86993865,7.045133333,307.264,0.823129252,4.682922667
329,1509.85,0.849401386,7.124928,670.221,0.845373134,4.57056
330,1449.43,0.813159528,7.292989333,192.169,0.837821664,3.962037333
331,1560.53,0.862068966,7.149277333,359.414,0.867276888,4.186464
332,1654.46,0.829135466,6.476096,419.35,0.735936466,4.56756
333,1610.71,0.845272206,7.767722667,243.493,0.689470154,3.803866667
334,1665.47,0.832515767,7.285653333,519.417,0.737777778,7.395328
335,1650.34,0.854744997,7.205386667,576.075,0.825641026,6.111314667
336,1603.03,0.889200561,7.177157333,565.379,0.891260841,5.531128
337,1575.07,0.844720497,7.057333333,884.016,0.845953003,4.702672
338,1517.52,0.847977685,7.185338667,1180.7,0.854264607,7.926362667
339,1512.83,0.842592593,7.096901333,868.765,0.860228717,6.282253333
340,1508.47,0.792534099,7.418965333,223.853,0.803499327,2.960741333
341,1498.79,0.8245497,7.093589333,445.536,0.759096612,3.062704
342,1544.84,0.840778923,6.724096,452.776,0.803252033,3.965954667
343,1529.65,0.833333333,7.523157333,449.025,0.781464531,4.107904
344,1497.33,0.842883549,7.196189333,275.653,0.789115646,5.448274667
345,1348.87,0.822580645,7.183621333,453.449,0.806020067,5.733029333
346,1364.12,0.838300571,7.194237333,702.614,0.854390935,5.289357333
347,1511.52,0.81462141,7.155317333,833.169,0.856070088,6.408546667
348,1371.9,0.783018868,7.201408,218.351,0.848351648,2.996989333
349,1418.33,0.821829856,7.023245333,264.885,0.818330606,3.243298667
350,1480.43,0.851376147,7.100016,391.841,0.754966887,3.699464
351,1399.85,0.852965069,6.995706667,668.802,0.780715397,4.948453333
352,1460.88,0.80235492,7.54168,753.41,0.754047803,6.702136
353,1448.49,0.798457088,7.07276,669.291,0.789699571,6.544914667
354,1296.96,0.858143608,7.215016,506.641,0.901116427,4.707189333
355,1366.64,0.792943361,7.22336,865.242,0.850957535,5.180944
356,1480.35,0.858603066,7.016954667,440.33,0.88503937,3.896381333
357,1456.97,0.841402337,7.204528,491.153,0.892913386,4.754002667
358,1445.99,0.899653979,7.350645333,689.942,0.80565371,5.058376
359,1494.83,0.859685147,7.035904,202.781,0.836454432,3.685101333
360,1627.29,0.842733908,7.342024,341.114,0.798679868,4.864594667
361,1564.46,0.85620915,7.048637333,439.809,0.830188679,4.812757333
362,1523.84,0.852130326,7.119928,313.829,0.877412032,4.348021333
363,1534.99,0.844636252,7.177325333,553.519,0.870220162,6.261962667
364,1383.34,0.850560399,7.122026667,516.519,0.870042709,5.852738667
365,1370.38,0.837617555,7.255112,891.667,0.87030303,8.117570667
366,1346.07,0.856782334,6.985338667,1178.13,0.848520023,6.992077333
367,1373,0.853672643,7.262730667,1216.21,0.870164282,7.395074667
368,1449.23,0.845882353,7.149101333,457.94,0.886498117,2.812418667
369,1486.18,0.837485172,7.038312,174.329,0.873629544,3.470426667
370,1505.04,0.82487725,7.255752,213.037,0.810230179,4.160421333
371,1480.82,0.872646733,7.327069333,349.814,0.863930886,4.524962667
372,1529.21,0.903112155,6.720232,850.111,0.859770115,7.200573333
373,1669.57,0.81414791,7.408173333,916.931,0.832246592,7.283381333
374,1635.34,0.792922674,7.183304,1220.09,0.832844575,7.241456
375,1576.75,0.827218145,7.367946667,1117.36,0.829239065,6.942184
376,1534.48,0.847813411,7.207042667,815.201,0.853957637,4.428565333
377,1530.86,0.863370548,7.098592,388.038,0.861755802,3.959485333
378,1506.9,0.867647059,6.884701333,749.905,0.799001248,4.568629333
379,1438.68,0.847328244,7.341648,221.574,0.798969072,4.266741333
380,1481.92,0.814861461,7.238445333,251.565,0.733910891,4.552330667
381,1545.46,0.85940353,7.004896,492.189,0.784596871,6.086584
382,1540.35,0.817146685,6.961304,510.748,0.794060684,4.431317333
383,1592.71,0.841954023,7.454421333,474.014,0.822006473,5.351821333
384,1524.9,0.816920943,7.052154667,761.48,0.861820563,5.043576
385,1736.21,0.866666667,4.590288,804.068,0.902948403,4.727773333
386,1976.97,0.896167247,4.780618667,986.195,0.908339077,4.157312
387,2235.79,0.840440165,4.948781333,702.746,0.849385908,3.690866667
388,2640.3,0.841004184,4.747226667,1078.97,0.693905817,4.178677333
389,2829.82,0.842592593,4.657597333,963.677,0.761220826,4.219141333
390,3021.25,0.784,4.895794667,1056.12,0.752488388,3.768586667
391,3231.57,0.820095044,4.867349333,573.687,0.76466877,3.985373333
392,3400.75,0.840778923,4.487386667,779.357,0.831600832,3.505112
393,3562.54,0.824705882,4.944904,1050.61,0.843243243,3.783074667
394,3757.17,0.842883549,4.689229333,698,0.867724868,3.432754667
395,4019.88,0.831781502,4.905413333,1322.9,0.844496214,4.111474667
396,4185.11,0.846153846,4.658642667,593.711,0.912751678,2.633488
397,4327.15,0.81462141,4.848378667,428.726,0.704960836,2.626432
398,4488.32,0.784222738,4.830573333,872.579,0.747650036,3.96868
399,4612.27,0.814159292,4.688704,276.691,0.775405636,2.642394667
400,4785.88,0.851376147,4.925253333,530.55,0.825932504,3.865941333
401,4936.68,0.834810637,4.750549333,754.943,0.782417582,3.49108
402,5110.39,0.803030303,4.617565333,996.799,0.823444284,3.264002667
403,5280.76,0.8,4.94092,632.517,0.826825127,3.752810667
404,5444.91,0.841441441,4.484282667,840.671,0.914805625,3.236632
405,5634.69,0.782205746,5.06256,275.776,0.813397129,2.358341333
406,5818.8,0.847918437,4.772333333,601.857,0.794851167,3.439362667
407,6024.14,0.830508475,4.701504,859.381,0.810318665,3.493570667
408,6180.97,0.818668707,4.617133333,406.611,0.793079585,3.127133333
409,6308.01,0.848990953,5.062424,679.561,0.838254172,3.823768
410,6436.17,0.842733908,4.668584,1103.63,0.840273462,4.565328
411,6600.62,0.830829523,4.864162667,1093.49,0.852703543,3.899376
412,6721.09,0.851875397,4.595856,781.844,0.904061213,2.380298667
413,6856.85,0.844636252,4.874298667,359.763,0.85928489,3.034693333
414,6983.93,0.859671302,4.935117333,407.176,0.787839586,2.899549333
415,7115.41,0.830283912,4.602173333,735.855,0.719790986,3.092296
416,7227.78,0.856782334,4.799274667,390.803,0.776803776,3.564693333
417,7327.32,0.840630473,4.586637333,512,0.781267847,3.245093333
418,7511.69,0.835008871,4.99728,791.12,0.824427481,4.091037333
419,7683.08,0.841055719,4.811914667,1195.52,0.824591089,4.810224
420,7779.99,0.813596491,4.793464,1017.06,0.861068702,3.081962667
421,7900.69,0.872989462,4.695682667,287.356,0.852791878,3.219629333
422,8010.56,0.896913221,4.693530667,422.296,0.822561692,2.784682667
423,8129.64,0.81414791,4.714424,1388.79,0.718922229,4.829781333
424,8269.53,0.796052632,4.699136,547.97,0.749672346,3.033842667
425,8448.87,0.826435247,5.113453333,642.254,0.786346397,3.950661333
426,8652.58,0.844807468,4.769853333,975.406,0.790595954,3.227568
427,8848.94,0.856991525,4.772976,371.4,0.827045566,2.803565333
428,9059.91,0.867647059,4.459613333,914.036,0.84565346,3.54228
429,9266.5,0.849656893,4.885570667,264.462,0.865026995,3.203738667
430,9563.92,0.814861461,5.081546667,376.45,0.713085234,3.575773333
431,9844.4,0.862068966,4.550968,698.595,0.761670762,3.676592
432,10086.1,0.823050848,4.743061333,1012.4,0.780039396,4.290112
433,10291.1,0.841954023,4.798773333,695.304,0.786469345,3.884610667
434,10485,0.820833333,4.734944,1111.23,0.826415094,3.721488
435,10689.1,0.854744997,4.846712,824.203,0.895249696,2.737296
436,10896.5,0.889506602,4.792029333,112.547,0.908850727,2.062221333
437,11096,0.840440165,4.728994667,196.333,0.725530459,2.483866667
438,11285.4,0.835549335,4.729586667,346.181,0.689702833,3.517365333
439,11489.3,0.842592593,4.782253333,701.943,0.755236385,3.347845333
440,11693.6,0.784,4.870810667,1108.57,0.763491006,5.638669333
441,11918.7,0.820095044,4.831237333,1837.65,0.758276078,5.324154667
442,12163.4,0.840778923,4.398530667,1014.88,0.839211618,4.008770667
443,12464.8,0.824705882,4.950762667,804.007,0.849360756,2.741765333
444,12640.1,0.842883549,7.451952,651.566,0.883086053,1.619602667
445,10862.6,0.831781502,23.94098667,80.3152,0.786182251,4.230626667
446,7777.44,0.846153846,23.74335733,48.022,0.754950495,6.487282667
447,4671.02,0.81462141,24.04734133,52.1778,0.704960836,8.986042667
448,1701,0.782745098,24.042664,53.9101,0.731601732,11.38373067
449,133.517,0.817082998,15.46060533,51.4615,0.771902131,11.68866933
450,45.9121,0.87431694,12.960992,55.6092,0.810631229,11.61391467
451,46.7253,0.893280632,13.35763467,52.0909,0.879038317,11.71755733
452,45.1573,0.846921797,12.107936,55.6739,0.846645367,12.25366933
453,45.3111,0.848920863,11.55072533,52.5843,0.853195164,11.89457867
454,44.9444,0.898431049,11.24674933,53.1236,0.934306569,11.636984
455,44.5444,0.858784893,11.162688,51.8667,0.851098454,11.622264
456,45.0444,0.877850163,11.09694667,50.7444,0.88503937,11.60539467
457,44.7253,0.873239437,11.18344267,52.4713,0.88923802,11.77538667
458,45.4045,0.899653979,11.23634933,52.7174,0.906144497,12.29757333
459,45.0889,0.882468812,11.649224,50.7778,0.900831734,11.59583467
460,46.3333,0.854689564,12.20486133,54.6023,0.897160883,11.86550133
461,46.8,0.877537656,12.51372533,51.1111,0.877642537,11.648824
462,45.8889,0.877300614,12.26751467,51.6023,0.90157251,11.95652
463,45.5222,0.858858859,12.549152,51.3516,0.902411022,12.37725867
464,44.7556,0.87144623,12.57415733,50.6778,0.889957907,12.39309067
465,45.0778,0.856608479,12.646872,50.4556,0.873703478,12.54349067
466,45.4667,0.875,13.147128,50.7955,0.886322188,12.49026667
467,45.5333,0.876136364,13.43408,53.0341,0.911877395,12.81701067
468,45.6333,0.847926267,13.61018933,53.3261,0.912493121,13.816744
469,46.1667,0.857475276,13.80988,53.2556,0.891032917,12.910848
470,47.5889,0.867420349,14.03857067,52.4713,0.878695209,12.31636267
471,47.7889,0.874511991,14.324272,52.5376,0.908008658,13.744256
472,45.5333,0.904205608,13.61781333,50.9111,0.910857143,12.85378133
473,45.5222,0.827244582,13.574992,51.2921,0.834017595,12.63736
474,46.6111,0.825766871,13.84452533,52.0444,0.845508982,12.76613867
475,45.9663,0.827629911,13.74014133,50.8778,0.867995019,13.02384533
476,46.1778,0.843559978,13.73722133,50.8556,0.886620097,13.17049867
477,46.3778,0.85535248,13.81071733,54.4773,0.878757515,12.874696
478,46.2889,0.865060241,13.80079467,54.5,0.874853801,13.022016
479,46.0222,0.864898211,13.64961333,52.0111,0.888358209,12.86809067
480,47.0769,0.845002992,14.188224,51.0111,0.846420323,12.995752
481,47.7978,0.888231816,14.132456,52.2111,0.888382688,13.14524267
482,45.8778,0.844267727,13.576624,51.1222,0.880606444,12.59529867
483,45.8352,0.866152768,13.86766667,51.7333,0.886639676,12.573104
484,45.6517,0.852525253,13.72842133,52.7444,0.8828125,12.61320267
485,46.1429,0.846446701,13.940376,51.9,0.910216718,12.44985333
486,45.7889,0.880886427,13.611088,51.4667,0.916275955,12.37763467
487,45.5556,0.858099063,13.538864,52.7191,0.867875648,12.74682667
488,46.0667,0.817039106,13.31318133,53.0652,0.861863847,13.09060267
489,45.7444,0.837662338,13.24228533,49.7556,0.89059501,12.15874667
490,46.8352,0.856562923,13.84453067,51.3,0.857877814,12.22782933
491,47.1222,0.852830189,13.75694933,52.6222,0.873873874,12.586544
492,44.9663,0.84496124,12.80292267,50.4333,0.895799236,12.23332
493,45.0111,0.806004619,12.99155467,51.236,0.893271462,12.35165067
494,45.4111,0.831139096,12.95333333,50.8132,0.885361552,12.25909333
495,45.7889,0.826285714,13.10503733,50.7333,0.883131837,12.481448
496,45.5333,0.85884455,13.23943467,51.5778,0.910938434,12.31226933
497,45.2111,0.850718301,13.32979467,51.0682,0.878655881,11.94763733
498,45.9222,0.806671721,13.29102133,52.2717,0.848351648,12.792056
499,45.4,0.865177833,13.22301867,50.0659,0.859594384,11.999192
500,47.0111,0.87431694,12.87282667,49.9778,0.885159011,11.704624
501,46.3667,0.893280632,13.17446933,50.2889,0.91048202,12.37654667
502,44.6222,0.846921797,12.242072,49.5667,0.882123341,11.98998667
503,44.4889,0.848920863,11.56434933,50.3444,0.853195164,11.93024533
504,45.0444,0.898431049,11.244112,50.2556,0.934306569,11.784472
505,44.5111,0.858784893,11.16106933,50.9444,0.851098454,11.70056267
506,44.8333,0.877850163,11.09881333,49.1667,0.88503937,11.64600533
507,44.8333,0.873239437,11.06971733,51.4535,0.88923802,11.33286133
508,45.4556,0.899653979,11.35113067,51.7391,0.906144497,12.41702667
509,45.1111,0.882468812,11.64919467,49.2111,0.900831734,11.519752
510,46.3407,0.854689564,12.33454667,50.2727,0.897160883,11.247128
511,46.4719,0.877537656,12.38774667,55.6444,0.877642537,12.222688
512,45.2333,0.877300614,12.26646933,49.9778,0.90157251,11.93854133
513,44.7889,0.858858859,12.54578933,50.3444,0.902411022,12.34199733
514,44.8556,0.87144623,12.57564,49.5444,0.889957907,12.42157067
515,45.5111,0.856608479,12.648232,49.6889,0.873703478,12.50496267
516,45.6333,0.875,13.14854667,50.7778,0.886322188,12.81959733
517,45.2333,0.876136364,13.44162667,54.2333,0.911877395,13.313416
518,45.9556,0.847926267,13.59851733,52.7222,0.912493121,13.33963733
519,46.1,0.857475276,13.79607733,52.7111,0.891032917,12.85814667
520,46.9444,0.867420349,14.06659733,52.4382,0.878695209,12.81198667
521,47.5556,0.874511991,14.33123467,52.9444,0.908008658,13.25072267
522,45.8315,0.904205608,13.442952,52.0556,0.910857143,12.83596533
523,45.9556,0.827244582,13.58838667,51.2556,0.834017595,12.69534933
524,45.4505,0.825766871,13.98304533,50.1,0.845508982,12.76334933
525,46.0444,0.827629911,13.89348,50.2889,0.867995019,13.01779467
526,46,0.843559978,13.58987733,50.3333,0.886620097,13.16573067
527,45.6778,0.85535248,13.806952,54.6333,0.878757515,13.34258133
528,45.4667,0.865060241,13.81149867,54.3667,0.874853801,13.000896
529,45.6484,0.864898211,13.810416,51.5889,0.888358209,12.884392
530,47.8333,0.845002992,14.012688,50.7,0.846420323,13.00553333
531,46.9222,0.888231816,14.28874133,52.8556,0.888382688,13.16829067
532,45.7444,0.844267727,13.56892267,51.2222,0.880606444,12.585224
533,45.4778,0.866152768,13.74456,51.7841,0.886639676,12.16546133
534,45.3667,0.852525253,13.86172267,52.4444,0.8828125,12.594992
535,45.7444,0.846446701,13.78049867,51.7391,0.910216718,12.92701067
536,46.0222,0.880886427,13.63202933,51.2273,0.916275955,11.93464
537,45.6629,0.858099063,13.3564,52.8696,0.867875648,13.26653867
538,45.7667,0.817039106,13.34479733,52.8333,0.861863847,12.65094667
539,45.967,0.837662338,13.38649867,49.9889,0.89059501,12.15043467
540,45.7528,0.856562923,13.53942667,51.4556,0.857877814,12.22542667
541,47.1111,0.852830189,13.75916533,52.9222,0.873873874,12.61409067
542,45.1758,0.84496124,13.09677867,50.3778,0.895799236,12.22329867
543,45.1222,0.806004619,12.99419467,50.6333,0.893271462,12.342088
544,45.0667,0.831139096,12.95746933,51.8,0.885361552,12.28123467
545,45.5,0.826285714,13.09669067,49.2308,0.883131837,12.43656
546,45.382,0.85884455,13.109816,51.4368,0.910938434,11.86744
547,45.4066,0.850718301,13.46042667,51.5484,0.878655881,12.86590133
548,45.5889,0.806671721,13.28522667,51.4432,0.848351648,12.27525067
549,45.3596,0.865177833,13.092552,50.2333,0.859594384,12.04381333
550,47.011,0.87431694,13.02081333,50.1333,0.885159011,11.79213067
551,46.236,0.893280632,12.98429867,49.8571,0.91048202,12.27855733
552,45.0778,0.846921797,12.29889867,50.0111,0.882123341,12.09156267
553,44.5934,0.848920863,11.68774667,50.0562,0.853195164,11.78617333
554,43.5889,0.898431049,11.246264,50.2308,0.934306569,11.839536
555,44.2967,0.858784893,11.28045333,49.4222,0.851098454,11.72590133
556,44.4157,0.877850163,10.97075467,49.3218,0.88503937,11.163896
557,43.7473,0.873239437,11.21452533,51.3656,0.88923802,12.615296
558,45,0.899653979,11.21933867,51.4778,0.906144497,12.06074667
559,44.3889,0.882468812,11.64230133,48.9778,0.900831734,11.480008
560,45.6222,0.854689564,12.21836267,49.4889,0.897160883,11.702432
561,46.4333,0.877537656,12.50877333,52.1333,0.877642537,12.229512
562,46.0556,0.877300614,12.271016,48.9222,0.90157251,11.95804
563,45.1667,0.858858859,12.53975733,50.0889,0.902411022,12.320264
564,44.8222,0.87144623,12.570016,48.6932,0.889957907,12.05350133
565,45.5,0.856608479,12.67178667,49.7111,0.873703478,12.508952
566,45.1333,0.875,13.13311733,51.6222,0.886322188,13.295872
567,45.5889,0.876136364,13.44561867,51.5,0.911877395,12.77164533
568,45.8889,0.847926267,13.59369333,52.5333,0.912493121,13.346104
569,46.3333,0.857475276,13.80368,52.1,0.891032917,12.842912
570,47.2778,0.867420349,14.07512267,52.3,0.878695209,12.809176
571,47.6556,0.874511991,14.31506933,52.5111,0.908008658,13.21993867
572,46.2778,0.904205608,13.5882,51.9556,0.910857143,12.83619467
573,45.8889,0.827244582,13.59548,51.2111,0.834017595,12.754496
574,46.1667,0.825766871,13.82613067,51.2667,0.845508982,12.75802133
575,46.1,0.827629911,13.89348,50.6854,0.867995019,13.02229067
576,45.4889,0.843559978,13.74750667,52.1667,0.886620097,13.726768
577,46.2222,0.85535248,13.800296,52.6484,0.878757515,13.152704
578,46.4111,0.865060241,13.80278133,53.7444,0.874853801,13.022136
579,45.9444,0.864898211,13.669264,51.0562,0.888358209,12.43545333
580,47.8539,0.845002992,13.856264,50.0659,0.846420323,13.429928
581,47.4556,0.888231816,14.29169333,52.4778,0.888382688,13.18565067
582,45.1667,0.844267727,13.57496533,50.7889,0.880606444,12.57896
583,45.1667,0.866152768,13.73786933,51.3222,0.886639676,12.57724
584,46.2111,0.852525253,13.862576,51.5556,0.8828125,12.56411467
585,45.6222,0.846446701,13.76559467,51.5,0.910216718,12.07241333
586,45.7111,0.880886427,13.645368,53.6742,0.916275955,12.56596267
587,45.4889,0.858099063,13.50946133,50.6044,0.867875648,12.613968
588,45.7222,0.817039106,13.33389067,52.7222,0.861863847,12.69451467
589,45.3,0.837662338,13.24944267,49.8667,0.89059501,12.14741333
590,46.8333,0.856562923,13.68646133,51.1778,0.857877814,12.22254133
591,47.0556,0.852830189,13.76033867,52.4505,0.873873874,12.62244533
592,45.6444,0.84496124,12.95349867,49.8667,0.895799236,12.24257333
593,45.1111,0.806004619,12.99075467,51.0667,0.893271462,12.35057867
594,44.8,0.831139096,12.95822933,50.2198,0.885361552,12.29185333
595,45.3222,0.826285714,13.09972533,50.1461,0.883131837,12.38654667
596,45.5444,0.85884455,13.24336533,52.7614,0.910938434,12.597528
597,44.9444,0.850718301,13.31869333,51.0769,0.878655881,12.12604533
598,45.2889,0.806671721,13.286432,51.7,0.848351648,12.26081067
599,45.1444,0.865177833,13.240848,50.2747,0.859594384,12.45412267
600,46.2778,0.87431694,12.887192,50.0333,0.885159011,11.46979733
601,46.5714,0.893280632,13.26136533,50.7283,0.91048202,12.55274933
602,44.3146,0.846921797,12.15134133,49.5222,0.882123341,12.25905333
603,44.8,0.848920863,11.56897867,48.5222,0.853195164,11.73311467
604,44.7222,0.898431049,11.24662933,48.8977,0.934306569,11.75410133
605,44.6556,0.858784893,11.16894667,50.044,0.851098454,11.71255733
606,44.2222,0.877850163,11.08596267,50.3596,0.88503937,11.71383467
607,44.3444,0.873239437,11.096472,49.7865,0.88923802,11.70585867
608,44.3222,0.899653979,11.33385067,52.3043,0.906144497,12.56879467
609,44.3667,0.882468812,11.64477333,48.6705,0.900831734,11.08336533
610,46.2418,0.854689564,12.34027467,49.011,0.897160883,11.683504
611,46.236,0.877537656,12.37860533,51.6333,0.877642537,12.215264
612,44.5222,0.877300614,12.26362933,49.6,0.90157251,11.98862667
613,45.2556,0.858858859,12.53885333,49.9775,0.902411022,12.309168
614,44.7778,0.87144623,12.570256,48.8022,0.889957907,12.43877867
615,45.044,0.856608479,12.81000533,49.9556,0.873703478,12.497736
616,45.4667,0.875,13.13311733,51.7889,0.886322188,13.12652267
617,45.5333,0.876136364,13.44561867,50.4886,0.911877395,12.41943733
618,45.7,0.847926267,13.59369333,52.3478,0.912493121,13.79337067
619,46.1444,0.857475276,13.80368,52.0568,0.891032917,12.368928
620,47.0444,0.867420349,14.07512267,52.1209,0.878695209,13.26740267
621,46.8989,0.874511991,14.15329067,52.6222,0.908008658,13.24317333
622,45.3407,0.904205608,13.74997867,50.2111,0.910857143,12.85805333
623,45.5889,0.827244582,13.59548,50.4111,0.834017595,12.76650667
624,45.4111,0.825766871,13.82613067,51.5333,0.845508982,12.77730667
625,45.6889,0.827629911,13.89348,49.4333,0.867995019,13.02784
626,45.7111,0.843559978,13.74750667,52.7667,0.886620097,13.58921067
627,45.9444,0.85535248,13.800296,51.4659,0.878757515,12.362456
628,45.8111,0.865060241,13.80278133,53.4783,0.874853801,13.49529067
629,45.5169,0.864898211,13.50797867,51.4222,0.888358209,12.79619467
630,47.2,0.845002992,14.01754933,50.6111,0.846420323,13.02652267
631,47.2444,0.888231816,14.29169333,53.5795,0.888382688,12.81557867
632,45.8202,0.844267727,13.42634133,51.1556,0.880606444,12.595056
633,45.5618,0.866152768,13.57449867,50.9889,0.886639676,12.53304533
634,46.2308,0.852525253,14.022784,51.7889,0.8828125,12.57092533
635,45.7978,0.846446701,13.61479467,51.1778,0.910216718,12.469432
636,45.7667,0.880886427,13.64175467,52.9556,0.916275955,12.86858933
637,45.8444,0.858099063,13.51454933,49.8068,0.867875648,11.88451733
638,45.4889,0.817039106,13.33937333,52.913,0.861863847,13.145496
639,45.2778,0.837662338,13.24627467,49.8333,0.89059501,12.17412267
640,46.7222,0.856562923,13.68603467,50.3778,0.857877814,12.195632
641,47.2111,0.852830189,13.76160533,52.1889,0.873873874,12.64149067
642,45.2778,0.84496124,12.96045867,50.2333,0.895799236,12.26886933
643,44.7444,0.806004619,12.99162133,50.1685,0.893271462,12.34852533
644,47.427,0.831139096,12.80008267,50.1778,0.885361552,12.28139733
645,40.1556,0.826285714,13.10989867,121.558,0.883131837,10.69958667
646,40.7556,0.85884455,13.22846933,138.076,0.910938434,13.41573333
647,42.1444,0.850718301,13.31368533,45.3218,0.878655881,11.70245067