6.4,     50,    0, 0.6677551020408163
6.4,     50,  100, 0.6677551020408163
6.4,     50,  200, 0.6677551020408163
6.4,     50,  300, 0.6677551020408163
13.952,   6250,  500, 0.7828571428571429
6.4,     50,  400, 0.6677551020408163
646.4,   5050,    0, 0.996734693877551
6.4,     50,  500, 0.6677551020408163
6.4,     50,  600, 0.6677551020408163
6.4,     50,  700, 0.6726530612244898
966.4,   7550,    0, 0.996734693877551
9.984,   6250,  600, 0.7175510204081632
6.144,     50,  800, 0.6653061224489796
122.88,   5050,  100, 0.9346938775510204
4.864,     50,  900, 0.6081632653061224
19.2,    150,    0, 0.8595918367346939
19.2,    150,  100, 0.8595918367346939
19.2,    150,  200, 0.8595918367346939
48.768,   5050,  200, 0.8677551020408163
122.88,   7550,  100, 0.9346938775510204
7.936,   6250,  700, 0.683265306122449
19.2,    150,  300, 0.8595918367346939
19.2,    150,  400, 0.8481632653061224
13.952,    150,  500, 0.7828571428571429
29.184,   5050,  300, 0.8253061224489796
9.984,    150,  600, 0.7175510204081632
7.936,    150,  700, 0.683265306122449
6.144,   6250,  800, 0.6653061224489796
48.768,   7550,  200, 0.8677551020408163
6.144,    150,  800, 0.6653061224489796
4.864,    150,  900, 0.6081632653061224
20.096,   5050,  400, 0.8481632653061224
32,    250,    0, 0.826938775510204
32,    250,  100, 0.826938775510204
4.864,   6250,  900, 0.6081632653061224
29.184,   7550,  300, 0.8253061224489796
32,    250,  200, 0.826938775510204
13.952,   5050,  500, 0.7828571428571429
29.184,    250,  300, 0.8253061224489796
20.096,    250,  400, 0.8481632653061224
13.952,    250,  500, 0.7828571428571429
9.984,   5050,  600, 0.7175510204081632
9.984,    250,  600, 0.7175510204081632
20.096,   7550,  400, 0.8481632653061224
7.936,    250,  700, 0.683265306122449
812.8,   6350,    0, 0.996734693877551
6.144,    250,  800, 0.6653061224489796
4.864,    250,  900, 0.6081632653061224
7.936,   5050,  700, 0.683265306122449
44.8,    350,    0, 0.8702040816326531
13.952,   7550,  500, 0.7828571428571429
44.8,    350,  100, 0.8702040816326531
122.88,   6350,  100, 0.9346938775510204
6.144,   5050,  800, 0.6653061224489796
44.8,    350,  200, 0.8677551020408163
29.184,    350,  300, 0.8253061224489796
20.096,    350,  400, 0.8481632653061224
9.984,   7550,  600, 0.7175510204081632
4.864,   5050,  900, 0.6081632653061224
48.768,   6350,  200, 0.8677551020408163
13.952,    350,  500, 0.7828571428571429
9.984,    350,  600, 0.7175510204081632
7.936,    350,  700, 0.683265306122449
6.144,    350,  800, 0.6653061224489796
29.184,   6350,  300, 0.8253061224489796
7.936,   7550,  700, 0.683265306122449
4.864,    350,  900, 0.6081632653061224
659.2,   5150,    0, 0.996734693877551
57.6,    450,    0, 0.8775510204081632
57.6,    450,  100, 0.8775510204081632
20.096,   6350,  400, 0.8481632653061224
48.768,    450,  200, 0.8677551020408163
6.144,   7550,  800, 0.6653061224489796
122.88,   5150,  100, 0.9346938775510204
29.184,    450,  300, 0.8253061224489796
20.096,    450,  400, 0.8481632653061224
13.952,    450,  500, 0.7828571428571429
13.952,   6350,  500, 0.7828571428571429
48.768,   5150,  200, 0.8677551020408163
9.984,    450,  600, 0.7175510204081632
4.864,   7550,  900, 0.6081632653061224
7.936,    450,  700, 0.683265306122449
6.144,    450,  800, 0.6653061224489796
9.984,   6350,  600, 0.7175510204081632
29.184,   5150,  300, 0.8253061224489796
4.864,    450,  900, 0.6081632653061224
70.4,    550,    0, 0.8889795918367347
20.096,   5150,  400, 0.8481632653061224
70.4,    550,  100, 0.8889795918367347
7.936,   6350,  700, 0.683265306122449
48.768,    550,  200, 0.8677551020408163
29.184,    550,  300, 0.8253061224489796
979.2,   7650,    0, 0.996734693877551
13.952,   5150,  500, 0.7828571428571429
20.096,    550,  400, 0.8481632653061224
6.144,   6350,  800, 0.6653061224489796
13.952,    550,  500, 0.7828571428571429
9.984,    550,  600, 0.7175510204081632
9.984,   5150,  600, 0.7175510204081632
7.936,    550,  700, 0.683265306122449
122.88,   7650,  100, 0.9346938775510204
6.144,    550,  800, 0.6653061224489796
4.864,   6350,  900, 0.6081632653061224
4.864,    550,  900, 0.6081632653061224
7.936,   5150,  700, 0.683265306122449
83.2,    650,    0, 0.8906122448979592
83.2,    650,  100, 0.8906122448979592
48.768,   7650,  200, 0.8677551020408163
6.144,   5150,  800, 0.6653061224489796
48.768,    650,  200, 0.8677551020408163
29.184,    650,  300, 0.8253061224489796
825.6,   6450,    0, 0.996734693877551
20.096,    650,  400, 0.8481632653061224
4.864,   5150,  900, 0.6081632653061224
29.184,   7650,  300, 0.8253061224489796
13.952,    650,  500, 0.7828571428571429
9.984,    650,  600, 0.7175510204081632
122.88,   6450,  100, 0.9346938775510204
7.936,    650,  700, 0.683265306122449
6.144,    650,  800, 0.6653061224489796
20.096,   7650,  400, 0.8481632653061224
4.864,    650,  900, 0.6081632653061224
672,   5250,    0, 0.996734693877551
48.768,   6450,  200, 0.8677551020408163
96,    750,    0, 0.929795918367347
96,    750,  100, 0.9314285714285715
122.88,   5250,  100, 0.9346938775510204
48.768,    750,  200, 0.8677551020408163
13.952,   7650,  500, 0.7828571428571429
29.184,   6450,  300, 0.8253061224489796
29.184,    750,  300, 0.8253061224489796
20.096,    750,  400, 0.8481632653061224
48.768,   5250,  200, 0.8677551020408163
13.952,    750,  500, 0.7828571428571429
9.984,   7650,  600, 0.7175510204081632
20.096,   6450,  400, 0.8481632653061224
9.984,    750,  600, 0.7175510204081632
7.936,    750,  700, 0.683265306122449
29.184,   5250,  300, 0.8253061224489796
6.144,    750,  800, 0.6653061224489796
4.864,    750,  900, 0.6081632653061224
13.952,   6450,  500, 0.7828571428571429
7.936,   7650,  700, 0.683265306122449
20.096,   5250,  400, 0.8481632653061224
108.8,    850,    0, 0.9730612244897959
108.8,    850,  100, 0.9346938775510204
9.984,   6450,  600, 0.7175510204081632
48.768,    850,  200, 0.8677551020408163
6.144,   7650,  800, 0.6653061224489796
13.952,   5250,  500, 0.7828571428571429
29.184,    850,  300, 0.8253061224489796
20.096,    850,  400, 0.8481632653061224
7.936,   6450,  700, 0.683265306122449
9.984,   5250,  600, 0.7175510204081632
13.952,    850,  500, 0.7828571428571429
4.864,   7650,  900, 0.6081632653061224
9.984,    850,  600, 0.7175510204081632
7.936,    850,  700, 0.683265306122449
7.936,   5250,  700, 0.683265306122449
6.144,   6450,  800, 0.6653061224489796
6.144,    850,  800, 0.6653061224489796
4.864,    850,  900, 0.6081632653061224
6.144,   5250,  800, 0.6653061224489796
121.6,    950,    0, 0.9746938775510203
4.864,   6450,  900, 0.6081632653061224
992,   7750,    0, 0.996734693877551
121.6,    950,  100, 0.9346938775510204
4.864,   5250,  900, 0.6081632653061224
48.768,    950,  200, 0.8677551020408163
29.184,    950,  300, 0.8253061224489796
122.88,   7750,  100, 0.9346938775510204
20.096,    950,  400, 0.8481632653061224
838.4,   6550,    0, 0.996734693877551
13.952,    950,  500, 0.7828571428571429
684.8,   5350,    0, 0.996734693877551
9.984,    950,  600, 0.7175510204081632
7.936,    950,  700, 0.683265306122449
122.88,   6550,  100, 0.9346938775510204
122.88,   5350,  100, 0.9346938775510204
48.768,   7750,  200, 0.8677551020408163
6.144,    950,  800, 0.6653061224489796
4.864,    950,  900, 0.6081632653061224
48.768,   5350,  200, 0.8677551020408163
48.768,   6550,  200, 0.8677551020408163
134.4,   1050,    0, 0.9763265306122448
29.184,   7750,  300, 0.8253061224489796
122.88,   1050,  100, 0.9346938775510204
29.184,   5350,  300, 0.8253061224489796
48.768,   1050,  200, 0.8677551020408163
29.184,   6550,  300, 0.8253061224489796
29.184,   1050,  300, 0.8253061224489796
20.096,   7750,  400, 0.8481632653061224
20.096,   1050,  400, 0.8481632653061224
20.096,   5350,  400, 0.8481632653061224
13.952,   1050,  500, 0.7828571428571429
20.096,   6550,  400, 0.8481632653061224
9.984,   1050,  600, 0.7175510204081632
13.952,   5350,  500, 0.7828571428571429
7.936,   1050,  700, 0.683265306122449
13.952,   7750,  500, 0.7828571428571429
6.144,   1050,  800, 0.6653061224489796
13.952,   6550,  500, 0.7828571428571429
4.864,   1050,  900, 0.6081632653061224
9.984,   5350,  600, 0.7175510204081632
147.2,   1150,    0, 0.9795918367346939
9.984,   7750,  600, 0.7175510204081632
9.984,   6550,  600, 0.7175510204081632
122.88,   1150,  100, 0.9346938775510204
7.936,   5350,  700, 0.683265306122449
48.768,   1150,  200, 0.8677551020408163
29.184,   1150,  300, 0.8253061224489796
6.144,   5350,  800, 0.6653061224489796
7.936,   7750,  700, 0.683265306122449
7.936,   6550,  700, 0.683265306122449
20.096,   1150,  400, 0.8481632653061224
13.952,   1150,  500, 0.7828571428571429
4.864,   5350,  900, 0.6081632653061224
9.984,   1150,  600, 0.7175510204081632
6.144,   6550,  800, 0.6653061224489796
6.144,   7750,  800, 0.6653061224489796
7.936,   1150,  700, 0.683265306122449
6.144,   1150,  800, 0.6653061224489796
4.864,   1150,  900, 0.6081632653061224
4.864,   6550,  900, 0.6081632653061224
697.6,   5450,    0, 0.996734693877551
4.864,   7750,  900, 0.6081632653061224
160,   1250,    0, 0.9844897959183674
122.88,   1250,  100, 0.9346938775510204
122.88,   5450,  100, 0.9346938775510204
48.768,   1250,  200, 0.8677551020408163
29.184,   1250,  300, 0.8253061224489796
851.2,   6650,    0, 0.996734693877551
20.096,   1250,  400, 0.8481632653061224
48.768,   5450,  200, 0.8677551020408163
1004.8,   7850,    0, 0.996734693877551
13.952,   1250,  500, 0.7828571428571429
9.984,   1250,  600, 0.7175510204081632
29.184,   5450,  300, 0.8253061224489796
122.88,   6650,  100, 0.9346938775510204
7.936,   1250,  700, 0.683265306122449
6.144,   1250,  800, 0.6653061224489796
122.88,   7850,  100, 0.9346938775510204
20.096,   5450,  400, 0.8481632653061224
4.864,   1250,  900, 0.6081632653061224
48.768,   6650,  200, 0.8677551020408163
172.8,   1350,    0, 0.9836734693877551
13.952,   5450,  500, 0.7828571428571429
48.768,   7850,  200, 0.8677551020408163
122.88,   1350,  100, 0.9346938775510204
29.184,   6650,  300, 0.8253061224489796
48.768,   1350,  200, 0.8677551020408163
29.184,   1350,  300, 0.8253061224489796
9.984,   5450,  600, 0.7175510204081632
20.096,   6650,  400, 0.8481632653061224
20.096,   1350,  400, 0.8481632653061224
29.184,   7850,  300, 0.8253061224489796
13.952,   1350,  500, 0.7828571428571429
9.984,   1350,  600, 0.7175510204081632
7.936,   5450,  700, 0.683265306122449
13.952,   6650,  500, 0.7828571428571429
7.936,   1350,  700, 0.683265306122449
20.096,   7850,  400, 0.8481632653061224
6.144,   1350,  800, 0.6653061224489796
6.144,   5450,  800, 0.6653061224489796
9.984,   6650,  600, 0.7175510204081632
4.864,   1350,  900, 0.6081632653061224
185.6,   1450,    0, 0.9861224489795919
4.864,   5450,  900, 0.6081632653061224
13.952,   7850,  500, 0.7828571428571429
7.936,   6650,  700, 0.683265306122449
122.88,   1450,  100, 0.9346938775510204
48.768,   1450,  200, 0.8677551020408163
9.984,   7850,  600, 0.7175510204081632
6.144,   6650,  800, 0.6653061224489796
29.184,   1450,  300, 0.8253061224489796
710.4,   5550,    0, 0.996734693877551
20.096,   1450,  400, 0.8481632653061224
13.952,   1450,  500, 0.7828571428571429
7.936,   7850,  700, 0.683265306122449
4.864,   6650,  900, 0.6081632653061224
122.88,   5550,  100, 0.9346938775510204
9.984,   1450,  600, 0.7175510204081632
7.936,   1450,  700, 0.683265306122449
48.768,   5550,  200, 0.8677551020408163
6.144,   1450,  800, 0.6653061224489796
6.144,   7850,  800, 0.6653061224489796
4.864,   1450,  900, 0.6081632653061224
864,   6750,    0, 0.996734693877551
29.184,   5550,  300, 0.8253061224489796
198.4,   1550,    0, 0.9877551020408164
4.864,   7850,  900, 0.6081632653061224
122.88,   1550,  100, 0.9346938775510204
20.096,   5550,  400, 0.8481632653061224
122.88,   6750,  100, 0.9346938775510204
48.768,   1550,  200, 0.8677551020408163
29.184,   1550,  300, 0.8253061224489796
13.952,   5550,  500, 0.7828571428571429
48.768,   6750,  200, 0.8677551020408163
20.096,   1550,  400, 0.8481632653061224
9.984,   5550,  600, 0.7175510204081632
13.952,   1550,  500, 0.7828571428571429
1017.6,   7950,    0, 0.996734693877551
29.184,   6750,  300, 0.8253061224489796
9.984,   1550,  600, 0.7175510204081632
7.936,   5550,  700, 0.683265306122449
7.936,   1550,  700, 0.683265306122449
20.096,   6750,  400, 0.8481632653061224
122.88,   7950,  100, 0.9346938775510204
6.144,   1550,  800, 0.6653061224489796
4.864,   1550,  900, 0.6081632653061224
6.144,   5550,  800, 0.6653061224489796
211.2,   1650,    0, 0.9885714285714285
13.952,   6750,  500, 0.7828571428571429
4.864,   5550,  900, 0.6081632653061224
48.768,   7950,  200, 0.8677551020408163
122.88,   1650,  100, 0.9346938775510204
48.768,   1650,  200, 0.8677551020408163
9.984,   6750,  600, 0.7175510204081632
29.184,   1650,  300, 0.8253061224489796
29.184,   7950,  300, 0.8253061224489796
723.2,   5650,    0, 0.996734693877551
20.096,   1650,  400, 0.8481632653061224
13.952,   1650,  500, 0.7828571428571429
7.936,   6750,  700, 0.683265306122449
20.096,   7950,  400, 0.8481632653061224
9.984,   1650,  600, 0.7175510204081632
122.88,   5650,  100, 0.9346938775510204
7.936,   1650,  700, 0.683265306122449
6.144,   6750,  800, 0.6653061224489796
6.144,   1650,  800, 0.6653061224489796
48.768,   5650,  200, 0.8677551020408163
13.952,   7950,  500, 0.7828571428571429
4.864,   1650,  900, 0.6081632653061224
4.864,   6750,  900, 0.6081632653061224
29.184,   5650,  300, 0.8253061224489796
224,   1750,    0, 0.9885714285714285
122.88,   1750,  100, 0.9346938775510204
20.096,   5650,  400, 0.8481632653061224
48.768,   1750,  200, 0.8677551020408163
9.984,   7950,  600, 0.7175510204081632
876.8,   6850,    0, 0.996734693877551
29.184,   1750,  300, 0.8253061224489796
13.952,   5650,  500, 0.7828571428571429
20.096,   1750,  400, 0.8481632653061224
7.936,   7950,  700, 0.683265306122449
13.952,   1750,  500, 0.7828571428571429
122.88,   6850,  100, 0.9346938775510204
9.984,   5650,  600, 0.7175510204081632
9.984,   1750,  600, 0.7175510204081632
7.936,   1750,  700, 0.683265306122449
6.144,   7950,  800, 0.6653061224489796
7.936,   5650,  700, 0.683265306122449
6.144,   1750,  800, 0.6653061224489796
48.768,   6850,  200, 0.8677551020408163
4.864,   1750,  900, 0.6081632653061224
6.144,   5650,  800, 0.6653061224489796
236.8,   1850,    0, 0.990204081632653
4.864,   7950,  900, 0.6081632653061224
29.184,   6850,  300, 0.8253061224489796
122.88,   1850,  100, 0.9346938775510204
48.768,   1850,  200, 0.8677551020408163
4.864,   5650,  900, 0.6081632653061224
29.184,   1850,  300, 0.8253061224489796
20.096,   6850,  400, 0.8481632653061224
20.096,   1850,  400, 0.8481632653061224
1030.4,   8050,    0, 0.9975510204081632
13.952,   1850,  500, 0.7828571428571429
9.984,   1850,  600, 0.7175510204081632
13.952,   6850,  500, 0.7828571428571429
736,   5750,    0, 0.996734693877551
7.936,   1850,  700, 0.683265306122449
122.88,   8050,  100, 0.9346938775510204
6.144,   1850,  800, 0.6653061224489796
9.984,   6850,  600, 0.7175510204081632
4.864,   1850,  900, 0.6081632653061224
122.88,   5750,  100, 0.9346938775510204
48.768,   8050,  200, 0.8677551020408163
249.6,   1950,    0, 0.9910204081632653
7.936,   6850,  700, 0.683265306122449
48.768,   5750,  200, 0.8677551020408163
122.88,   1950,  100, 0.9346938775510204
29.184,   5750,  300, 0.8253061224489796
29.184,   8050,  300, 0.8253061224489796
6.144,   6850,  800, 0.6653061224489796
48.768,   1950,  200, 0.8677551020408163
29.184,   1950,  300, 0.8253061224489796
20.096,   5750,  400, 0.8481632653061224
20.096,   8050,  400, 0.8481632653061224
4.864,   6850,  900, 0.6081632653061224
20.096,   1950,  400, 0.8481632653061224
13.952,   1950,  500, 0.7828571428571429
13.952,   5750,  500, 0.7828571428571429
9.984,   1950,  600, 0.7175510204081632
13.952,   8050,  500, 0.7828571428571429
7.936,   1950,  700, 0.683265306122449
9.984,   5750,  600, 0.7175510204081632
6.144,   1950,  800, 0.6653061224489796
889.6,   6950,    0, 0.996734693877551
9.984,   8050,  600, 0.7175510204081632
4.864,   1950,  900, 0.6081632653061224
7.936,   5750,  700, 0.683265306122449
262.4,   2050,    0, 0.9910204081632653
122.88,   6950,  100, 0.9346938775510204
7.936,   8050,  700, 0.683265306122449
6.144,   5750,  800, 0.6653061224489796
122.88,   2050,  100, 0.9346938775510204
48.768,   2050,  200, 0.8677551020408163
48.768,   6950,  200, 0.8677551020408163
4.864,   5750,  900, 0.6081632653061224
29.184,   2050,  300, 0.8253061224489796
6.144,   8050,  800, 0.6653061224489796
20.096,   2050,  400, 0.8481632653061224
29.184,   6950,  300, 0.8253061224489796
13.952,   2050,  500, 0.7828571428571429
4.864,   8050,  900, 0.6081632653061224
9.984,   2050,  600, 0.7175510204081632
748.8,   5850,    0, 0.996734693877551
7.936,   2050,  700, 0.683265306122449
20.096,   6950,  400, 0.8481632653061224
6.144,   2050,  800, 0.6653061224489796
122.88,   5850,  100, 0.9346938775510204
4.864,   2050,  900, 0.6081632653061224
13.952,   6950,  500, 0.7828571428571429
1043.2,   8150,    0, 0.9975510204081632
275.2,   2150,    0, 0.9910204081632653
48.768,   5850,  200, 0.8677551020408163
122.88,   2150,  100, 0.9346938775510204
9.984,   6950,  600, 0.7175510204081632
29.184,   5850,  300, 0.8253061224489796
48.768,   2150,  200, 0.8677551020408163
122.88,   8150,  100, 0.9346938775510204
29.184,   2150,  300, 0.8253061224489796
20.096,   5850,  400, 0.8481632653061224
7.936,   6950,  700, 0.683265306122449
20.096,   2150,  400, 0.8481632653061224
48.768,   8150,  200, 0.8677551020408163
13.952,   2150,  500, 0.7828571428571429
13.952,   5850,  500, 0.7828571428571429
6.144,   6950,  800, 0.6653061224489796
9.984,   2150,  600, 0.7175510204081632
7.936,   2150,  700, 0.683265306122449
29.184,   8150,  300, 0.8253061224489796
9.984,   5850,  600, 0.7175510204081632
4.864,   6950,  900, 0.6081632653061224
6.144,   2150,  800, 0.6653061224489796
4.864,   2150,  900, 0.6081632653061224
7.936,   5850,  700, 0.683265306122449
20.096,   8150,  400, 0.8481632653061224
288,   2250,    0, 0.9926530612244898
6.144,   5850,  800, 0.6653061224489796
902.4,   7050,    0, 0.996734693877551
122.88,   2250,  100, 0.9346938775510204
13.952,   8150,  500, 0.7828571428571429
48.768,   2250,  200, 0.8677551020408163
4.864,   5850,  900, 0.6081632653061224
29.184,   2250,  300, 0.8253061224489796
122.88,   7050,  100, 0.9346938775510204
20.096,   2250,  400, 0.8481632653061224
9.984,   8150,  600, 0.7175510204081632
13.952,   2250,  500, 0.7828571428571429
48.768,   7050,  200, 0.8677551020408163
761.6,   5950,    0, 0.996734693877551
9.984,   2250,  600, 0.7175510204081632
7.936,   8150,  700, 0.683265306122449
7.936,   2250,  700, 0.683265306122449
122.88,   5950,  100, 0.9346938775510204
6.144,   2250,  800, 0.6653061224489796
29.184,   7050,  300, 0.8253061224489796
4.864,   2250,  900, 0.6081632653061224
6.144,   8150,  800, 0.6653061224489796
48.768,   5950,  200, 0.8677551020408163
20.096,   7050,  400, 0.8481632653061224
300.8,   2350,    0, 0.9926530612244898
29.184,   5950,  300, 0.8253061224489796
4.864,   8150,  900, 0.6081632653061224
122.88,   2350,  100, 0.9346938775510204
13.952,   7050,  500, 0.7828571428571429
48.768,   2350,  200, 0.8677551020408163
20.096,   5950,  400, 0.8481632653061224
29.184,   2350,  300, 0.8253061224489796
9.984,   7050,  600, 0.7175510204081632
20.096,   2350,  400, 0.8481632653061224
13.952,   5950,  500, 0.7828571428571429
13.952,   2350,  500, 0.7828571428571429
1056,   8250,    0, 0.9975510204081632
9.984,   2350,  600, 0.7175510204081632
7.936,   7050,  700, 0.683265306122449
9.984,   5950,  600, 0.7175510204081632
7.936,   2350,  700, 0.683265306122449
6.144,   2350,  800, 0.6653061224489796
122.88,   8250,  100, 0.9346938775510204
6.144,   7050,  800, 0.6653061224489796
7.936,   5950,  700, 0.683265306122449
4.864,   2350,  900, 0.6081632653061224
4.864,   7050,  900, 0.6081632653061224
6.144,   5950,  800, 0.6653061224489796
48.768,   8250,  200, 0.8677551020408163
313.6,   2450,    0, 0.9926530612244898
122.88,   2450,  100, 0.9346938775510204
4.864,   5950,  900, 0.6081632653061224
48.768,   2450,  200, 0.8677551020408163
29.184,   8250,  300, 0.8253061224489796
29.184,   2450,  300, 0.8253061224489796
915.2,   7150,    0, 0.996734693877551
20.096,   2450,  400, 0.8481632653061224
774.4,   6050,    0, 0.996734693877551
20.096,   8250,  400, 0.8481632653061224
13.952,   2450,  500, 0.7828571428571429
122.88,   7150,  100, 0.9346938775510204
9.984,   2450,  600, 0.7175510204081632
122.88,   6050,  100, 0.9346938775510204
13.952,   8250,  500, 0.7828571428571429
7.936,   2450,  700, 0.683265306122449
48.768,   7150,  200, 0.8677551020408163
6.144,   2450,  800, 0.6653061224489796
48.768,   6050,  200, 0.8677551020408163
4.864,   2450,  900, 0.6081632653061224
9.984,   8250,  600, 0.7175510204081632
29.184,   7150,  300, 0.8253061224489796
29.184,   6050,  300, 0.8253061224489796
326.4,   2550,    0, 0.9926530612244898
7.936,   8250,  700, 0.683265306122449
122.88,   2550,  100, 0.9346938775510204
20.096,   7150,  400, 0.8481632653061224
20.096,   6050,  400, 0.8481632653061224
48.768,   2550,  200, 0.8677551020408163
6.144,   8250,  800, 0.6653061224489796
13.952,   6050,  500, 0.7828571428571429
13.952,   7150,  500, 0.7828571428571429
29.184,   2550,  300, 0.8253061224489796
20.096,   2550,  400, 0.8481632653061224
9.984,   6050,  600, 0.7175510204081632
13.952,   2550,  500, 0.7828571428571429
9.984,   7150,  600, 0.7175510204081632
4.864,   8250,  900, 0.6081632653061224
9.984,   2550,  600, 0.7175510204081632
7.936,   6050,  700, 0.683265306122449
7.936,   2550,  700, 0.683265306122449
7.936,   7150,  700, 0.683265306122449
6.144,   2550,  800, 0.6653061224489796
6.144,   6050,  800, 0.6653061224489796
4.864,   2550,  900, 0.6081632653061224
6.144,   7150,  800, 0.6653061224489796
1068.8,   8350,    0, 0.9975510204081632
4.864,   6050,  900, 0.6081632653061224
339.2,   2650,    0, 0.9926530612244898
4.864,   7150,  900, 0.6081632653061224
122.88,   2650,  100, 0.9346938775510204
122.88,   8350,  100, 0.9346938775510204
48.768,   2650,  200, 0.8677551020408163
787.2,   6150,    0, 0.996734693877551
29.184,   2650,  300, 0.8253061224489796
48.768,   8350,  200, 0.8677551020408163
928,   7250,    0, 0.996734693877551
20.096,   2650,  400, 0.8481632653061224
122.88,   6150,  100, 0.9346938775510204
13.952,   2650,  500, 0.7828571428571429
29.184,   8350,  300, 0.8253061224489796
122.88,   7250,  100, 0.9346938775510204
9.984,   2650,  600, 0.7175510204081632
48.768,   6150,  200, 0.8677551020408163
7.936,   2650,  700, 0.683265306122449
20.096,   8350,  400, 0.8481632653061224
48.768,   7250,  200, 0.8677551020408163
6.144,   2650,  800, 0.6653061224489796
29.184,   6150,  300, 0.8253061224489796
4.864,   2650,  900, 0.6081632653061224
13.952,   8350,  500, 0.7828571428571429
29.184,   7250,  300, 0.8253061224489796
20.096,   6150,  400, 0.8481632653061224
352,   2750,    0, 0.9926530612244898
122.88,   2750,  100, 0.9346938775510204
13.952,   6150,  500, 0.7828571428571429
20.096,   7250,  400, 0.8481632653061224
9.984,   8350,  600, 0.7175510204081632
48.768,   2750,  200, 0.8677551020408163
9.984,   6150,  600, 0.7175510204081632
29.184,   2750,  300, 0.8253061224489796
13.952,   7250,  500, 0.7828571428571429
7.936,   8350,  700, 0.683265306122449
20.096,   2750,  400, 0.8481632653061224
7.936,   6150,  700, 0.683265306122449
13.952,   2750,  500, 0.7828571428571429
9.984,   7250,  600, 0.7175510204081632
6.144,   8350,  800, 0.6653061224489796
9.984,   2750,  600, 0.7175510204081632
6.144,   6150,  800, 0.6653061224489796
7.936,   2750,  700, 0.683265306122449
7.936,   7250,  700, 0.683265306122449
6.144,   2750,  800, 0.6653061224489796
4.864,   6150,  900, 0.6081632653061224
4.864,   8350,  900, 0.6081632653061224
4.864,   2750,  900, 0.6081632653061224
6.144,   7250,  800, 0.6653061224489796
364.8,   2850,    0, 0.9926530612244898
800,   6250,    0, 0.996734693877551
4.864,   7250,  900, 0.6081632653061224
122.88,   2850,  100, 0.9346938775510204
1081.6,   8450,    0, 0.9975510204081632
48.768,   2850,  200, 0.8677551020408163
122.88,   6250,  100, 0.9346938775510204
29.184,   2850,  300, 0.8253061224489796
122.88,   8450,  100, 0.9346938775510204
940.8,   7350,    0, 0.996734693877551
48.768,   6250,  200, 0.8677551020408163
20.096,   2850,  400, 0.8481632653061224
13.952,   2850,  500, 0.7828571428571429
29.184,   6250,  300, 0.8253061224489796
48.768,   8450,  200, 0.8677551020408163
122.88,   7350,  100, 0.9346938775510204
9.984,   2850,  600, 0.7175510204081632
7.936,   2850,  700, 0.683265306122449
20.096,   6250,  400, 0.8481632653061224
29.184,   8450,  300, 0.8253061224489796
48.768,   7350,  200, 0.8677551020408163
6.144,   2850,  800, 0.6653061224489796
4.864,   2850,  900, 0.6081632653061224
20.096,   7350,  400, 0.8481632653061224
29.184,   7350,  300, 0.8253061224489796
20.096,   8450,  400, 0.8481632653061224
377.6,   2950,    0, 0.9926530612244898
13.952,   7350,  500, 0.7828571428571429
122.88,   2950,  100, 0.9346938775510204
13.952,   8450,  500, 0.7828571428571429
13.952,   8750,  500, 0.7828571428571429
48.768,   2950,  200, 0.8677551020408163
9.984,   7350,  600, 0.7175510204081632
29.184,   2950,  300, 0.8253061224489796
9.984,   8450,  600, 0.7175510204081632
9.984,   8750,  600, 0.7175510204081632
20.096,   2950,  400, 0.8481632653061224
7.936,   7350,  700, 0.683265306122449
13.952,   2950,  500, 0.7828571428571429
7.936,   8450,  700, 0.683265306122449
7.936,   8750,  700, 0.683265306122449
6.144,   7350,  800, 0.6653061224489796
9.984,   2950,  600, 0.7175510204081632
7.936,   2950,  700, 0.683265306122449
6.144,   8450,  800, 0.6653061224489796
4.864,   7350,  900, 0.6081632653061224
6.144,   8750,  800, 0.6653061224489796
6.144,   2950,  800, 0.6653061224489796
4.864,   2950,  900, 0.6081632653061224
4.864,   8450,  900, 0.6081632653061224
4.864,   8750,  900, 0.6081632653061224
390.4,   3050,    0, 0.9926530612244898
953.6,   7450,    0, 0.996734693877551
122.88,   3050,  100, 0.9346938775510204
122.88,   7450,  100, 0.9346938775510204
48.768,   3050,  200, 0.8677551020408163
1094.4,   8550,    0, 0.9975510204081632
1132.8,   8850,    0, 0.9975510204081632
29.184,   3050,  300, 0.8253061224489796
48.768,   7450,  200, 0.8677551020408163
20.096,   3050,  400, 0.8481632653061224
122.88,   8550,  100, 0.9346938775510204
13.952,   3050,  500, 0.7828571428571429
122.88,   8850,  100, 0.9346938775510204
29.184,   7450,  300, 0.8253061224489796
9.984,   3050,  600, 0.7175510204081632
7.936,   3050,  700, 0.683265306122449
48.768,   8550,  200, 0.8677551020408163
20.096,   7450,  400, 0.8481632653061224
48.768,   8850,  200, 0.8677551020408163
6.144,   3050,  800, 0.6653061224489796
4.864,   3050,  900, 0.6081632653061224
29.184,   8550,  300, 0.8253061224489796
13.952,   7450,  500, 0.7828571428571429
29.184,   8850,  300, 0.8253061224489796
403.2,   3150,    0, 0.9926530612244898
20.096,   8550,  400, 0.8481632653061224
9.984,   7450,  600, 0.7175510204081632
122.88,   3150,  100, 0.9346938775510204
20.096,   8850,  400, 0.8481632653061224
48.768,   3150,  200, 0.8677551020408163
7.936,   7450,  700, 0.683265306122449
13.952,   8550,  500, 0.7828571428571429
29.184,   3150,  300, 0.8253061224489796
13.952,   8850,  500, 0.7828571428571429
20.096,   3150,  400, 0.8481632653061224
6.144,   7450,  800, 0.6653061224489796
9.984,   8550,  600, 0.7175510204081632
13.952,   3150,  500, 0.7828571428571429
9.984,   8850,  600, 0.7175510204081632
9.984,   3150,  600, 0.7175510204081632
4.864,   7450,  900, 0.6081632653061224
7.936,   8550,  700, 0.683265306122449
7.936,   3150,  700, 0.683265306122449
7.936,   8850,  700, 0.683265306122449
6.144,   3150,  800, 0.6653061224489796
7.936,   9350,  700, 0.683265306122449
6.144,   8550,  800, 0.6653061224489796
4.864,   3150,  900, 0.6081632653061224
6.144,   8850,  800, 0.6653061224489796
6.144,   9350,  800, 0.6653061224489796
416,   3250,    0, 0.9926530612244898
4.864,   8550,  900, 0.6081632653061224
122.88,   3250,  100, 0.9346938775510204
4.864,   8850,  900, 0.6081632653061224
4.864,   9350,  900, 0.6081632653061224
48.768,   3250,  200, 0.8677551020408163
29.184,   3250,  300, 0.8253061224489796
1107.2,   8650,    0, 0.9975510204081632
20.096,   3250,  400, 0.8481632653061224
1145.6,   8950,    0, 0.9983673469387755
13.952,   3250,  500, 0.7828571428571429
1209.6,   9450,    0, 0.9983673469387755
122.88,   8650,  100, 0.9346938775510204
9.984,   3250,  600, 0.7175510204081632
7.936,   3250,  700, 0.683265306122449
122.88,   8950,  100, 0.9346938775510204
48.768,   8650,  200, 0.8677551020408163
122.88,   9450,  100, 0.9346938775510204
6.144,   3250,  800, 0.6653061224489796
4.864,   3250,  900, 0.6081632653061224
48.768,   8950,  200, 0.8677551020408163
29.184,   8650,  300, 0.8253061224489796
48.768,   9450,  200, 0.8677551020408163
428.8,   3350,    0, 0.9942857142857142
29.184,   8950,  300, 0.8253061224489796
122.88,   3350,  100, 0.9346938775510204
20.096,   8650,  400, 0.8481632653061224
29.184,   9450,  300, 0.8253061224489796
48.768,   3350,  200, 0.8677551020408163
20.096,   8950,  400, 0.8481632653061224
13.952,   8650,  500, 0.7828571428571429
29.184,   3350,  300, 0.8253061224489796
20.096,   9450,  400, 0.8481632653061224
20.096,   3350,  400, 0.8481632653061224
13.952,   8950,  500, 0.7828571428571429
9.984,   8650,  600, 0.7175510204081632
13.952,   3350,  500, 0.7828571428571429
13.952,   9450,  500, 0.7828571428571429
9.984,   3350,  600, 0.7175510204081632
9.984,   8950,  600, 0.7175510204081632
7.936,   8650,  700, 0.683265306122449
7.936,   3350,  700, 0.683265306122449
9.984,   9450,  600, 0.7175510204081632
6.144,   3350,  800, 0.6653061224489796
7.936,   8950,  700, 0.683265306122449
6.144,   8650,  800, 0.6653061224489796
4.864,   3350,  900, 0.6081632653061224
7.936,   9450,  700, 0.683265306122449
441.6,   3450,    0, 0.9959183673469387
6.144,   8950,  800, 0.6653061224489796
4.864,   8650,  900, 0.6081632653061224
122.88,   3450,  100, 0.9346938775510204
6.144,   9450,  800, 0.6653061224489796
4.864,   8950,  900, 0.6081632653061224
48.768,   3450,  200, 0.8677551020408163
29.184,   3450,  300, 0.8253061224489796
4.864,   9450,  900, 0.6081632653061224
1120,   8750,    0, 0.9975510204081632
20.096,   3450,  400, 0.8481632653061224
13.952,   3450,  500, 0.7828571428571429
1158.4,   9050,    0, 0.9983673469387755
9.984,   3450,  600, 0.7175510204081632
122.88,   8750,  100, 0.9346938775510204
7.936,   3450,  700, 0.683265306122449
1222.4,   9550,    0, 0.9983673469387755
122.88,   9050,  100, 0.9346938775510204
6.144,   3450,  800, 0.6653061224489796
48.768,   8750,  200, 0.8677551020408163
4.864,   3450,  900, 0.6081632653061224
122.88,   9550,  100, 0.9346938775510204
48.768,   9050,  200, 0.8677551020408163
29.184,   8750,  300, 0.8253061224489796
454.4,   3550,    0, 0.9959183673469387
48.768,   9550,  200, 0.8677551020408163
122.88,   3550,  100, 0.9346938775510204
29.184,   9050,  300, 0.8253061224489796
20.096,   8750,  400, 0.8481632653061224
48.768,   3550,  200, 0.8677551020408163
13.952,   3750,  500, 0.7828571428571429
29.184,   9550,  300, 0.8253061224489796
29.184,   3550,  300, 0.8253061224489796
20.096,   9050,  400, 0.8481632653061224
9.984,   3750,  600, 0.7175510204081632
20.096,   3550,  400, 0.8481632653061224
7.936,   3750,  700, 0.683265306122449
20.096,   9550,  400, 0.8481632653061224
13.952,   9050,  500, 0.7828571428571429
13.952,   3550,  500, 0.7828571428571429
6.144,   3750,  800, 0.6653061224489796
9.984,   3550,  600, 0.7175510204081632
4.864,   3750,  900, 0.6081632653061224
9.984,   9050,  600, 0.7175510204081632
13.952,   9550,  500, 0.7828571428571429
7.936,   3550,  700, 0.683265306122449
6.144,   3550,  800, 0.6653061224489796
492.8,   3850,    0, 0.996734693877551
7.936,   9050,  700, 0.683265306122449
4.864,   3550,  900, 0.6081632653061224
9.984,   9550,  600, 0.7175510204081632
122.88,   3850,  100, 0.9346938775510204
467.2,   3650,    0, 0.996734693877551
48.768,   3850,  200, 0.8677551020408163
6.144,   9050,  800, 0.6653061224489796
7.936,   9550,  700, 0.683265306122449
122.88,   3650,  100, 0.9346938775510204
29.184,   3850,  300, 0.8253061224489796
4.864,   9050,  900, 0.6081632653061224
20.096,   3850,  400, 0.8481632653061224
48.768,   3650,  200, 0.8677551020408163
6.144,   9550,  800, 0.6653061224489796
29.184,   3650,  300, 0.8253061224489796
13.952,   3850,  500, 0.7828571428571429
20.096,   3650,  400, 0.8481632653061224
9.984,   3850,  600, 0.7175510204081632
4.864,   9550,  900, 0.6081632653061224
13.952,   3650,  500, 0.7828571428571429
7.936,   3850,  700, 0.683265306122449
1171.2,   9150,    0, 0.9983673469387755
9.984,   3650,  600, 0.7175510204081632
6.144,   3850,  800, 0.6653061224489796
7.936,   3650,  700, 0.683265306122449
122.88,   9150,  100, 0.9346938775510204
4.864,   3850,  900, 0.6081632653061224
6.144,   3650,  800, 0.6653061224489796
1235.2,   9650,    0, 0.9983673469387755
4.864,   3650,  900, 0.6081632653061224
505.6,   3950,    0, 0.996734693877551
48.768,   9150,  200, 0.8677551020408163
122.88,   3950,  100, 0.9346938775510204
480,   3750,    0, 0.996734693877551
122.88,   9650,  100, 0.9346938775510204
29.184,   9150,  300, 0.8253061224489796
48.768,   3950,  200, 0.8677551020408163
122.88,   3750,  100, 0.9346938775510204
29.184,   3950,  300, 0.8253061224489796
48.768,   3750,  200, 0.8677551020408163
48.768,   9650,  200, 0.8677551020408163
20.096,   9150,  400, 0.8481632653061224
20.096,   3950,  400, 0.8481632653061224
29.184,   3750,  300, 0.8253061224489796
13.952,   3950,  500, 0.7828571428571429
20.096,   3750,  400, 0.8481632653061224
13.952,   9150,  500, 0.7828571428571429
9.984,   3950,  600, 0.7175510204081632
29.184,   9650,  300, 0.8253061224489796
7.936,   3950,  700, 0.683265306122449
6.144,   9650,  800, 0.6653061224489796
9.984,   9150,  600, 0.7175510204081632
6.144,   3950,  800, 0.6653061224489796
20.096,   9650,  400, 0.8481632653061224
4.864,   3950,  900, 0.6081632653061224
4.864,   9650,  900, 0.6081632653061224
7.936,   9150,  700, 0.683265306122449
13.952,   9650,  500, 0.7828571428571429
518.4,   4050,    0, 0.996734693877551
6.144,   9150,  800, 0.6653061224489796
122.88,   4050,  100, 0.9346938775510204
9.984,   9650,  600, 0.7175510204081632
48.768,   4050,  200, 0.8677551020408163
1248,   9750,    0, 0.9983673469387755
4.864,   9150,  900, 0.6081632653061224
29.184,   4050,  300, 0.8253061224489796
7.936,   9650,  700, 0.683265306122449
20.096,   4050,  400, 0.8481632653061224
122.88,   9750,  100, 0.9346938775510204
13.952,   4050,  500, 0.7828571428571429
20.096,   9850,  400, 0.8481632653061224
1184,   9250,    0, 0.9983673469387755
9.984,   4050,  600, 0.7175510204081632
48.768,   9750,  200, 0.8677551020408163
7.936,   4050,  700, 0.683265306122449
13.952,   9850,  500, 0.7828571428571429
122.88,   9250,  100, 0.9346938775510204
6.144,   4050,  800, 0.6653061224489796
29.184,   9750,  300, 0.8253061224489796
4.864,   4050,  900, 0.6081632653061224
9.984,   9850,  600, 0.7175510204081632
48.768,   9250,  200, 0.8677551020408163
20.096,   9750,  400, 0.8481632653061224
531.2,   4150,    0, 0.996734693877551
7.936,   9850,  700, 0.683265306122449
122.88,   4150,  100, 0.9346938775510204
29.184,   9250,  300, 0.8253061224489796
13.952,   9750,  500, 0.7828571428571429
48.768,   4150,  200, 0.8677551020408163
6.144,   9850,  800, 0.6653061224489796
20.096,   9250,  400, 0.8481632653061224
29.184,   4150,  300, 0.8253061224489796
9.984,   9750,  600, 0.7175510204081632
20.096,   4150,  400, 0.8481632653061224
4.864,   9850,  900, 0.6081632653061224
13.952,   9250,  500, 0.7828571428571429
13.952,   4150,  500, 0.7828571428571429
7.936,   9750,  700, 0.683265306122449
9.984,   4150,  600, 0.7175510204081632
9.984,   9250,  600, 0.7175510204081632
6.144,   9750,  800, 0.6653061224489796
7.936,   4150,  700, 0.683265306122449
1273.6,   9950,    0, 0.9983673469387755
6.144,   4150,  800, 0.6653061224489796
7.936,   9250,  700, 0.683265306122449
4.864,   9750,  900, 0.6081632653061224
4.864,   4150,  900, 0.6081632653061224
122.88,   9950,  100, 0.9346938775510204
6.144,   9250,  800, 0.6653061224489796
544,   4250,    0, 0.996734693877551
122.88,   4250,  100, 0.9346938775510204
48.768,   9950,  200, 0.8677551020408163
4.864,   9250,  900, 0.6081632653061224
1260.8,   9850,    0, 0.9983673469387755
48.768,   4250,  200, 0.8677551020408163
29.184,   4250,  300, 0.8253061224489796
122.88,   9850,  100, 0.9346938775510204
29.184,   9950,  300, 0.8253061224489796
20.096,   4250,  400, 0.8481632653061224
1196.8,   9350,    0, 0.9983673469387755
13.952,   4250,  500, 0.7828571428571429
20.096,   9950,  400, 0.8481632653061224
48.768,   9850,  200, 0.8677551020408163
9.984,   4250,  600, 0.7175510204081632
122.88,   9350,  100, 0.9346938775510204
7.936,   4250,  700, 0.683265306122449
29.184,   9850,  300, 0.8253061224489796
13.952,   9950,  500, 0.7828571428571429
48.768,   9350,  200, 0.8677551020408163
6.144,   4250,  800, 0.6653061224489796
7.936,   4350,  700, 0.683265306122449
4.864,   4250,  900, 0.6081632653061224
9.984,   9950,  600, 0.7175510204081632
6.144,   4350,  800, 0.6653061224489796
29.184,   9350,  300, 0.8253061224489796
4.864,   4350,  900, 0.6081632653061224
556.8,   4350,    0, 0.996734693877551
7.936,   9950,  700, 0.683265306122449
122.88,   4350,  100, 0.9346938775510204
20.096,   9350,  400, 0.8481632653061224
569.6,   4450,    0, 0.996734693877551
48.768,   4350,  200, 0.8677551020408163
6.144,   9950,  800, 0.6653061224489796
122.88,   4450,  100, 0.9346938775510204
13.952,   9350,  500, 0.7828571428571429
29.184,   4350,  300, 0.8253061224489796
48.768,   4450,  200, 0.8677551020408163
4.864,   9950,  900, 0.6081632653061224
20.096,   4350,  400, 0.8481632653061224
29.184,   4450,  300, 0.8253061224489796
9.984,   9350,  600, 0.7175510204081632
6.144,   4650,  800, 0.6653061224489796
13.952,   4350,  500, 0.7828571428571429
20.096,   4450,  400, 0.8481632653061224
20.096,   4850,  400, 0.8481632653061224
4.864,   4650,  900, 0.6081632653061224
13.952,   4450,  500, 0.7828571428571429
9.984,   4350,  600, 0.7175510204081632
13.952,   4850,  500, 0.7828571428571429
9.984,   4450,  600, 0.7175510204081632
48.768,   4550,  200, 0.8677551020408163
608,   4750,    0, 0.996734693877551
9.984,   4850,  600, 0.7175510204081632
7.936,   4450,  700, 0.683265306122449
29.184,   4550,  300, 0.8253061224489796
122.88,   4750,  100, 0.9346938775510204
7.936,   4850,  700, 0.683265306122449
6.144,   4450,  800, 0.6653061224489796
20.096,   4550,  400, 0.8481632653061224
6.144,   4850,  800, 0.6653061224489796
48.768,   4750,  200, 0.8677551020408163
13.952,   4550,  500, 0.7828571428571429
4.864,   4450,  900, 0.6081632653061224
4.864,   4850,  900, 0.6081632653061224
29.184,   4750,  300, 0.8253061224489796
9.984,   4550,  600, 0.7175510204081632
20.096,   4750,  400, 0.8481632653061224
7.936,   4550,  700, 0.683265306122449
582.4,   4550,    0, 0.996734693877551
633.6,   4950,    0, 0.996734693877551
13.952,   4750,  500, 0.7828571428571429
6.144,   4550,  800, 0.6653061224489796
122.88,   4550,  100, 0.9346938775510204
122.88,   4950,  100, 0.9346938775510204
4.864,   4550,  900, 0.6081632653061224
9.984,   4750,  600, 0.7175510204081632
48.768,   4950,  200, 0.8677551020408163
9.984,   4950,  600, 0.7175510204081632
7.936,   4750,  700, 0.683265306122449
595.2,   4650,    0, 0.996734693877551
29.184,   4950,  300, 0.8253061224489796
7.936,   4950,  700, 0.683265306122449
6.144,   4750,  800, 0.6653061224489796
122.88,   4650,  100, 0.9346938775510204
20.096,   4950,  400, 0.8481632653061224
6.144,   4950,  800, 0.6653061224489796
4.864,   4750,  900, 0.6081632653061224
48.768,   4650,  200, 0.8677551020408163
13.952,   4950,  500, 0.7828571428571429
4.864,   4950,  900, 0.6081632653061224
29.184,   4650,  300, 0.8253061224489796
620.8,   4850,    0, 0.996734693877551
20.096,   4650,  400, 0.8481632653061224
9.984,   4650,  600, 0.7175510204081632
122.88,   4850,  100, 0.9346938775510204
13.952,   4650,  500, 0.7828571428571429
48.768,   4850,  200, 0.8677551020408163
7.936,   4650,  700, 0.683265306122449
29.184,   4850,  300, 0.8253061224489796
